Time,SecL,RPM,MAP,MAPxRPM,TPS,AFR,Lambda,IAT,CLT,Engine,DFCO,Gego,Gair,Gbattery,Gwarm,Gbaro,Gammae,Accel Enrich,VE _Current,VE1,VE2,PW,PW2,PW3,PW4,AFR Target,Lambda Target,Duty Cycle,Duty Cycle _Staging,TPS DOT,Advance _Current,Dwell,Dwell _Measured,Battery V,rpm/s,Error #,Error ID,Boost PSI,Boost cut,Hard Launch,Hard Limiter,Idle Control,IAC value,Idle Target RPM,Idle RPM Delta,Baro Pressure,Fan,Sync Loss #,VVT1 Angle,VVT1 Duty,Fuel Pressure,Oil Pressure,Loops/s,Loops/rev,Aux0,Aux1,Aux2,Aux3,Aux4,Aux5,Aux6,Aux7,Aux8,Aux9,Aux10,Aux11,Aux12,Aux13,Aux14,Aux15,Advance 1,Advance 2,FuelLoad,IgnitionLoad,Sync status,
0.0,196.0,1199.0,45.0,53955.0,0.0,0.0,0.0,44.0,66.0,9.0,0.0,100.0,100.0,100.0,103.0,100.0,103.0,100.0,50.0,50.0,0.0,3.02500014367979,3.02500014367979,3.02500014367979,3.02500014367979,14.70000021904707,1.0,3.0224790573120117,0.0,0.0,13.0,3.000000142492354,3.018000143347308,14.000000208616257,580.0,0.0,0.0,-7.687014102935791,0.0,0.0,0.0,1.0,61.0,1050.0,-149.0,98.0,0.0,11.0,0.0,0.0,11.0,10.0,1868.0,93.47789764404297,0.0,0.0,0.0,0.0,0.0,0.0,0.0,0.0,0.0,0.0,0.0,0.0,0.0,0.0,0.0,0.0,13.0,0.0,0.0,0.0,2.0,0
0.004999999888241291,196.0,1228.0,43.0,52804.0,0.0,0.0,0.0,44.0,66.0,9.0,0.0,100.0,100.0,100.0,103.0,100.0,103.0,100.0,50.0,50.0,0.0,2.916000138502568,2.916000138502568,2.916000138502568,2.916000138502568,14.70000021904707,1.0,2.9840400218963623,0.0,0.0,13.0,3.000000142492354,3.0080001428723335,14.000000208616257,290.0,0.0,0.0,-7.977089881896973,0.0,0.0,0.0,1.0,61.0,1050.0,-178.0,98.0,0.0,11.0,0.0,0.0,11.0,10.0,1868.0,91.27035522460938,0.0,0.0,0.0,0.0,0.0,0.0,0.0,0.0,0.0,0.0,0.0,0.0,0.0,0.0,0.0,0.0,13.0,0.0,0.0,0.0,2.0,0
0.004999999888241291,196.0,1228.0,42.0,51576.0,0.0,0.0,0.0,44.0,66.0,9.0,0.0,100.0,100.0,100.0,103.0,100.0,103.0,100.0,50.0,50.0,0.0,2.878000136697665,2.878000136697665,2.878000136697665,2.878000136697665,14.70000021904707,1.0,2.94515323638916,0.0,0.0,13.0,3.000000142492354,2.998000142397359,14.000000208616257,290.0,0.0,0.0,-8.122127532958984,0.0,0.0,0.0,1.0,61.0,1050.0,-178.0,98.0,0.0,11.0,0.0,0.0,11.0,10.0,1868.0,91.27035522460938,0.0,0.0,0.0,0.0,0.0,0.0,0.0,0.0,0.0,0.0,0.0,0.0,0.0,0.0,0.0,0.0,13.0,0.0,0.0,0.0,2.0,0
0.07100000232458115,196.0,1228.0,40.0,49120.0,0.0,0.0,0.0,44.0,66.0,9.0,0.0,100.0,100.0,100.0,103.0,100.0,103.0,100.0,50.0,50.0,0.0,2.768000131472945,2.768000131472945,2.768000131472945,2.768000131472945,14.70000021904707,1.0,2.8325867652893066,0.0,0.0,13.0,3.000000142492354,3.0150001432048157,14.100000210106373,0.0,0.0,0.0,-8.412203788757324,0.0,0.0,0.0,1.0,48.0,1050.0,-178.0,98.0,0.0,11.0,0.0,0.0,11.0,10.0,1868.0,91.27035522460938,0.0,0.0,0.0,0.0,0.0,0.0,0.0,0.0,0.0,0.0,0.0,0.0,0.0,0.0,0.0,0.0,13.0,0.0,0.0,0.0,2.0,0
0.13500000536441803,196.0,1227.0,39.0,47853.0,0.0,0.0,0.0,44.0,66.0,9.0,0.0,100.0,100.0,100.0,103.0,100.0,103.0,100.0,50.0,50.0,0.0,2.732000129763037,2.732000129763037,2.732000129763037,2.732000129763037,14.70000021904707,1.0,2.7934699058532715,0.0,0.0,13.0,3.000000142492354,3.016000143252313,14.100000210106373,-10.0,0.0,0.0,-8.557242393493652,0.0,0.0,0.0,1.0,48.0,1050.0,-177.0,98.0,0.0,11.0,0.0,0.0,11.0,10.0,1868.0,91.34474182128906,0.0,0.0,0.0,0.0,0.0,0.0,0.0,0.0,0.0,0.0,0.0,0.0,0.0,0.0,0.0,0.0,13.0,0.0,0.0,0.0,2.0,0
0.2669999897480011,196.0,1208.0,38.0,45904.0,0.0,0.0,0.0,44.0,66.0,9.0,0.0,100.0,100.0,100.0,103.0,100.0,103.0,100.0,50.0,50.0,0.0,2.6950001280056313,2.6950001280056313,2.6950001280056313,2.6950001280056313,14.70000021904707,1.0,2.7129666805267334,0.0,0.0,13.0,3.000000142492354,3.058000145247206,14.100000210106373,-10.0,0.0,0.0,-8.702280044555664,0.0,0.0,0.0,1.0,48.0,1050.0,-158.0,98.0,0.0,11.0,0.0,0.0,11.0,10.0,1868.0,92.78145599365234,0.0,0.0,0.0,0.0,0.0,0.0,0.0,0.0,0.0,0.0,0.0,0.0,0.0,0.0,0.0,0.0,13.0,0.0,0.0,0.0,2.0,0
0.3319999873638153,196.0,1208.0,38.0,45904.0,0.0,0.0,0.0,44.0,66.0,9.0,0.0,100.0,100.0,100.0,103.0,100.0,103.0,100.0,50.0,50.0,0.0,2.6950001280056313,2.6950001280056313,2.6950001280056313,2.6950001280056313,14.70000021904707,1.0,2.7129666805267334,0.0,0.0,13.0,3.000000142492354,3.0150001432048157,14.100000210106373,-190.0,0.0,0.0,-8.702280044555664,0.0,0.0,0.0,1.0,48.0,1050.0,-158.0,98.0,0.0,11.0,0.0,0.0,11.0,10.0,1868.0,92.78145599365234,0.0,0.0,0.0,0.0,0.0,0.0,0.0,0.0,0.0,0.0,0.0,0.0,0.0,0.0,0.0,0.0,13.0,0.0,0.0,0.0,2.0,0
0.3319999873638153,197.0,1183.0,38.0,44954.0,0.0,0.0,0.0,44.0,66.0,9.0,0.0,100.0,100.0,100.0,103.0,100.0,103.0,100.0,50.0,50.0,0.0,2.6950001280056313,2.6950001280056313,2.6950001280056313,2.6950001280056313,14.70000021904707,1.0,2.656820774078369,0.0,0.0,13.0,3.000000142492354,2.87600013660267,14.000000208616257,-250.0,0.0,0.0,-8.702280044555664,0.0,0.0,0.0,1.0,52.0,1050.0,-133.0,98.0,0.0,11.0,0.0,0.0,11.0,10.0,1894.0,96.06085968017578,0.0,0.0,0.0,0.0,0.0,0.0,0.0,0.0,0.0,0.0,0.0,0.0,0.0,0.0,0.0,0.0,13.0,0.0,0.0,0.0,2.0,0
0.46399998664855957,197.0,1156.0,38.0,43928.0,0.0,0.0,0.0,44.0,66.0,9.0,0.0,100.0,100.0,100.0,103.0,100.0,103.0,100.0,50.0,50.0,0.0,2.6950001280056313,2.6950001280056313,2.6950001280056313,2.6950001280056313,14.70000021904707,1.0,2.5961833000183105,0.0,0.0,13.0,3.000000142492354,3.0080001428723335,14.000000208616257,-250.0,0.0,0.0,-8.702280044555664,0.0,0.0,0.0,1.0,52.0,1050.0,-106.0,98.0,0.0,11.0,0.0,0.0,11.0,10.0,1894.0,98.30449676513672,0.0,0.0,0.0,0.0,0.0,0.0,0.0,0.0,0.0,0.0,0.0,0.0,0.0,0.0,0.0,0.0,13.0,0.0,0.0,0.0,2.0,0
0.5299999713897705,197.0,1156.0,38.0,43928.0,0.0,0.0,0.0,44.0,66.0,9.0,0.0,100.0,100.0,100.0,103.0,100.0,103.0,100.0,50.0,50.0,0.0,2.6950001280056313,2.6950001280056313,2.6950001280056313,2.6950001280056313,14.70000021904707,1.0,2.5961833000183105,0.0,0.0,13.0,3.000000142492354,3.016000143252313,14.000000208616257,-270.0,0.0,0.0,-8.702280044555664,0.0,0.0,0.0,1.0,52.0,1050.0,-106.0,98.0,0.0,11.0,0.0,0.0,11.0,10.0,1894.0,98.30449676513672,0.0,0.0,0.0,0.0,0.0,0.0,0.0,0.0,0.0,0.0,0.0,0.0,0.0,0.0,0.0,0.0,13.0,0.0,0.0,0.0,2.0,0
0.5979999899864197,197.0,1136.0,39.0,44304.0,0.0,0.0,0.0,44.0,66.0,9.0,0.0,100.0,100.0,100.0,103.0,100.0,103.0,100.0,50.0,50.0,0.0,2.732000129763037,2.732000129763037,2.732000129763037,2.732000129763037,14.70000021904707,1.0,2.5862932205200195,0.0,0.0,13.0,3.000000142492354,2.938000139547512,14.000000208616257,-200.0,0.0,0.0,-8.557242393493652,0.0,0.0,0.0,1.0,52.0,1050.0,-86.0,98.0,0.0,11.0,0.0,0.0,11.0,10.0,1894.0,100.03520965576172,0.0,0.0,0.0,0.0,0.0,0.0,0.0,0.0,0.0,0.0,0.0,0.0,0.0,0.0,0.0,0.0,13.0,0.0,0.0,0.0,2.0,0
0.5979999899864197,197.0,1129.0,39.0,44031.0,0.0,0.0,0.0,44.0,66.0,9.0,0.0,100.0,100.0,100.0,103.0,100.0,103.0,100.0,50.0,50.0,0.0,2.732000129763037,2.732000129763037,2.732000129763037,2.732000129763037,14.70000021904707,1.0,2.570356607437134,0.0,0.0,13.0,3.000000142492354,2.9730001412099227,14.000000208616257,-200.0,0.0,0.0,-8.557242393493652,0.0,0.0,0.0,1.0,52.0,1050.0,-79.0,98.0,0.0,11.0,0.0,0.0,11.0,10.0,1894.0,100.65544891357422,0.0,0.0,0.0,0.0,0.0,0.0,0.0,0.0,0.0,0.0,0.0,0.0,0.0,0.0,0.0,0.0,13.0,0.0,0.0,0.0,2.0,0
0.6650000214576721,197.0,1129.0,39.0,44031.0,0.0,0.0,0.0,44.0,66.0,9.0,0.0,100.0,100.0,100.0,103.0,100.0,103.0,100.0,50.0,50.0,0.0,2.732000129763037,2.732000129763037,2.732000129763037,2.732000129763037,14.70000021904707,1.0,2.570356607437134,0.0,0.0,13.0,3.000000142492354,3.0150001432048157,14.000000208616257,-70.0,0.0,0.0,-8.557242393493652,0.0,0.0,0.0,1.0,59.0,1050.0,-79.0,98.0,0.0,11.0,0.0,0.0,11.0,10.0,1894.0,100.65544891357422,0.0,0.0,0.0,0.0,0.0,0.0,0.0,0.0,0.0,0.0,0.0,0.0,0.0,0.0,0.0,0.0,13.0,0.0,0.0,0.0,2.0,0
0.800000011920929,197.0,1126.0,40.0,45040.0,0.0,0.0,0.0,44.0,66.0,9.0,0.0,100.0,100.0,100.0,103.0,100.0,103.0,100.0,50.0,50.0,0.0,2.768000131472945,2.768000131472945,2.768000131472945,2.768000131472945,14.70000021904707,1.0,2.597306728363037,0.0,0.0,13.0,3.000000142492354,3.0120001430623233,14.000000208616257,-30.0,0.0,0.0,-8.412203788757324,0.0,0.0,0.0,1.0,59.0,1050.0,-76.0,98.0,0.0,11.0,0.0,0.0,11.0,10.0,1894.0,100.92362213134766,0.0,0.0,0.0,0.0,0.0,0.0,0.0,0.0,0.0,0.0,0.0,0.0,0.0,0.0,0.0,0.0,13.0,0.0,0.0,0.0,2.0,0
0.8650000095367432,197.0,1126.0,41.0,46166.0,0.0,0.0,0.0,44.0,66.0,9.0,0.0,100.0,100.0,100.0,103.0,100.0,103.0,100.0,50.0,50.0,0.0,2.805000133230351,2.805000133230351,2.805000133230351,2.805000133230351,14.70000021904707,1.0,2.6320250034332275,0.0,0.0,13.0,3.000000142492354,3.0150001432048157,14.000000208616257,-30.0,0.0,0.0,-8.267166137695312,0.0,0.0,0.0,1.0,59.0,1050.0,-76.0,98.0,0.0,11.0,0.0,0.0,11.0,10.0,1894.0,100.92362213134766,0.0,0.0,0.0,0.0,0.0,0.0,0.0,0.0,0.0,0.0,0.0,0.0,0.0,0.0,0.0,0.0,13.0,0.0,0.0,0.0,2.0,0
0.8650000095367432,197.0,1124.0,41.0,46084.0,0.0,0.0,0.0,44.0,66.0,9.0,0.0,100.0,100.0,100.0,103.0,100.0,103.0,100.0,50.0,50.0,0.0,2.805000133230351,2.805000133230351,2.805000133230351,2.805000133230351,14.70000021904707,1.0,2.627350091934204,0.0,0.0,13.0,3.000000142492354,3.0210001434898004,14.000000208616257,-20.0,0.0,0.0,-8.267166137695312,0.0,0.0,0.0,1.0,59.0,1050.0,-74.0,98.0,0.0,11.0,0.0,0.0,11.0,10.0,1894.0,101.10320281982422,0.0,0.0,0.0,0.0,0.0,0.0,0.0,0.0,0.0,0.0,0.0,0.0,0.0,0.0,0.0,0.0,13.0,0.0,0.0,0.0,2.0,0
0.9319999814033508,197.0,1137.0,42.0,47754.0,0.0,0.0,0.0,44.0,66.0,9.0,0.0,100.0,100.0,100.0,103.0,100.0,103.0,100.0,50.0,50.0,0.0,2.878000136697665,2.878000136697665,2.878000136697665,2.878000136697665,14.70000021904707,1.0,2.726905107498169,0.0,0.0,13.0,3.000000142492354,3.1320001487620175,14.000000208616257,130.0,0.0,0.0,-8.122127532958984,0.0,0.0,0.0,1.0,56.0,1050.0,-87.0,98.0,0.0,11.0,0.0,0.0,11.0,10.0,1894.0,99.94722747802734,0.0,0.0,0.0,0.0,0.0,0.0,0.0,0.0,0.0,0.0,0.0,0.0,0.0,0.0,0.0,0.0,13.0,0.0,0.0,0.0,2.0,0
1.065000057220459,197.0,1137.0,42.0,47754.0,0.0,0.0,0.0,44.0,66.0,9.0,0.0,100.0,100.0,100.0,103.0,100.0,103.0,100.0,50.0,50.0,0.0,2.878000136697665,2.878000136697665,2.878000136697665,2.878000136697665,14.70000021904707,1.0,2.726905107498169,0.0,0.0,13.0,3.000000142492354,3.0170001432998106,14.000000208616257,130.0,0.0,0.0,-8.122127532958984,0.0,0.0,0.0,1.0,56.0,1050.0,-87.0,98.0,0.0,11.0,0.0,0.0,11.0,10.0,1894.0,99.94722747802734,0.0,0.0,0.0,0.0,0.0,0.0,0.0,0.0,0.0,0.0,0.0,0.0,0.0,0.0,0.0,0.0,13.0,0.0,0.0,0.0,2.0,0
1.13100004196167,197.0,1147.0,41.0,47027.0,0.0,0.0,0.0,44.0,66.0,9.0,0.0,100.0,100.0,100.0,103.0,100.0,103.0,100.0,50.0,50.0,0.0,2.805000133230351,2.805000133230351,2.805000133230351,2.805000133230351,14.70000021904707,1.0,2.68111252784729,0.0,0.0,13.0,3.000000142492354,3.0790001462446526,14.000000208616257,100.0,0.0,0.0,-8.267166137695312,0.0,0.0,0.0,1.0,56.0,1050.0,-97.0,98.0,0.0,11.0,0.0,0.0,11.0,10.0,1894.0,99.07585144042969,0.0,0.0,0.0,0.0,0.0,0.0,0.0,0.0,0.0,0.0,0.0,0.0,0.0,0.0,0.0,0.0,13.0,0.0,0.0,0.0,2.0,0
1.1970000267028809,197.0,1159.0,41.0,47519.0,0.0,0.0,0.0,44.0,66.0,9.0,0.0,100.0,100.0,100.0,103.0,100.0,103.0,100.0,50.0,50.0,0.0,2.805000133230351,2.805000133230351,2.805000133230351,2.805000133230351,14.70000021904707,1.0,2.709162473678589,0.0,0.0,13.0,3.000000142492354,3.0120001430623233,14.100000210106373,120.0,0.0,0.0,-8.267166137695312,0.0,0.0,0.0,1.0,56.0,1050.0,-109.0,98.0,0.0,11.0,0.0,0.0,11.0,10.0,1894.0,98.05004119873047,0.0,0.0,0.0,0.0,0.0,0.0,0.0,0.0,0.0,0.0,0.0,0.0,0.0,0.0,0.0,0.0,13.0,0.0,0.0,0.0,2.0,0
1.2660000324249268,197.0,1159.0,40.0,46360.0,0.0,0.0,0.0,44.0,66.0,9.0,0.0,100.0,100.0,100.0,103.0,100.0,103.0,100.0,50.0,50.0,0.0,2.768000131472945,2.768000131472945,2.768000131472945,2.768000131472945,14.70000021904707,1.0,2.673426628112793,0.0,0.0,13.0,3.000000142492354,3.0240001436322927,14.100000210106373,120.0,0.0,0.0,-8.412203788757324,0.0,0.0,0.0,1.0,56.0,1050.0,-109.0,98.0,0.0,11.0,0.0,0.0,11.0,10.0,1894.0,98.05004119873047,0.0,0.0,0.0,0.0,0.0,0.0,0.0,0.0,0.0,0.0,0.0,0.0,0.0,0.0,0.0,0.0,13.0,0.0,0.0,0.0,2.0,0
1.3320000171661377,197.0,1168.0,40.0,46720.0,0.0,0.0,0.0,44.0,66.0,9.0,0.0,100.0,100.0,100.0,103.0,100.0,103.0,100.0,50.0,50.0,0.0,2.768000131472945,2.768000131472945,2.768000131472945,2.768000131472945,14.70000021904707,1.0,2.6941866874694824,0.0,0.0,13.0,3.000000142492354,3.1540001498069614,14.100000210106373,90.0,0.0,0.0,-8.412203788757324,0.0,0.0,0.0,1.0,50.0,1050.0,-118.0,98.0,0.0,11.0,0.0,0.0,11.0,10.0,1894.0,97.29451751708984,0.0,0.0,0.0,0.0,0.0,0.0,0.0,0.0,0.0,0.0,0.0,0.0,0.0,0.0,0.0,0.0,13.0,0.0,0.0,0.0,2.0,0
1.3969999551773071,198.0,1176.0,39.0,45864.0,0.0,0.0,0.0,44.0,66.0,9.0,0.0,100.0,100.0,100.0,103.0,100.0,103.0,100.0,50.0,50.0,0.0,2.732000129763037,2.732000129763037,2.732000129763037,2.732000129763037,14.70000021904707,1.0,2.6773600578308105,0.0,0.0,13.0,3.000000142492354,2.9520001402124763,14.100000210106373,80.0,0.0,0.0,-8.557242393493652,0.0,0.0,0.0,1.0,50.0,1050.0,-126.0,98.0,0.0,11.0,0.0,0.0,11.0,10.0,1912.0,97.55101776123047,0.0,0.0,0.0,0.0,0.0,0.0,0.0,0.0,0.0,0.0,0.0,0.0,0.0,0.0,0.0,0.0,13.0,0.0,0.0,0.0,2.0,0
1.4670000076293945,198.0,1176.0,39.0,45864.0,0.0,0.0,0.0,44.0,66.0,9.0,0.0,100.0,100.0,100.0,103.0,100.0,103.0,100.0,50.0,50.0,0.0,2.732000129763037,2.732000129763037,2.732000129763037,2.732000129763037,14.70000021904707,1.0,2.6773600578308105,0.0,0.0,13.0,3.000000142492354,3.0150001432048157,14.100000210106373,80.0,0.0,0.0,-8.557242393493652,0.0,0.0,0.0,1.0,50.0,1050.0,-126.0,98.0,0.0,11.0,0.0,0.0,11.0,10.0,1912.0,97.55101776123047,0.0,0.0,0.0,0.0,0.0,0.0,0.0,0.0,0.0,0.0,0.0,0.0,0.0,0.0,0.0,0.0,13.0,0.0,0.0,0.0,2.0,0
1.5329999923706055,198.0,1168.0,38.0,44384.0,0.0,0.0,0.0,44.0,66.0,9.0,0.0,100.0,100.0,100.0,103.0,100.0,103.0,100.0,50.0,50.0,0.0,2.6950001280056313,2.6950001280056313,2.6950001280056313,2.6950001280056313,14.70000021904707,1.0,2.623133420944214,0.0,0.0,13.0,3.000000142492354,3.1060001475270838,14.100000210106373,0.0,0.0,0.0,-8.702280044555664,0.0,0.0,0.0,1.0,50.0,1050.0,-118.0,98.0,0.0,11.0,0.0,0.0,11.0,10.0,1912.0,98.21917724609375,0.0,0.0,0.0,0.0,0.0,0.0,0.0,0.0,0.0,0.0,0.0,0.0,0.0,0.0,0.0,0.0,13.0,0.0,0.0,0.0,2.0,0
1.5989999771118164,198.0,1162.0,38.0,44156.0,0.0,0.0,0.0,44.0,66.0,9.0,0.0,100.0,100.0,100.0,103.0,100.0,103.0,100.0,50.0,50.0,0.0,2.6950001280056313,2.6950001280056313,2.6950001280056313,2.6950001280056313,14.70000021904707,1.0,2.6096582412719727,0.0,0.0,13.0,3.000000142492354,3.0170001432998106,14.100000210106373,-80.0,0.0,0.0,-8.702280044555664,0.0,0.0,0.0,1.0,49.0,1050.0,-112.0,98.0,0.0,11.0,0.0,0.0,11.0,10.0,1912.0,98.72633361816406,0.0,0.0,0.0,0.0,0.0,0.0,0.0,0.0,0.0,0.0,0.0,0.0,0.0,0.0,0.0,0.0,13.0,0.0,0.0,0.0,2.0,0
1.5989999771118164,198.0,1162.0,38.0,44156.0,0.0,0.0,0.0,44.0,66.0,9.0,0.0,100.0,100.0,100.0,103.0,100.0,103.0,100.0,50.0,50.0,0.0,2.6950001280056313,2.6950001280056313,2.6950001280056313,2.6950001280056313,14.70000021904707,1.0,2.6096582412719727,0.0,0.0,13.0,3.000000142492354,3.027000143774785,14.000000208616257,-80.0,0.0,0.0,-8.702280044555664,0.0,0.0,0.0,1.0,49.0,1050.0,-112.0,98.0,0.0,11.0,0.0,0.0,11.0,10.0,1912.0,98.72633361816406,0.0,0.0,0.0,0.0,0.0,0.0,0.0,0.0,0.0,0.0,0.0,0.0,0.0,0.0,0.0,0.0,13.0,0.0,0.0,0.0,2.0,0
1.7319999933242798,198.0,1155.0,38.0,43890.0,0.0,0.0,0.0,44.0,66.0,9.0,0.0,100.0,100.0,100.0,103.0,100.0,103.0,100.0,50.0,50.0,0.0,2.6950001280056313,2.6950001280056313,2.6950001280056313,2.6950001280056313,14.70000021904707,1.0,2.593937397003174,0.0,0.0,13.0,3.000000142492354,3.062000145437196,14.000000208616257,-60.0,0.0,0.0,-8.702280044555664,0.0,0.0,0.0,1.0,49.0,1050.0,-105.0,98.0,0.0,11.0,0.0,0.0,11.0,10.0,1912.0,99.32467651367188,0.0,0.0,0.0,0.0,0.0,0.0,0.0,0.0,0.0,0.0,0.0,0.0,0.0,0.0,0.0,0.0,13.0,0.0,0.0,0.0,2.0,0
1.7979999780654907,198.0,1155.0,38.0,43890.0,0.0,0.0,0.0,44.0,66.0,9.0,0.0,100.0,100.0,100.0,103.0,100.0,103.0,100.0,50.0,50.0,0.0,2.6950001280056313,2.6950001280056313,2.6950001280056313,2.6950001280056313,14.70000021904707,1.0,2.593937397003174,0.0,0.0,13.0,3.000000142492354,3.016000143252313,14.000000208616257,-70.0,0.0,0.0,-8.702280044555664,0.0,0.0,0.0,1.0,49.0,1050.0,-105.0,98.0,0.0,11.0,0.0,0.0,11.0,10.0,1912.0,99.32467651367188,0.0,0.0,0.0,0.0,0.0,0.0,0.0,0.0,0.0,0.0,0.0,0.0,0.0,0.0,0.0,0.0,13.0,0.0,0.0,0.0,2.0,0
1.8650000095367432,198.0,1139.0,38.0,43282.0,0.0,0.0,0.0,44.0,66.0,9.0,0.0,100.0,100.0,100.0,103.0,100.0,103.0,100.0,50.0,50.0,0.0,2.6950001280056313,2.6950001280056313,2.6950001280056313,2.6950001280056313,14.70000021904707,1.0,2.558004140853882,0.0,0.0,13.0,3.000000142492354,3.0810001463396475,14.000000208616257,-70.0,0.0,0.0,-8.702280044555664,0.0,0.0,0.0,1.0,49.0,1050.0,-89.0,98.0,0.0,11.0,0.0,0.0,11.0,10.0,1912.0,100.71993255615234,0.0,0.0,0.0,0.0,0.0,0.0,0.0,0.0,0.0,0.0,0.0,0.0,0.0,0.0,0.0,0.0,13.0,0.0,0.0,0.0,2.0,0
1.9299999475479126,198.0,1131.0,38.0,42978.0,0.0,0.0,0.0,44.0,66.0,9.0,0.0,100.0,100.0,100.0,103.0,100.0,103.0,100.0,50.0,50.0,0.0,2.6950001280056313,2.6950001280056313,2.6950001280056313,2.6950001280056313,14.70000021904707,1.0,2.5400373935699463,0.0,0.0,13.0,3.000000142492354,2.9660001408774406,14.000000208616257,-160.0,0.0,0.0,-8.702280044555664,0.0,0.0,0.0,1.0,52.0,1050.0,-81.0,98.0,0.0,11.0,0.0,0.0,11.0,10.0,1912.0,101.43235778808594,0.0,0.0,0.0,0.0,0.0,0.0,0.0,0.0,0.0,0.0,0.0,0.0,0.0,0.0,0.0,0.0,13.0,0.0,0.0,0.0,2.0,0
1.9989999532699585,198.0,1131.0,39.0,44109.0,0.0,0.0,0.0,44.0,66.0,9.0,0.0,100.0,100.0,100.0,103.0,100.0,103.0,100.0,50.0,50.0,0.0,2.732000129763037,2.732000129763037,2.732000129763037,2.732000129763037,14.70000021904707,1.0,2.5749099254608154,0.0,0.0,13.0,3.000000142492354,3.0150001432048157,14.000000208616257,-80.0,0.0,0.0,-8.557242393493652,0.0,0.0,0.0,1.0,52.0,1050.0,-81.0,98.0,0.0,11.0,0.0,0.0,11.0,10.0,1912.0,101.43235778808594,0.0,0.0,0.0,0.0,0.0,0.0,0.0,0.0,0.0,0.0,0.0,0.0,0.0,0.0,0.0,0.0,13.0,0.0,0.0,0.0,2.0,0
2.065000057220459,198.0,1122.0,39.0,43758.0,0.0,0.0,0.0,44.0,66.0,9.0,0.0,100.0,100.0,100.0,103.0,100.0,103.0,100.0,50.0,50.0,0.0,2.732000129763037,2.732000129763037,2.732000129763037,2.732000129763037,14.70000021904707,1.0,2.554419994354248,0.0,0.0,13.0,3.000000142492354,2.9240001388825476,14.000000208616257,-80.0,0.0,0.0,-8.557242393493652,0.0,0.0,0.0,1.0,52.0,1050.0,-72.0,98.0,0.0,11.0,0.0,0.0,11.0,10.0,1912.0,102.24598693847656,0.0,0.0,0.0,0.0,0.0,0.0,0.0,0.0,0.0,0.0,0.0,0.0,0.0,0.0,0.0,0.0,13.0,0.0,0.0,0.0,2.0,0
2.130000114440918,198.0,1120.0,39.0,43680.0,0.0,0.0,0.0,44.0,66.0,9.0,0.0,100.0,100.0,100.0,103.0,100.0,103.0,100.0,50.0,50.0,0.0,2.732000129763037,2.732000129763037,2.732000129763037,2.732000129763037,14.70000021904707,1.0,2.5498666763305664,0.0,0.0,13.0,3.000000142492354,3.0080001428723335,14.000000208616257,-90.0,0.0,0.0,-8.557242393493652,0.0,0.0,0.0,1.0,52.0,1050.0,-70.0,98.0,0.0,11.0,0.0,0.0,11.0,10.0,1912.0,102.42857360839844,0.0,0.0,0.0,0.0,0.0,0.0,0.0,0.0,0.0,0.0,0.0,0.0,0.0,0.0,0.0,0.0,13.0,0.0,0.0,0.0,2.0,0
2.200000047683716,198.0,1120.0,39.0,43680.0,0.0,0.0,0.0,44.0,66.0,9.0,0.0,100.0,100.0,100.0,103.0,100.0,103.0,100.0,50.0,50.0,0.0,2.732000129763037,2.732000129763037,2.732000129763037,2.732000129763037,14.70000021904707,1.0,2.5498666763305664,0.0,0.0,13.0,3.000000142492354,3.016000143252313,14.000000208616257,-90.0,0.0,0.0,-8.557242393493652,0.0,0.0,0.0,1.0,52.0,1050.0,-70.0,98.0,0.0,11.0,0.0,0.0,11.0,10.0,1912.0,102.42857360839844,0.0,0.0,0.0,0.0,0.0,0.0,0.0,0.0,0.0,0.0,0.0,0.0,0.0,0.0,0.0,0.0,13.0,0.0,0.0,0.0,2.0,0
2.265000104904175,198.0,1118.0,39.0,43602.0,0.0,0.0,0.0,44.0,66.0,9.0,0.0,100.0,100.0,100.0,103.0,100.0,103.0,100.0,50.0,50.0,0.0,2.732000129763037,2.732000129763037,2.732000129763037,2.732000129763037,14.70000021904707,1.0,2.5453133583068848,0.0,0.0,13.0,3.000000142492354,2.9480001400224864,14.000000208616257,-20.0,0.0,0.0,-8.557242393493652,0.0,0.0,0.0,1.0,53.0,1050.0,-68.0,98.0,0.0,11.0,0.0,0.0,11.0,10.0,1912.0,102.61180877685547,0.0,0.0,0.0,0.0,0.0,0.0,0.0,0.0,0.0,0.0,0.0,0.0,0.0,0.0,0.0,0.0,13.0,0.0,0.0,0.0,2.0,0
2.3320000171661377,198.0,1118.0,39.0,43602.0,0.0,0.0,0.0,44.0,66.0,9.0,0.0,100.0,100.0,100.0,103.0,100.0,103.0,100.0,50.0,50.0,0.0,2.732000129763037,2.732000129763037,2.732000129763037,2.732000129763037,14.70000021904707,1.0,2.5453133583068848,0.0,0.0,13.0,3.000000142492354,3.0150001432048157,14.000000208616257,-20.0,0.0,0.0,-8.557242393493652,0.0,0.0,0.0,1.0,53.0,1050.0,-68.0,98.0,0.0,11.0,0.0,0.0,11.0,10.0,1912.0,102.61180877685547,0.0,0.0,0.0,0.0,0.0,0.0,0.0,0.0,0.0,0.0,0.0,0.0,0.0,0.0,0.0,0.0,13.0,0.0,0.0,0.0,2.0,0
2.4000000953674316,198.0,1111.0,39.0,43329.0,0.0,0.0,0.0,44.0,66.0,9.0,0.0,100.0,100.0,100.0,103.0,100.0,103.0,100.0,50.0,50.0,0.0,2.732000129763037,2.732000129763037,2.732000129763037,2.732000129763037,14.70000021904707,1.0,2.529376745223999,0.0,0.0,13.0,3.000000142492354,3.0450001446297392,14.000000208616257,-20.0,0.0,0.0,-8.557242393493652,0.0,0.0,0.0,1.0,53.0,1050.0,-61.0,98.0,0.0,11.0,0.0,0.0,11.0,10.0,1912.0,103.2583236694336,0.0,0.0,0.0,0.0,0.0,0.0,0.0,0.0,0.0,0.0,0.0,0.0,0.0,0.0,0.0,0.0,13.0,0.0,0.0,0.0,2.0,0
2.4670000076293945,199.0,1117.0,40.0,44680.0,0.0,0.0,0.0,44.0,66.0,9.0,0.0,100.0,100.0,100.0,103.0,100.0,103.0,100.0,50.0,50.0,0.0,2.768000131472945,2.768000131472945,2.768000131472945,2.768000131472945,14.70000021904707,1.0,2.5765466690063477,0.0,0.0,13.0,3.000000142492354,3.0080001428723335,14.000000208616257,-70.0,0.0,0.0,-8.412203788757324,0.0,0.0,0.0,1.0,53.0,1050.0,-67.0,98.0,0.0,11.0,0.0,0.0,11.0,10.0,1905.0,102.3276596069336,0.0,0.0,0.0,0.0,0.0,0.0,0.0,0.0,0.0,0.0,0.0,0.0,0.0,0.0,0.0,0.0,13.0,0.0,0.0,0.0,2.0,0
2.5309998989105225,199.0,1117.0,40.0,44680.0,0.0,0.0,0.0,44.0,66.0,9.0,0.0,100.0,100.0,100.0,103.0,100.0,103.0,100.0,50.0,50.0,0.0,2.768000131472945,2.768000131472945,2.768000131472945,2.768000131472945,14.70000021904707,1.0,2.5765466690063477,0.0,0.0,13.0,3.000000142492354,3.0150001432048157,14.000000208616257,60.0,0.0,0.0,-8.412203788757324,0.0,0.0,0.0,1.0,53.0,1050.0,-67.0,98.0,0.0,11.0,0.0,0.0,11.0,10.0,1905.0,102.3276596069336,0.0,0.0,0.0,0.0,0.0,0.0,0.0,0.0,0.0,0.0,0.0,0.0,0.0,0.0,0.0,0.0,13.0,0.0,0.0,0.0,2.0,0
2.5980000495910645,199.0,1113.0,40.0,44520.0,0.0,0.0,0.0,44.0,66.0,9.0,0.0,100.0,100.0,100.0,103.0,100.0,103.0,100.0,50.0,50.0,0.0,2.768000131472945,2.768000131472945,2.768000131472945,2.768000131472945,14.70000021904707,1.0,2.5673201084136963,0.0,0.0,13.0,3.000000142492354,3.0210001434898004,14.000000208616257,60.0,0.0,0.0,-8.412203788757324,0.0,0.0,0.0,1.0,53.0,1050.0,-63.0,98.0,0.0,11.0,0.0,0.0,11.0,10.0,1905.0,102.69541931152344,0.0,0.0,0.0,0.0,0.0,0.0,0.0,0.0,0.0,0.0,0.0,0.0,0.0,0.0,0.0,0.0,13.0,0.0,0.0,0.0,2.0,0
2.6670000553131104,199.0,1124.0,40.0,44960.0,0.0,0.0,0.0,44.0,66.0,9.0,0.0,100.0,100.0,100.0,103.0,100.0,103.0,100.0,50.0,50.0,0.0,2.768000131472945,2.768000131472945,2.768000131472945,2.768000131472945,14.70000021904707,1.0,2.592693328857422,0.0,0.0,13.0,3.000000142492354,3.016000143252313,14.000000208616257,-40.0,0.0,0.0,-8.412203788757324,0.0,0.0,0.0,1.0,53.0,1050.0,-74.0,98.0,0.0,11.0,0.0,0.0,11.0,10.0,1905.0,101.69039154052734,0.0,0.0,0.0,0.0,0.0,0.0,0.0,0.0,0.0,0.0,0.0,0.0,0.0,0.0,0.0,0.0,13.0,0.0,0.0,0.0,2.0,0
2.7330000400543213,199.0,1124.0,40.0,44960.0,0.0,0.0,0.0,44.0,66.0,9.0,0.0,100.0,100.0,100.0,103.0,100.0,103.0,100.0,50.0,50.0,0.0,2.768000131472945,2.768000131472945,2.768000131472945,2.768000131472945,14.70000021904707,1.0,2.592693328857422,0.0,0.0,13.0,3.000000142492354,3.011000143014826,14.000000208616257,110.0,0.0,0.0,-8.412203788757324,0.0,0.0,0.0,1.0,53.0,1050.0,-74.0,98.0,0.0,11.0,0.0,0.0,11.0,10.0,1905.0,101.69039154052734,0.0,0.0,0.0,0.0,0.0,0.0,0.0,0.0,0.0,0.0,0.0,0.0,0.0,0.0,0.0,0.0,13.0,0.0,0.0,0.0,2.0,0
2.7980000972747803,199.0,1124.0,40.0,44960.0,0.0,0.0,0.0,44.0,66.0,9.0,0.0,100.0,100.0,100.0,103.0,100.0,103.0,100.0,50.0,50.0,0.0,2.768000131472945,2.768000131472945,2.768000131472945,2.768000131472945,14.70000021904707,1.0,2.592693328857422,0.0,0.0,13.0,3.000000142492354,2.9730001412099227,14.000000208616257,110.0,0.0,0.0,-8.412203788757324,0.0,0.0,0.0,1.0,53.0,1050.0,-74.0,98.0,0.0,11.0,0.0,0.0,11.0,10.0,1905.0,101.69039154052734,0.0,0.0,0.0,0.0,0.0,0.0,0.0,0.0,0.0,0.0,0.0,0.0,0.0,0.0,0.0,0.0,13.0,0.0,0.0,0.0,2.0,0
2.86299991607666,199.0,1124.0,40.0,44960.0,0.0,0.0,0.0,44.0,66.0,9.0,0.0,100.0,100.0,100.0,103.0,100.0,103.0,100.0,50.0,50.0,0.0,2.768000131472945,2.768000131472945,2.768000131472945,2.768000131472945,14.70000021904707,1.0,2.592693328857422,0.0,0.0,13.0,3.000000142492354,3.0170001432998106,14.000000208616257,0.0,0.0,0.0,-8.412203788757324,0.0,0.0,0.0,1.0,51.0,1050.0,-74.0,98.0,0.0,11.0,0.0,0.0,11.0,10.0,1905.0,101.69039154052734,0.0,0.0,0.0,0.0,0.0,0.0,0.0,0.0,0.0,0.0,0.0,0.0,0.0,0.0,0.0,0.0,13.0,0.0,0.0,0.0,2.0,0
2.928999900817871,199.0,1125.0,39.0,43875.0,0.0,0.0,0.0,44.0,66.0,9.0,0.0,100.0,100.0,100.0,103.0,100.0,103.0,100.0,50.0,50.0,0.0,2.732000129763037,2.732000129763037,2.732000129763037,2.732000129763037,14.70000021904707,1.0,2.5612499713897705,0.0,0.0,13.0,3.000000142492354,3.0590001452947035,14.000000208616257,10.0,0.0,0.0,-8.557242393493652,0.0,0.0,0.0,1.0,51.0,1050.0,-75.0,98.0,0.0,11.0,0.0,0.0,11.0,10.0,1905.0,101.5999984741211,0.0,0.0,0.0,0.0,0.0,0.0,0.0,0.0,0.0,0.0,0.0,0.0,0.0,0.0,0.0,0.0,13.0,0.0,0.0,0.0,2.0,0
2.997999906539917,199.0,1129.0,39.0,44031.0,0.0,0.0,0.0,44.0,66.0,9.0,0.0,100.0,100.0,100.0,103.0,100.0,103.0,100.0,50.0,50.0,0.0,2.732000129763037,2.732000129763037,2.732000129763037,2.732000129763037,14.70000021904707,1.0,2.570356607437134,0.0,0.0,13.0,3.000000142492354,2.8570001357002184,14.000000208616257,10.0,0.0,0.0,-8.557242393493652,0.0,0.0,0.0,1.0,51.0,1050.0,-79.0,98.0,0.0,11.0,0.0,0.0,11.0,10.0,1905.0,101.24003601074219,0.0,0.0,0.0,0.0,0.0,0.0,0.0,0.0,0.0,0.0,0.0,0.0,0.0,0.0,0.0,0.0,13.0,0.0,0.0,0.0,2.0,0
3.063999891281128,199.0,1129.0,39.0,44031.0,0.0,0.0,0.0,44.0,66.0,9.0,0.0,100.0,100.0,100.0,103.0,100.0,103.0,100.0,50.0,50.0,0.0,2.732000129763037,2.732000129763037,2.732000129763037,2.732000129763037,14.70000021904707,1.0,2.570356607437134,0.0,0.0,13.0,3.000000142492354,3.0100001429673284,14.000000208616257,40.0,0.0,0.0,-8.557242393493652,0.0,0.0,0.0,1.0,51.0,1050.0,-79.0,98.0,0.0,11.0,0.0,0.0,11.0,10.0,1905.0,101.24003601074219,0.0,0.0,0.0,0.0,0.0,0.0,0.0,0.0,0.0,0.0,0.0,0.0,0.0,0.0,0.0,0.0,13.0,0.0,0.0,0.0,2.0,0
3.134000062942505,199.0,1109.0,39.0,43251.0,0.0,0.0,0.0,44.0,66.0,9.0,0.0,100.0,100.0,100.0,103.0,100.0,103.0,100.0,50.0,50.0,0.0,2.732000129763037,2.732000129763037,2.732000129763037,2.732000129763037,14.70000021904707,1.0,2.5248234272003174,0.0,0.0,13.0,3.000000142492354,3.022000143537298,14.000000208616257,-200.0,0.0,0.0,-8.557242393493652,0.0,0.0,0.0,1.0,52.0,1050.0,-59.0,98.0,0.0,11.0,0.0,0.0,11.0,10.0,1905.0,103.06582641601562,0.0,0.0,0.0,0.0,0.0,0.0,0.0,0.0,0.0,0.0,0.0,0.0,0.0,0.0,0.0,0.0,13.0,0.0,0.0,0.0,2.0,0
3.1989998817443848,199.0,1110.0,39.0,43290.0,0.0,0.0,0.0,44.0,66.0,9.0,0.0,100.0,100.0,100.0,103.0,100.0,103.0,100.0,50.0,50.0,0.0,2.732000129763037,2.732000129763037,2.732000129763037,2.732000129763037,14.70000021904707,1.0,2.527100086212158,0.0,0.0,13.0,3.000000142492354,3.016000143252313,14.000000208616257,-200.0,0.0,0.0,-8.557242393493652,0.0,0.0,0.0,1.0,52.0,1050.0,-60.0,98.0,0.0,11.0,0.0,0.0,11.0,10.0,1905.0,102.97297668457031,0.0,0.0,0.0,0.0,0.0,0.0,0.0,0.0,0.0,0.0,0.0,0.0,0.0,0.0,0.0,0.0,13.0,0.0,0.0,0.0,2.0,0
3.265000104904175,199.0,1110.0,39.0,43290.0,0.0,0.0,0.0,44.0,66.0,9.0,0.0,100.0,100.0,100.0,103.0,100.0,103.0,100.0,50.0,50.0,0.0,2.732000129763037,2.732000129763037,2.732000129763037,2.732000129763037,14.70000021904707,1.0,2.527100086212158,0.0,0.0,13.0,3.000000142492354,3.0190001433948055,14.000000208616257,10.0,0.0,0.0,-8.557242393493652,0.0,0.0,0.0,1.0,52.0,1050.0,-60.0,98.0,0.0,11.0,0.0,0.0,11.0,10.0,1905.0,102.97297668457031,0.0,0.0,0.0,0.0,0.0,0.0,0.0,0.0,0.0,0.0,0.0,0.0,0.0,0.0,0.0,0.0,13.0,0.0,0.0,0.0,2.0,0
3.3340001106262207,199.0,1113.0,39.0,43407.0,0.0,0.0,0.0,44.0,66.0,9.0,0.0,100.0,100.0,100.0,103.0,100.0,103.0,100.0,50.0,50.0,0.0,2.732000129763037,2.732000129763037,2.732000129763037,2.732000129763037,14.70000021904707,1.0,2.5339300632476807,0.0,0.0,13.0,3.000000142492354,2.9480001400224864,14.000000208616257,30.0,0.0,0.0,-8.557242393493652,0.0,0.0,0.0,1.0,52.0,1050.0,-63.0,98.0,0.0,11.0,0.0,0.0,11.0,10.0,1905.0,102.69541931152344,0.0,0.0,0.0,0.0,0.0,0.0,0.0,0.0,0.0,0.0,0.0,0.0,0.0,0.0,0.0,0.0,13.0,0.0,0.0,0.0,2.0,0
3.4000000953674316,199.0,1113.0,39.0,43407.0,0.0,0.0,0.0,44.0,66.0,9.0,0.0,100.0,100.0,100.0,103.0,100.0,103.0,100.0,50.0,50.0,0.0,2.732000129763037,2.732000129763037,2.732000129763037,2.732000129763037,14.70000021904707,1.0,2.5339300632476807,0.0,0.0,13.0,3.000000142492354,3.016000143252313,14.000000208616257,30.0,0.0,0.0,-8.557242393493652,0.0,0.0,0.0,1.0,52.0,1050.0,-63.0,98.0,0.0,11.0,0.0,0.0,11.0,10.0,1905.0,102.69541931152344,0.0,0.0,0.0,0.0,0.0,0.0,0.0,0.0,0.0,0.0,0.0,0.0,0.0,0.0,0.0,0.0,13.0,0.0,0.0,0.0,2.0,0
3.4670000076293945,200.0,1113.0,39.0,43407.0,0.0,0.0,0.0,44.0,66.0,9.0,0.0,100.0,100.0,100.0,103.0,100.0,103.0,100.0,50.0,50.0,0.0,2.732000129763037,2.732000129763037,2.732000129763037,2.732000129763037,14.70000021904707,1.0,2.5339300632476807,0.0,0.0,13.0,3.000000142492354,2.9790001414949074,14.000000208616257,0.0,0.0,0.0,-8.557242393493652,0.0,0.0,0.0,1.0,50.0,1050.0,-63.0,98.0,0.0,11.0,0.0,0.0,11.0,10.0,1912.0,103.0727767944336,0.0,0.0,0.0,0.0,0.0,0.0,0.0,0.0,0.0,0.0,0.0,0.0,0.0,0.0,0.0,0.0,13.0,0.0,0.0,0.0,2.0,0
3.5309998989105225,200.0,1114.0,39.0,43446.0,0.0,0.0,0.0,44.0,66.0,9.0,0.0,100.0,100.0,100.0,103.0,100.0,103.0,100.0,50.0,50.0,0.0,2.732000129763037,2.732000129763037,2.732000129763037,2.732000129763037,14.70000021904707,1.0,2.5362067222595215,0.0,0.0,13.0,3.000000142492354,2.881000136840157,14.000000208616257,10.0,0.0,0.0,-8.557242393493652,0.0,0.0,0.0,1.0,50.0,1050.0,-64.0,98.0,0.0,11.0,0.0,0.0,11.0,10.0,1912.0,102.98025512695312,0.0,0.0,0.0,0.0,0.0,0.0,0.0,0.0,0.0,0.0,0.0,0.0,0.0,0.0,0.0,0.0,13.0,0.0,0.0,0.0,2.0,0
3.5959999561309814,200.0,1114.0,39.0,43446.0,0.0,0.0,0.0,44.0,66.0,9.0,0.0,100.0,100.0,100.0,103.0,100.0,103.0,100.0,50.0,50.0,0.0,2.732000129763037,2.732000129763037,2.732000129763037,2.732000129763037,14.70000021904707,1.0,2.5362067222595215,0.0,0.0,13.0,3.000000142492354,3.0140001431573182,14.000000208616257,10.0,0.0,0.0,-8.557242393493652,0.0,0.0,0.0,1.0,50.0,1050.0,-64.0,98.0,0.0,11.0,0.0,0.0,11.0,10.0,1912.0,102.98025512695312,0.0,0.0,0.0,0.0,0.0,0.0,0.0,0.0,0.0,0.0,0.0,0.0,0.0,0.0,0.0,0.0,13.0,0.0,0.0,0.0,2.0,0
3.6630001068115234,200.0,1121.0,39.0,43719.0,0.0,0.0,0.0,44.0,66.0,9.0,0.0,100.0,100.0,100.0,103.0,100.0,103.0,100.0,50.0,50.0,0.0,2.732000129763037,2.732000129763037,2.732000129763037,2.732000129763037,14.70000021904707,1.0,2.5521433353424072,0.0,0.0,13.0,3.000000142492354,3.0240001436322927,14.000000208616257,0.0,0.0,0.0,-8.557242393493652,0.0,0.0,0.0,1.0,50.0,1050.0,-71.0,98.0,0.0,11.0,0.0,0.0,11.0,10.0,1912.0,102.33719635009766,0.0,0.0,0.0,0.0,0.0,0.0,0.0,0.0,0.0,0.0,0.0,0.0,0.0,0.0,0.0,0.0,13.0,0.0,0.0,0.0,2.0,0
3.7309999465942383,200.0,1121.0,39.0,43719.0,0.0,0.0,0.0,44.0,66.0,9.0,0.0,100.0,100.0,100.0,103.0,100.0,103.0,100.0,50.0,50.0,0.0,2.732000129763037,2.732000129763037,2.732000129763037,2.732000129763037,14.70000021904707,1.0,2.5521433353424072,0.0,0.0,13.0,3.000000142492354,3.016000143252313,13.90000020712614,70.0,0.0,0.0,-8.557242393493652,0.0,0.0,0.0,1.0,48.0,1050.0,-71.0,98.0,0.0,11.0,0.0,0.0,11.0,10.0,1912.0,102.33719635009766,0.0,0.0,0.0,0.0,0.0,0.0,0.0,0.0,0.0,0.0,0.0,0.0,0.0,0.0,0.0,0.0,13.0,0.0,0.0,0.0,2.0,0
3.796999931335449,200.0,1120.0,39.0,43680.0,0.0,0.0,0.0,44.0,66.0,9.0,0.0,100.0,100.0,100.0,103.0,100.0,103.0,100.0,50.0,50.0,0.0,2.732000129763037,2.732000129763037,2.732000129763037,2.732000129763037,14.70000021904707,1.0,2.5498666763305664,0.0,0.0,13.0,3.000000142492354,3.0260001437272877,13.90000020712614,70.0,0.0,0.0,-8.557242393493652,0.0,0.0,0.0,1.0,48.0,1050.0,-70.0,98.0,0.0,11.0,0.0,0.0,11.0,10.0,1912.0,102.42857360839844,0.0,0.0,0.0,0.0,0.0,0.0,0.0,0.0,0.0,0.0,0.0,0.0,0.0,0.0,0.0,0.0,13.0,0.0,0.0,0.0,2.0,0
3.86299991607666,200.0,1116.0,39.0,43524.0,0.0,0.0,0.0,44.0,66.0,9.0,0.0,100.0,100.0,100.0,103.0,100.0,103.0,100.0,50.0,50.0,0.0,2.732000129763037,2.732000129763037,2.732000129763037,2.732000129763037,14.70000021904707,1.0,2.540760040283203,0.0,0.0,13.0,3.000000142492354,3.107000147574581,13.90000020712614,-10.0,0.0,0.0,-8.557242393493652,0.0,0.0,0.0,1.0,48.0,1050.0,-66.0,98.0,0.0,11.0,0.0,0.0,11.0,10.0,1912.0,102.79570007324219,0.0,0.0,0.0,0.0,0.0,0.0,0.0,0.0,0.0,0.0,0.0,0.0,0.0,0.0,0.0,0.0,13.0,0.0,0.0,0.0,2.0,0
3.931999921798706,200.0,1116.0,39.0,43524.0,0.0,0.0,0.0,44.0,66.0,9.0,0.0,100.0,100.0,100.0,103.0,100.0,103.0,100.0,50.0,50.0,0.0,2.732000129763037,2.732000129763037,2.732000129763037,2.732000129763037,14.70000021904707,1.0,2.540760040283203,0.0,0.0,13.0,3.000000142492354,3.0150001432048157,13.90000020712614,-40.0,0.0,0.0,-8.557242393493652,0.0,0.0,0.0,1.0,48.0,1050.0,-66.0,98.0,0.0,11.0,0.0,0.0,11.0,10.0,1912.0,102.79570007324219,0.0,0.0,0.0,0.0,0.0,0.0,0.0,0.0,0.0,0.0,0.0,0.0,0.0,0.0,0.0,0.0,13.0,0.0,0.0,0.0,2.0,0
3.997999906539917,200.0,1106.0,39.0,43134.0,0.0,0.0,0.0,44.0,66.0,9.0,0.0,100.0,100.0,100.0,103.0,100.0,103.0,100.0,50.0,50.0,0.0,2.732000129763037,2.732000129763037,2.732000129763037,2.732000129763037,14.70000021904707,1.0,2.517993450164795,0.0,0.0,13.0,3.000000142492354,3.1720001506619155,13.90000020712614,-40.0,0.0,0.0,-8.557242393493652,0.0,0.0,0.0,1.0,48.0,1050.0,-56.0,98.0,0.0,11.0,0.0,0.0,11.0,10.0,1912.0,103.72513580322266,0.0,0.0,0.0,0.0,0.0,0.0,0.0,0.0,0.0,0.0,0.0,0.0,0.0,0.0,0.0,0.0,13.0,0.0,0.0,0.0,2.0,0
4.064000129699707,200.0,1102.0,39.0,42978.0,0.0,0.0,0.0,44.0,66.0,9.0,0.0,100.0,100.0,100.0,103.0,100.0,103.0,100.0,50.0,50.0,0.0,2.732000129763037,2.732000129763037,2.732000129763037,2.732000129763037,14.70000021904707,1.0,2.5088865756988525,0.0,0.0,13.0,3.000000142492354,3.0370001442497596,13.90000020712614,-100.0,0.0,0.0,-8.557242393493652,0.0,0.0,0.0,1.0,50.0,1050.0,-52.0,98.0,0.0,11.0,0.0,0.0,11.0,10.0,1912.0,104.10163116455078,0.0,0.0,0.0,0.0,0.0,0.0,0.0,0.0,0.0,0.0,0.0,0.0,0.0,0.0,0.0,0.0,13.0,0.0,0.0,0.0,2.0,0
4.132999897003174,200.0,1102.0,39.0,42978.0,0.0,0.0,0.0,44.0,66.0,9.0,0.0,100.0,100.0,100.0,103.0,100.0,103.0,100.0,50.0,50.0,0.0,2.732000129763037,2.732000129763037,2.732000129763037,2.732000129763037,14.70000021904707,1.0,2.5088865756988525,0.0,0.0,13.0,3.000000142492354,3.027000143774785,13.90000020712614,-40.0,0.0,0.0,-8.557242393493652,0.0,0.0,0.0,1.0,50.0,1050.0,-52.0,98.0,0.0,11.0,0.0,0.0,11.0,10.0,1912.0,104.10163116455078,0.0,0.0,0.0,0.0,0.0,0.0,0.0,0.0,0.0,0.0,0.0,0.0,0.0,0.0,0.0,0.0,13.0,0.0,0.0,0.0,2.0,0
4.198999881744385,200.0,1105.0,39.0,43095.0,0.0,0.0,0.0,44.0,66.0,9.0,0.0,100.0,100.0,100.0,103.0,100.0,103.0,100.0,50.0,50.0,0.0,2.732000129763037,2.732000129763037,2.732000129763037,2.732000129763037,14.70000021904707,1.0,2.515716552734375,0.0,0.0,13.0,3.000000142492354,3.07600014610216,13.90000020712614,-40.0,0.0,0.0,-8.557242393493652,0.0,0.0,0.0,1.0,50.0,1050.0,-55.0,98.0,0.0,11.0,0.0,0.0,11.0,10.0,1912.0,103.81900787353516,0.0,0.0,0.0,0.0,0.0,0.0,0.0,0.0,0.0,0.0,0.0,0.0,0.0,0.0,0.0,0.0,13.0,0.0,0.0,0.0,2.0,0
4.263999938964844,200.0,1105.0,39.0,43095.0,0.0,0.0,0.0,44.0,66.0,9.0,0.0,100.0,100.0,100.0,103.0,100.0,103.0,100.0,50.0,50.0,0.0,2.732000129763037,2.732000129763037,2.732000129763037,2.732000129763037,14.70000021904707,1.0,2.515716552734375,0.0,0.0,13.0,3.000000142492354,3.016000143252313,13.90000020712614,30.0,0.0,0.0,-8.557242393493652,0.0,0.0,0.0,1.0,50.0,1050.0,-55.0,98.0,0.0,11.0,0.0,0.0,11.0,10.0,1912.0,103.81900787353516,0.0,0.0,0.0,0.0,0.0,0.0,0.0,0.0,0.0,0.0,0.0,0.0,0.0,0.0,0.0,0.0,13.0,0.0,0.0,0.0,2.0,0
4.330999851226807,200.0,1105.0,39.0,43095.0,0.0,0.0,0.0,44.0,66.0,9.0,0.0,100.0,100.0,100.0,103.0,100.0,103.0,100.0,50.0,50.0,0.0,2.732000129763037,2.732000129763037,2.732000129763037,2.732000129763037,14.70000021904707,1.0,2.515716552734375,0.0,0.0,13.0,3.000000142492354,3.0520001449622214,13.90000020712614,30.0,0.0,0.0,-8.557242393493652,0.0,0.0,0.0,1.0,50.0,1050.0,-55.0,98.0,0.0,11.0,0.0,0.0,11.0,10.0,1912.0,103.81900787353516,0.0,0.0,0.0,0.0,0.0,0.0,0.0,0.0,0.0,0.0,0.0,0.0,0.0,0.0,0.0,0.0,13.0,0.0,0.0,0.0,2.0,0
4.400000095367432,200.0,1102.0,39.0,42978.0,0.0,0.0,0.0,44.0,66.0,9.0,0.0,100.0,100.0,100.0,103.0,100.0,103.0,100.0,50.0,50.0,0.0,2.732000129763037,2.732000129763037,2.732000129763037,2.732000129763037,14.70000021904707,1.0,2.5088865756988525,0.0,0.0,13.0,3.000000142492354,3.03300014405977,13.90000020712614,0.0,0.0,0.0,-8.557242393493652,0.0,0.0,0.0,1.0,49.0,1050.0,-52.0,98.0,0.0,11.0,0.0,0.0,11.0,10.0,1912.0,104.10163116455078,0.0,0.0,0.0,0.0,0.0,0.0,0.0,0.0,0.0,0.0,0.0,0.0,0.0,0.0,0.0,0.0,13.0,0.0,0.0,0.0,2.0,0
4.465000152587891,201.0,1102.0,39.0,42978.0,0.0,0.0,0.0,44.0,66.0,9.0,0.0,100.0,100.0,100.0,103.0,100.0,103.0,100.0,50.0,50.0,0.0,2.732000129763037,2.732000129763037,2.732000129763037,2.732000129763037,14.70000021904707,1.0,2.5088865756988525,0.0,0.0,13.0,3.000000142492354,3.018000143347308,14.000000208616257,-30.0,0.0,0.0,-8.557242393493652,0.0,0.0,0.0,1.0,49.0,1050.0,-52.0,98.0,0.0,11.0,0.0,0.0,11.0,10.0,1911.0,104.04718780517578,0.0,0.0,0.0,0.0,0.0,0.0,0.0,0.0,0.0,0.0,0.0,0.0,0.0,0.0,0.0,0.0,13.0,0.0,0.0,0.0,2.0,0
4.533999919891357,201.0,1100.0,39.0,42900.0,0.0,0.0,0.0,44.0,66.0,9.0,0.0,100.0,100.0,100.0,103.0,100.0,103.0,100.0,50.0,50.0,0.0,2.732000129763037,2.732000129763037,2.732000129763037,2.732000129763037,14.70000021904707,1.0,2.504333257675171,0.0,0.0,13.0,3.000000142492354,3.1210001482395455,14.000000208616257,-30.0,0.0,0.0,-8.557242393493652,0.0,0.0,0.0,1.0,49.0,1050.0,-50.0,98.0,0.0,11.0,0.0,0.0,11.0,10.0,1911.0,104.23636627197266,0.0,0.0,0.0,0.0,0.0,0.0,0.0,0.0,0.0,0.0,0.0,0.0,0.0,0.0,0.0,0.0,13.0,0.0,0.0,0.0,2.0,0
4.599999904632568,201.0,1098.0,39.0,42822.0,0.0,0.0,0.0,44.0,66.0,9.0,0.0,100.0,100.0,100.0,103.0,100.0,103.0,100.0,50.0,50.0,0.0,2.732000129763037,2.732000129763037,2.732000129763037,2.732000129763037,14.70000021904707,1.0,2.4997799396514893,0.0,0.0,13.0,3.000000142492354,3.0170001432998106,14.000000208616257,-20.0,0.0,0.0,-8.557242393493652,0.0,0.0,0.0,1.0,49.0,1050.0,-48.0,98.0,0.0,11.0,0.0,0.0,11.0,10.0,1911.0,104.42623138427734,0.0,0.0,0.0,0.0,0.0,0.0,0.0,0.0,0.0,0.0,0.0,0.0,0.0,0.0,0.0,0.0,13.0,0.0,0.0,0.0,2.0,0
4.664999961853027,201.0,1098.0,39.0,42822.0,0.0,0.0,0.0,44.0,66.0,9.0,0.0,100.0,100.0,100.0,103.0,100.0,103.0,100.0,50.0,50.0,0.0,2.732000129763037,2.732000129763037,2.732000129763037,2.732000129763037,14.70000021904707,1.0,2.4997799396514893,0.0,0.0,13.0,3.000000142492354,3.013000143109821,14.000000208616257,-20.0,0.0,0.0,-8.557242393493652,0.0,0.0,0.0,1.0,50.0,1050.0,-48.0,98.0,0.0,11.0,0.0,0.0,11.0,10.0,1911.0,104.42623138427734,0.0,0.0,0.0,0.0,0.0,0.0,0.0,0.0,0.0,0.0,0.0,0.0,0.0,0.0,0.0,0.0,13.0,0.0,0.0,0.0,2.0,0
4.730999946594238,201.0,1094.0,39.0,42666.0,0.0,0.0,0.0,44.0,66.0,9.0,0.0,100.0,100.0,100.0,103.0,100.0,103.0,100.0,50.0,50.0,0.0,2.732000129763037,2.732000129763037,2.732000129763037,2.732000129763037,14.70000021904707,1.0,2.490673303604126,0.0,0.0,13.0,3.000000142492354,3.1250001484295353,14.000000208616257,-20.0,0.0,0.0,-8.557242393493652,0.0,0.0,0.0,1.0,50.0,1050.0,-44.0,98.0,0.0,11.0,0.0,0.0,11.0,10.0,1911.0,104.80804443359375,0.0,0.0,0.0,0.0,0.0,0.0,0.0,0.0,0.0,0.0,0.0,0.0,0.0,0.0,0.0,0.0,13.0,0.0,0.0,0.0,2.0,0
4.797999858856201,201.0,1094.0,39.0,42666.0,0.0,0.0,0.0,44.0,66.0,9.0,0.0,100.0,100.0,100.0,103.0,100.0,103.0,100.0,50.0,50.0,0.0,2.732000129763037,2.732000129763037,2.732000129763037,2.732000129763037,14.70000021904707,1.0,2.490673303604126,0.0,0.0,13.0,3.000000142492354,3.0170001432998106,14.000000208616257,-40.0,0.0,0.0,-8.557242393493652,0.0,0.0,0.0,1.0,50.0,1050.0,-44.0,98.0,0.0,11.0,0.0,0.0,11.0,10.0,1911.0,104.80804443359375,0.0,0.0,0.0,0.0,0.0,0.0,0.0,0.0,0.0,0.0,0.0,0.0,0.0,0.0,0.0,0.0,13.0,0.0,0.0,0.0,2.0,0
4.866000175476074,201.0,1101.0,39.0,42939.0,0.0,0.0,0.0,44.0,66.0,9.0,0.0,100.0,100.0,100.0,103.0,100.0,103.0,100.0,50.0,50.0,0.0,2.732000129763037,2.732000129763037,2.732000129763037,2.732000129763037,14.70000021904707,1.0,2.5066099166870117,0.0,0.0,13.0,3.000000142492354,3.0390001443447545,14.000000208616257,70.0,0.0,0.0,-8.557242393493652,0.0,0.0,0.0,1.0,50.0,1050.0,-51.0,98.0,0.0,11.0,0.0,0.0,11.0,10.0,1911.0,104.14169311523438,0.0,0.0,0.0,0.0,0.0,0.0,0.0,0.0,0.0,0.0,0.0,0.0,0.0,0.0,0.0,0.0,13.0,0.0,0.0,0.0,2.0,0
4.866000175476074,201.0,1099.0,39.0,42861.0,0.0,0.0,0.0,44.0,66.0,9.0,0.0,100.0,100.0,100.0,103.0,100.0,103.0,100.0,50.0,50.0,0.0,2.732000129763037,2.732000129763037,2.732000129763037,2.732000129763037,14.70000021904707,1.0,2.50205659866333,0.0,0.0,13.0,3.000000142492354,3.016000143252313,14.000000208616257,70.0,0.0,0.0,-8.557242393493652,0.0,0.0,0.0,1.0,50.0,1050.0,-49.0,98.0,0.0,11.0,0.0,0.0,11.0,10.0,1911.0,104.33120727539062,0.0,0.0,0.0,0.0,0.0,0.0,0.0,0.0,0.0,0.0,0.0,0.0,0.0,0.0,0.0,0.0,13.0,0.0,0.0,0.0,2.0,0
4.997000217437744,201.0,1099.0,39.0,42861.0,0.0,0.0,0.0,44.0,66.0,9.0,0.0,100.0,100.0,100.0,103.0,100.0,103.0,100.0,50.0,50.0,0.0,2.732000129763037,2.732000129763037,2.732000129763037,2.732000129763037,14.70000021904707,1.0,2.50205659866333,0.0,0.0,13.0,3.000000142492354,3.0190001433948055,14.000000208616257,-20.0,0.0,0.0,-8.557242393493652,0.0,0.0,0.0,1.0,49.0,1050.0,-49.0,98.0,0.0,11.0,0.0,0.0,11.0,10.0,1911.0,104.33120727539062,0.0,0.0,0.0,0.0,0.0,0.0,0.0,0.0,0.0,0.0,0.0,0.0,0.0,0.0,0.0,0.0,13.0,0.0,0.0,0.0,2.0,0
5.067999839782715,201.0,1101.0,39.0,42939.0,0.0,0.0,0.0,44.0,66.0,9.0,0.0,100.0,100.0,100.0,103.0,100.0,103.0,100.0,50.0,50.0,0.0,2.732000129763037,2.732000129763037,2.732000129763037,2.732000129763037,14.70000021904707,1.0,2.5066099166870117,0.0,0.0,13.0,3.000000142492354,3.0790001462446526,14.000000208616257,20.0,0.0,0.0,-8.557242393493652,0.0,0.0,0.0,1.0,49.0,1050.0,-51.0,98.0,0.0,11.0,0.0,0.0,11.0,10.0,1911.0,104.14169311523438,0.0,0.0,0.0,0.0,0.0,0.0,0.0,0.0,0.0,0.0,0.0,0.0,0.0,0.0,0.0,0.0,13.0,0.0,0.0,0.0,2.0,0
5.132999897003174,201.0,1101.0,39.0,42939.0,0.0,0.0,0.0,44.0,66.0,9.0,0.0,100.0,100.0,100.0,103.0,100.0,103.0,100.0,50.0,50.0,0.0,2.732000129763037,2.732000129763037,2.732000129763037,2.732000129763037,14.70000021904707,1.0,2.5066099166870117,0.0,0.0,13.0,3.000000142492354,3.016000143252313,14.000000208616257,20.0,0.0,0.0,-8.557242393493652,0.0,0.0,0.0,1.0,49.0,1050.0,-51.0,98.0,0.0,11.0,0.0,0.0,11.0,10.0,1911.0,104.14169311523438,0.0,0.0,0.0,0.0,0.0,0.0,0.0,0.0,0.0,0.0,0.0,0.0,0.0,0.0,0.0,0.0,13.0,0.0,0.0,0.0,2.0,0
5.197999954223633,201.0,1102.0,39.0,42978.0,0.0,0.0,0.0,44.0,66.0,9.0,0.0,100.0,100.0,100.0,103.0,100.0,103.0,100.0,50.0,50.0,0.0,2.732000129763037,2.732000129763037,2.732000129763037,2.732000129763037,14.70000021904707,1.0,2.5088865756988525,0.0,0.0,13.0,3.000000142492354,3.1520001497119665,13.90000020712614,10.0,0.0,0.0,-8.557242393493652,0.0,0.0,0.0,1.0,49.0,1050.0,-52.0,98.0,0.0,11.0,0.0,0.0,11.0,10.0,1911.0,104.04718780517578,0.0,0.0,0.0,0.0,0.0,0.0,0.0,0.0,0.0,0.0,0.0,0.0,0.0,0.0,0.0,0.0,13.0,0.0,0.0,0.0,2.0,0
5.267000198364258,201.0,1097.0,39.0,42783.0,0.0,0.0,0.0,44.0,66.0,9.0,0.0,100.0,100.0,100.0,103.0,100.0,103.0,100.0,50.0,50.0,0.0,2.732000129763037,2.732000129763037,2.732000129763037,2.732000129763037,14.70000021904707,1.0,2.4975032806396484,0.0,0.0,13.0,3.000000142492354,2.956000140402466,13.90000020712614,0.0,0.0,0.0,-8.557242393493652,0.0,0.0,0.0,1.0,48.0,1050.0,-47.0,98.0,0.0,11.0,0.0,0.0,11.0,10.0,1911.0,104.52142333984375,0.0,0.0,0.0,0.0,0.0,0.0,0.0,0.0,0.0,0.0,0.0,0.0,0.0,0.0,0.0,0.0,13.0,0.0,0.0,0.0,2.0,0
5.333000183105469,201.0,1097.0,39.0,42783.0,0.0,0.0,0.0,44.0,66.0,9.0,0.0,100.0,100.0,100.0,103.0,100.0,103.0,100.0,50.0,50.0,0.0,2.732000129763037,2.732000129763037,2.732000129763037,2.732000129763037,14.70000021904707,1.0,2.4975032806396484,0.0,0.0,13.0,3.000000142492354,3.022000143537298,13.90000020712614,0.0,0.0,0.0,-8.557242393493652,0.0,0.0,0.0,1.0,48.0,1050.0,-47.0,98.0,0.0,11.0,0.0,0.0,11.0,10.0,1911.0,104.52142333984375,0.0,0.0,0.0,0.0,0.0,0.0,0.0,0.0,0.0,0.0,0.0,0.0,0.0,0.0,0.0,0.0,13.0,0.0,0.0,0.0,2.0,0
5.400000095367432,201.0,1093.0,39.0,42627.0,0.0,0.0,0.0,44.0,66.0,9.0,0.0,100.0,100.0,100.0,103.0,100.0,103.0,100.0,50.0,50.0,0.0,2.732000129763037,2.732000129763037,2.732000129763037,2.732000129763037,14.70000021904707,1.0,2.488396644592285,0.0,0.0,13.0,3.000000142492354,3.0900001467671245,13.90000020712614,-50.0,0.0,0.0,-8.557242393493652,0.0,0.0,0.0,1.0,48.0,1050.0,-43.0,98.0,0.0,11.0,0.0,0.0,11.0,10.0,1911.0,104.9039306640625,0.0,0.0,0.0,0.0,0.0,0.0,0.0,0.0,0.0,0.0,0.0,0.0,0.0,0.0,0.0,0.0,13.0,0.0,0.0,0.0,2.0,0
5.464000225067139,202.0,1093.0,39.0,42627.0,0.0,0.0,0.0,44.0,66.0,9.0,0.0,100.0,100.0,100.0,103.0,100.0,103.0,100.0,50.0,50.0,0.0,2.732000129763037,2.732000129763037,2.732000129763037,2.732000129763037,14.70000021904707,1.0,2.488396644592285,0.0,0.0,13.0,3.000000142492354,3.016000143252313,14.000000208616257,-40.0,0.0,0.0,-8.557242393493652,0.0,0.0,0.0,1.0,48.0,1050.0,-43.0,98.0,0.0,11.0,0.0,0.0,11.0,10.0,1911.0,104.9039306640625,0.0,0.0,0.0,0.0,0.0,0.0,0.0,0.0,0.0,0.0,0.0,0.0,0.0,0.0,0.0,0.0,13.0,0.0,0.0,0.0,2.0,0
5.5289998054504395,202.0,1097.0,39.0,42783.0,0.0,0.0,0.0,44.0,66.0,9.0,0.0,100.0,100.0,100.0,103.0,100.0,103.0,100.0,50.0,50.0,0.0,2.732000129763037,2.732000129763037,2.732000129763037,2.732000129763037,14.70000021904707,1.0,2.4975032806396484,0.0,0.0,13.0,3.000000142492354,3.0860001465771347,14.000000208616257,-40.0,0.0,0.0,-8.557242393493652,0.0,0.0,0.0,1.0,48.0,1050.0,-47.0,98.0,0.0,11.0,0.0,0.0,11.0,10.0,1911.0,104.52142333984375,0.0,0.0,0.0,0.0,0.0,0.0,0.0,0.0,0.0,0.0,0.0,0.0,0.0,0.0,0.0,0.0,13.0,0.0,0.0,0.0,2.0,0
5.5960001945495605,202.0,1091.0,39.0,42549.0,0.0,0.0,0.0,44.0,66.0,9.0,0.0,100.0,100.0,100.0,103.0,100.0,103.0,100.0,50.0,50.0,0.0,2.732000129763037,2.732000129763037,2.732000129763037,2.732000129763037,14.70000021904707,1.0,2.4838433265686035,0.0,0.0,13.0,3.000000142492354,3.0680001457221806,14.000000208616257,40.0,0.0,0.0,-8.557242393493652,0.0,0.0,0.0,1.0,48.0,1050.0,-41.0,98.0,0.0,11.0,0.0,0.0,11.0,10.0,1911.0,105.09624481201172,0.0,0.0,0.0,0.0,0.0,0.0,0.0,0.0,0.0,0.0,0.0,0.0,0.0,0.0,0.0,0.0,13.0,0.0,0.0,0.0,2.0,0
5.664999961853027,202.0,1091.0,39.0,42549.0,0.0,0.0,0.0,44.0,66.0,9.0,0.0,100.0,100.0,100.0,103.0,100.0,103.0,100.0,50.0,50.0,0.0,2.732000129763037,2.732000129763037,2.732000129763037,2.732000129763037,14.70000021904707,1.0,2.4838433265686035,0.0,0.0,13.0,3.000000142492354,3.013000143109821,14.000000208616257,-60.0,0.0,0.0,-8.557242393493652,0.0,0.0,0.0,1.0,48.0,1050.0,-41.0,98.0,0.0,11.0,0.0,0.0,11.0,10.0,1911.0,105.09624481201172,0.0,0.0,0.0,0.0,0.0,0.0,0.0,0.0,0.0,0.0,0.0,0.0,0.0,0.0,0.0,0.0,13.0,0.0,0.0,0.0,2.0,0
5.664999961853027,202.0,1079.0,39.0,42081.0,0.0,0.0,0.0,44.0,66.0,9.0,0.0,100.0,100.0,100.0,103.0,100.0,103.0,100.0,50.0,50.0,0.0,2.732000129763037,2.732000129763037,2.732000129763037,2.732000129763037,14.70000021904707,1.0,2.4565234184265137,0.0,0.0,13.0,3.000000142492354,3.0390001443447545,14.000000208616257,-60.0,0.0,0.0,-8.557242393493652,0.0,0.0,0.0,1.0,48.0,1050.0,-29.0,98.0,0.0,11.0,0.0,0.0,11.0,10.0,1911.0,106.26506042480469,0.0,0.0,0.0,0.0,0.0,0.0,0.0,0.0,0.0,0.0,0.0,0.0,0.0,0.0,0.0,0.0,13.0,0.0,0.0,0.0,2.0,0
5.800000190734863,202.0,1079.0,39.0,42081.0,0.0,0.0,0.0,44.0,66.0,9.0,0.0,100.0,100.0,100.0,103.0,100.0,103.0,100.0,50.0,50.0,0.0,2.732000129763037,2.732000129763037,2.732000129763037,2.732000129763037,14.70000021904707,1.0,2.4565234184265137,0.0,0.0,13.0,3.000000142492354,3.016000143252313,14.000000208616257,-120.0,0.0,0.0,-8.557242393493652,0.0,0.0,0.0,1.0,48.0,1050.0,-29.0,98.0,0.0,11.0,0.0,0.0,11.0,10.0,1911.0,106.26506042480469,0.0,0.0,0.0,0.0,0.0,0.0,0.0,0.0,0.0,0.0,0.0,0.0,0.0,0.0,0.0,0.0,13.0,0.0,0.0,0.0,2.0,0
5.867000102996826,202.0,1076.0,39.0,41964.0,0.0,0.0,0.0,44.0,66.0,9.0,0.0,100.0,100.0,100.0,103.0,100.0,103.0,100.0,50.0,50.0,0.0,2.732000129763037,2.732000129763037,2.732000129763037,2.732000129763037,14.70000021904707,1.0,2.449693441390991,0.0,0.0,13.0,3.000000142492354,3.102000147337094,14.000000208616257,-30.0,0.0,0.0,-8.557242393493652,0.0,0.0,0.0,1.0,50.0,1050.0,-26.0,98.0,0.0,11.0,0.0,0.0,11.0,10.0,1911.0,106.56134033203125,0.0,0.0,0.0,0.0,0.0,0.0,0.0,0.0,0.0,0.0,0.0,0.0,0.0,0.0,0.0,0.0,13.0,0.0,0.0,0.0,2.0,0
5.931000232696533,202.0,1069.0,39.0,41691.0,0.0,0.0,0.0,44.0,66.0,9.0,0.0,100.0,100.0,100.0,103.0,100.0,103.0,100.0,50.0,50.0,0.0,2.732000129763037,2.732000129763037,2.732000129763037,2.732000129763037,14.70000021904707,1.0,2.4337565898895264,0.0,0.0,13.0,3.000000142492354,2.9730001412099227,14.000000208616257,-30.0,0.0,0.0,-8.557242393493652,0.0,0.0,0.0,1.0,50.0,1050.0,-19.0,98.0,0.0,11.0,0.0,0.0,11.0,10.0,1911.0,107.25911712646484,0.0,0.0,0.0,0.0,0.0,0.0,0.0,0.0,0.0,0.0,0.0,0.0,0.0,0.0,0.0,0.0,13.0,0.0,0.0,0.0,2.0,0
5.997000217437744,202.0,1069.0,39.0,41691.0,0.0,0.0,0.0,44.0,66.0,9.0,0.0,100.0,100.0,100.0,103.0,100.0,103.0,100.0,50.0,50.0,0.0,2.732000129763037,2.732000129763037,2.732000129763037,2.732000129763037,14.70000021904707,1.0,2.4337565898895264,0.0,0.0,13.0,3.000000142492354,3.0060001427773386,14.100000210106373,-70.0,0.0,0.0,-8.557242393493652,0.0,0.0,0.0,1.0,50.0,1050.0,-19.0,98.0,0.0,11.0,0.0,0.0,11.0,10.0,1911.0,107.25911712646484,0.0,0.0,0.0,0.0,0.0,0.0,0.0,0.0,0.0,0.0,0.0,0.0,0.0,0.0,0.0,0.0,13.0,0.0,0.0,0.0,2.0,0
6.066999912261963,202.0,1073.0,39.0,41847.0,0.0,0.0,0.0,44.0,66.0,9.0,0.0,100.0,100.0,100.0,103.0,100.0,103.0,100.0,50.0,50.0,0.0,2.732000129763037,2.732000129763037,2.732000129763037,2.732000129763037,14.70000021904707,1.0,2.4428632259368896,0.0,0.0,13.0,3.000000142492354,3.0260001437272877,14.100000210106373,40.0,0.0,0.0,-8.557242393493652,0.0,0.0,0.0,1.0,50.0,1050.0,-23.0,98.0,0.0,11.0,0.0,0.0,11.0,10.0,1911.0,106.8592758178711,0.0,0.0,0.0,0.0,0.0,0.0,0.0,0.0,0.0,0.0,0.0,0.0,0.0,0.0,0.0,0.0,13.0,0.0,0.0,0.0,2.0,0
6.131999969482422,202.0,1073.0,39.0,41847.0,0.0,0.0,0.0,44.0,66.0,9.0,0.0,100.0,100.0,100.0,103.0,100.0,103.0,100.0,50.0,50.0,0.0,2.732000129763037,2.732000129763037,2.732000129763037,2.732000129763037,14.70000021904707,1.0,2.4428632259368896,0.0,0.0,13.0,3.000000142492354,3.016000143252313,14.100000210106373,40.0,0.0,0.0,-8.557242393493652,0.0,0.0,0.0,1.0,50.0,1050.0,-23.0,98.0,0.0,11.0,0.0,0.0,11.0,10.0,1911.0,106.8592758178711,0.0,0.0,0.0,0.0,0.0,0.0,0.0,0.0,0.0,0.0,0.0,0.0,0.0,0.0,0.0,0.0,13.0,0.0,0.0,0.0,2.0,0
6.197000026702881,202.0,1079.0,39.0,42081.0,0.0,0.0,0.0,44.0,66.0,9.0,0.0,100.0,100.0,100.0,103.0,100.0,103.0,100.0,50.0,50.0,0.0,2.732000129763037,2.732000129763037,2.732000129763037,2.732000129763037,14.70000021904707,1.0,2.4565234184265137,0.0,0.0,13.0,3.000000142492354,3.0060001427773386,14.100000210106373,60.0,0.0,0.0,-8.557242393493652,0.0,0.0,0.0,1.0,49.0,1050.0,-29.0,98.0,0.0,11.0,0.0,0.0,11.0,10.0,1911.0,106.26506042480469,0.0,0.0,0.0,0.0,0.0,0.0,0.0,0.0,0.0,0.0,0.0,0.0,0.0,0.0,0.0,0.0,13.0,0.0,0.0,0.0,2.0,0
6.26200008392334,202.0,1084.0,39.0,42276.0,0.0,0.0,0.0,44.0,66.0,9.0,0.0,100.0,100.0,100.0,103.0,100.0,103.0,100.0,50.0,50.0,0.0,2.732000129763037,2.732000129763037,2.732000129763037,2.732000129763037,14.70000021904707,1.0,2.4679067134857178,0.0,0.0,13.0,3.000000142492354,3.0300001439172775,14.100000210106373,50.0,0.0,0.0,-8.557242393493652,0.0,0.0,0.0,1.0,49.0,1050.0,-34.0,98.0,0.0,11.0,0.0,0.0,11.0,10.0,1911.0,105.77490997314453,0.0,0.0,0.0,0.0,0.0,0.0,0.0,0.0,0.0,0.0,0.0,0.0,0.0,0.0,0.0,0.0,13.0,0.0,0.0,0.0,2.0,0
6.328999996185303,202.0,1084.0,39.0,42276.0,0.0,0.0,0.0,44.0,66.0,9.0,0.0,100.0,100.0,100.0,103.0,100.0,103.0,100.0,50.0,50.0,0.0,2.732000129763037,2.732000129763037,2.732000129763037,2.732000129763037,14.70000021904707,1.0,2.4679067134857178,0.0,0.0,13.0,3.000000142492354,3.0210001434898004,14.100000210106373,50.0,0.0,0.0,-8.557242393493652,0.0,0.0,0.0,1.0,49.0,1050.0,-34.0,98.0,0.0,11.0,0.0,0.0,11.0,10.0,1911.0,105.77490997314453,0.0,0.0,0.0,0.0,0.0,0.0,0.0,0.0,0.0,0.0,0.0,0.0,0.0,0.0,0.0,0.0,13.0,0.0,0.0,0.0,2.0,0
6.3979997634887695,202.0,1074.0,39.0,41886.0,0.0,0.0,0.0,44.0,66.0,9.0,0.0,100.0,100.0,100.0,103.0,100.0,103.0,100.0,50.0,50.0,0.0,2.732000129763037,2.732000129763037,2.732000129763037,2.732000129763037,14.70000021904707,1.0,2.4451398849487305,0.0,0.0,13.0,3.000000142492354,3.0120001430623233,14.100000210106373,-100.0,0.0,0.0,-8.557242393493652,0.0,0.0,0.0,1.0,49.0,1050.0,-24.0,98.0,0.0,11.0,0.0,0.0,11.0,10.0,1911.0,106.75977325439453,0.0,0.0,0.0,0.0,0.0,0.0,0.0,0.0,0.0,0.0,0.0,0.0,0.0,0.0,0.0,0.0,13.0,0.0,0.0,0.0,2.0,0
6.4629998207092285,203.0,1074.0,39.0,41886.0,0.0,0.0,0.0,44.0,66.0,9.0,0.0,100.0,100.0,100.0,103.0,100.0,103.0,100.0,50.0,50.0,0.0,2.732000129763037,2.732000129763037,2.732000129763037,2.732000129763037,14.70000021904707,1.0,2.4451398849487305,0.0,0.0,13.0,3.000000142492354,3.0150001432048157,14.100000210106373,0.0,0.0,0.0,-8.557242393493652,0.0,0.0,0.0,1.0,49.0,1050.0,-24.0,98.0,0.0,11.0,0.0,0.0,11.0,10.0,1901.0,106.20111846923828,0.0,0.0,0.0,0.0,0.0,0.0,0.0,0.0,0.0,0.0,0.0,0.0,0.0,0.0,0.0,0.0,13.0,0.0,0.0,0.0,2.0,0
6.5329999923706055,203.0,1082.0,39.0,42198.0,0.0,0.0,0.0,44.0,66.0,9.0,0.0,100.0,100.0,100.0,103.0,100.0,103.0,100.0,50.0,50.0,0.0,2.732000129763037,2.732000129763037,2.732000129763037,2.732000129763037,14.70000021904707,1.0,2.463353395462036,0.0,0.0,13.0,3.000000142492354,3.2380001537967473,14.000000208616257,0.0,0.0,0.0,-8.557242393493652,0.0,0.0,0.0,1.0,50.0,1050.0,-32.0,98.0,0.0,11.0,0.0,0.0,11.0,10.0,1901.0,105.4158935546875,0.0,0.0,0.0,0.0,0.0,0.0,0.0,0.0,0.0,0.0,0.0,0.0,0.0,0.0,0.0,0.0,13.0,0.0,0.0,0.0,2.0,0
6.599999904632568,203.0,1081.0,39.0,42159.0,0.0,0.0,0.0,44.0,66.0,9.0,0.0,100.0,100.0,100.0,103.0,100.0,103.0,100.0,50.0,50.0,0.0,2.732000129763037,2.732000129763037,2.732000129763037,2.732000129763037,14.70000021904707,1.0,2.4610767364501953,0.0,0.0,13.0,3.000000142492354,2.9350001394050196,14.000000208616257,80.0,0.0,0.0,-8.557242393493652,0.0,0.0,0.0,1.0,50.0,1050.0,-31.0,98.0,0.0,11.0,0.0,0.0,11.0,10.0,1901.0,105.51341247558594,0.0,0.0,0.0,0.0,0.0,0.0,0.0,0.0,0.0,0.0,0.0,0.0,0.0,0.0,0.0,0.0,13.0,0.0,0.0,0.0,2.0,0
6.664000034332275,203.0,1081.0,39.0,42159.0,0.0,0.0,0.0,44.0,66.0,9.0,0.0,100.0,100.0,100.0,103.0,100.0,103.0,100.0,50.0,50.0,0.0,2.732000129763037,2.732000129763037,2.732000129763037,2.732000129763037,14.70000021904707,1.0,2.4610767364501953,0.0,0.0,13.0,3.000000142492354,3.0100001429673284,14.000000208616257,80.0,0.0,0.0,-8.557242393493652,0.0,0.0,0.0,1.0,50.0,1050.0,-31.0,98.0,0.0,11.0,0.0,0.0,11.0,10.0,1901.0,105.51341247558594,0.0,0.0,0.0,0.0,0.0,0.0,0.0,0.0,0.0,0.0,0.0,0.0,0.0,0.0,0.0,0.0,13.0,0.0,0.0,0.0,2.0,0
6.730000019073486,203.0,1075.0,39.0,41925.0,0.0,0.0,0.0,44.0,66.0,9.0,0.0,100.0,100.0,100.0,103.0,100.0,103.0,100.0,50.0,50.0,0.0,2.732000129763037,2.732000129763037,2.732000129763037,2.732000129763037,14.70000021904707,1.0,2.4474167823791504,0.0,0.0,13.0,3.000000142492354,2.967000140924938,14.000000208616257,-10.0,0.0,0.0,-8.557242393493652,0.0,0.0,0.0,1.0,50.0,1050.0,-25.0,98.0,0.0,11.0,0.0,0.0,11.0,10.0,1901.0,106.10232543945312,0.0,0.0,0.0,0.0,0.0,0.0,0.0,0.0,0.0,0.0,0.0,0.0,0.0,0.0,0.0,0.0,13.0,0.0,0.0,0.0,2.0,0
6.798999786376953,203.0,1075.0,39.0,41925.0,0.0,0.0,0.0,44.0,66.0,9.0,0.0,100.0,100.0,100.0,103.0,100.0,103.0,100.0,50.0,50.0,0.0,2.732000129763037,2.732000129763037,2.732000129763037,2.732000129763037,14.70000021904707,1.0,2.4474167823791504,0.0,0.0,13.0,3.000000142492354,3.0150001432048157,14.000000208616257,-60.0,0.0,0.0,-8.557242393493652,0.0,0.0,0.0,1.0,49.0,1050.0,-25.0,98.0,0.0,11.0,0.0,0.0,11.0,10.0,1901.0,106.10232543945312,0.0,0.0,0.0,0.0,0.0,0.0,0.0,0.0,0.0,0.0,0.0,0.0,0.0,0.0,0.0,0.0,13.0,0.0,0.0,0.0,2.0,0
6.863999843597412,203.0,1081.0,39.0,42159.0,0.0,0.0,0.0,44.0,66.0,9.0,0.0,100.0,100.0,100.0,103.0,100.0,103.0,100.0,50.0,50.0,0.0,2.732000129763037,2.732000129763037,2.732000129763037,2.732000129763037,14.70000021904707,1.0,2.4610767364501953,0.0,0.0,13.0,3.000000142492354,3.098000147147104,14.000000208616257,-60.0,0.0,0.0,-8.557242393493652,0.0,0.0,0.0,1.0,49.0,1050.0,-31.0,98.0,0.0,11.0,0.0,0.0,11.0,10.0,1901.0,105.51341247558594,0.0,0.0,0.0,0.0,0.0,0.0,0.0,0.0,0.0,0.0,0.0,0.0,0.0,0.0,0.0,0.0,13.0,0.0,0.0,0.0,2.0,0
6.931000232696533,203.0,1083.0,39.0,42237.0,0.0,0.0,0.0,44.0,66.0,9.0,0.0,100.0,100.0,100.0,103.0,100.0,103.0,100.0,50.0,50.0,0.0,2.732000129763037,2.732000129763037,2.732000129763037,2.732000129763037,14.70000021904707,1.0,2.465630054473877,0.0,0.0,13.0,3.000000142492354,3.2490001543192193,14.000000208616257,60.0,0.0,0.0,-8.557242393493652,0.0,0.0,0.0,1.0,49.0,1050.0,-33.0,98.0,0.0,11.0,0.0,0.0,11.0,10.0,1901.0,105.31855773925781,0.0,0.0,0.0,0.0,0.0,0.0,0.0,0.0,0.0,0.0,0.0,0.0,0.0,0.0,0.0,0.0,13.0,0.0,0.0,0.0,2.0,0
7.0,203.0,1083.0,39.0,42237.0,0.0,0.0,0.0,44.0,66.0,9.0,0.0,100.0,100.0,100.0,103.0,100.0,103.0,100.0,50.0,50.0,0.0,2.732000129763037,2.732000129763037,2.732000129763037,2.732000129763037,14.70000021904707,1.0,2.465630054473877,0.0,0.0,13.0,3.000000142492354,3.036000144202262,14.100000210106373,20.0,0.0,0.0,-8.557242393493652,0.0,0.0,0.0,1.0,49.0,1050.0,-33.0,98.0,0.0,11.0,0.0,0.0,11.0,10.0,1901.0,105.31855773925781,0.0,0.0,0.0,0.0,0.0,0.0,0.0,0.0,0.0,0.0,0.0,0.0,0.0,0.0,0.0,0.0,13.0,0.0,0.0,0.0,2.0,0
7.065999984741211,203.0,1089.0,39.0,42471.0,0.0,0.0,0.0,44.0,66.0,9.0,0.0,100.0,100.0,100.0,103.0,100.0,103.0,100.0,50.0,50.0,0.0,2.732000129763037,2.732000129763037,2.732000129763037,2.732000129763037,14.70000021904707,1.0,2.479290008544922,0.0,0.0,13.0,3.000000142492354,3.0750001460546628,14.100000210106373,20.0,0.0,0.0,-8.557242393493652,0.0,0.0,0.0,1.0,49.0,1050.0,-39.0,98.0,0.0,11.0,0.0,0.0,11.0,10.0,1901.0,104.73828887939453,0.0,0.0,0.0,0.0,0.0,0.0,0.0,0.0,0.0,0.0,0.0,0.0,0.0,0.0,0.0,0.0,13.0,0.0,0.0,0.0,2.0,0
7.131999969482422,203.0,1089.0,39.0,42471.0,0.0,0.0,0.0,44.0,66.0,9.0,0.0,100.0,100.0,100.0,103.0,100.0,103.0,100.0,50.0,50.0,0.0,2.732000129763037,2.732000129763037,2.732000129763037,2.732000129763037,14.70000021904707,1.0,2.479290008544922,0.0,0.0,13.0,3.000000142492354,3.016000143252313,14.100000210106373,60.0,0.0,0.0,-8.557242393493652,0.0,0.0,0.0,1.0,47.0,1050.0,-39.0,98.0,0.0,11.0,0.0,0.0,11.0,10.0,1901.0,104.73828887939453,0.0,0.0,0.0,0.0,0.0,0.0,0.0,0.0,0.0,0.0,0.0,0.0,0.0,0.0,0.0,0.0,13.0,0.0,0.0,0.0,2.0,0
7.197999954223633,203.0,1085.0,39.0,42315.0,0.0,0.0,0.0,44.0,66.0,9.0,0.0,100.0,100.0,100.0,103.0,100.0,103.0,100.0,50.0,50.0,0.0,2.732000129763037,2.732000129763037,2.732000129763037,2.732000129763037,14.70000021904707,1.0,2.4701833724975586,0.0,0.0,13.0,3.000000142492354,3.091000146814622,14.100000210106373,-40.0,0.0,0.0,-8.557242393493652,0.0,0.0,0.0,1.0,47.0,1050.0,-35.0,98.0,0.0,11.0,0.0,0.0,11.0,10.0,1901.0,105.12442016601562,0.0,0.0,0.0,0.0,0.0,0.0,0.0,0.0,0.0,0.0,0.0,0.0,0.0,0.0,0.0,0.0,13.0,0.0,0.0,0.0,2.0,0
7.265999794006348,203.0,1084.0,39.0,42276.0,0.0,0.0,0.0,44.0,66.0,9.0,0.0,100.0,100.0,100.0,103.0,100.0,103.0,100.0,50.0,50.0,0.0,2.732000129763037,2.732000129763037,2.732000129763037,2.732000129763037,14.70000021904707,1.0,2.4679067134857178,0.0,0.0,13.0,3.000000142492354,3.107000147574581,14.100000210106373,-40.0,0.0,0.0,-8.557242393493652,0.0,0.0,0.0,1.0,47.0,1050.0,-34.0,98.0,0.0,11.0,0.0,0.0,11.0,10.0,1901.0,105.22140502929688,0.0,0.0,0.0,0.0,0.0,0.0,0.0,0.0,0.0,0.0,0.0,0.0,0.0,0.0,0.0,0.0,13.0,0.0,0.0,0.0,2.0,0
7.330999851226807,203.0,1084.0,39.0,42276.0,0.0,0.0,0.0,44.0,66.0,9.0,0.0,100.0,100.0,100.0,103.0,100.0,103.0,100.0,50.0,50.0,0.0,2.732000129763037,2.732000129763037,2.732000129763037,2.732000129763037,14.70000021904707,1.0,2.4679067134857178,0.0,0.0,13.0,3.000000142492354,3.0230001435847953,14.100000210106373,-10.0,0.0,0.0,-8.557242393493652,0.0,0.0,0.0,1.0,47.0,1050.0,-34.0,98.0,0.0,11.0,0.0,0.0,11.0,10.0,1901.0,105.22140502929688,0.0,0.0,0.0,0.0,0.0,0.0,0.0,0.0,0.0,0.0,0.0,0.0,0.0,0.0,0.0,0.0,13.0,0.0,0.0,0.0,2.0,0
7.396999835968018,203.0,1080.0,39.0,42120.0,0.0,0.0,0.0,44.0,66.0,9.0,0.0,100.0,100.0,100.0,103.0,100.0,103.0,100.0,50.0,50.0,0.0,2.732000129763037,2.732000129763037,2.732000129763037,2.732000129763037,14.70000021904707,1.0,2.4588000774383545,0.0,0.0,13.0,3.000000142492354,2.830000134417787,14.100000210106373,-40.0,0.0,0.0,-8.557242393493652,0.0,0.0,0.0,1.0,48.0,1050.0,-30.0,98.0,0.0,11.0,0.0,0.0,11.0,10.0,1901.0,105.61111450195312,0.0,0.0,0.0,0.0,0.0,0.0,0.0,0.0,0.0,0.0,0.0,0.0,0.0,0.0,0.0,0.0,13.0,0.0,0.0,0.0,2.0,0
7.396999835968018,203.0,1080.0,39.0,42120.0,0.0,0.0,0.0,44.0,66.0,9.0,0.0,100.0,100.0,100.0,103.0,100.0,103.0,100.0,50.0,50.0,0.0,2.732000129763037,2.732000129763037,2.732000129763037,2.732000129763037,14.70000021904707,1.0,2.4588000774383545,0.0,0.0,13.0,3.000000142492354,3.013000143109821,14.100000210106373,-40.0,0.0,0.0,-8.557242393493652,0.0,0.0,0.0,1.0,48.0,1050.0,-30.0,98.0,0.0,11.0,0.0,0.0,11.0,10.0,1901.0,105.61111450195312,0.0,0.0,0.0,0.0,0.0,0.0,0.0,0.0,0.0,0.0,0.0,0.0,0.0,0.0,0.0,0.0,13.0,0.0,0.0,0.0,2.0,0
7.53000020980835,204.0,1065.0,39.0,41535.0,0.0,0.0,0.0,44.0,66.0,9.0,0.0,100.0,100.0,100.0,103.0,100.0,103.0,100.0,50.0,50.0,0.0,2.732000129763037,2.732000129763037,2.732000129763037,2.732000129763037,14.70000021904707,1.0,2.424649953842163,0.0,0.0,13.0,3.000000142492354,3.071000145864673,14.100000210106373,-150.0,0.0,0.0,-8.557242393493652,0.0,0.0,0.0,1.0,48.0,1050.0,-15.0,98.0,0.0,11.0,0.0,0.0,11.0,10.0,1857.0,104.61972045898438,0.0,0.0,0.0,0.0,0.0,0.0,0.0,0.0,0.0,0.0,0.0,0.0,0.0,0.0,0.0,0.0,13.0,0.0,0.0,0.0,2.0,0
7.5970001220703125,204.0,1062.0,39.0,41418.0,0.0,0.0,0.0,44.0,66.0,9.0,0.0,100.0,100.0,100.0,103.0,100.0,103.0,100.0,50.0,50.0,0.0,2.732000129763037,2.732000129763037,2.732000129763037,2.732000129763037,14.70000021904707,1.0,2.4178199768066406,0.0,0.0,13.0,3.000000142492354,3.0610001453896984,14.100000210106373,0.0,0.0,0.0,-8.557242393493652,0.0,0.0,0.0,1.0,48.0,1050.0,-12.0,98.0,0.0,11.0,0.0,0.0,11.0,10.0,1857.0,104.91525268554688,0.0,0.0,0.0,0.0,0.0,0.0,0.0,0.0,0.0,0.0,0.0,0.0,0.0,0.0,0.0,0.0,13.0,0.0,0.0,0.0,2.0,0
7.664000034332275,204.0,1062.0,39.0,41418.0,0.0,0.0,0.0,44.0,66.0,9.0,0.0,100.0,100.0,100.0,103.0,100.0,103.0,100.0,50.0,50.0,0.0,2.732000129763037,2.732000129763037,2.732000129763037,2.732000129763037,14.70000021904707,1.0,2.4178199768066406,0.0,0.0,13.0,3.000000142492354,3.0140001431573182,14.100000210106373,0.0,0.0,0.0,-8.557242393493652,0.0,0.0,0.0,1.0,48.0,1050.0,-12.0,98.0,0.0,11.0,0.0,0.0,11.0,10.0,1857.0,104.91525268554688,0.0,0.0,0.0,0.0,0.0,0.0,0.0,0.0,0.0,0.0,0.0,0.0,0.0,0.0,0.0,0.0,13.0,0.0,0.0,0.0,2.0,0
7.732999801635742,204.0,1061.0,39.0,41379.0,0.0,0.0,0.0,44.0,66.0,9.0,0.0,100.0,100.0,100.0,103.0,100.0,103.0,100.0,50.0,50.0,0.0,2.732000129763037,2.732000129763037,2.732000129763037,2.732000129763037,14.70000021904707,1.0,2.4155433177948,0.0,0.0,13.0,3.000000142492354,2.991000142064877,14.100000210106373,-30.0,0.0,0.0,-8.557242393493652,0.0,0.0,0.0,1.0,50.0,1050.0,-11.0,98.0,0.0,11.0,0.0,0.0,11.0,10.0,1857.0,105.0141372680664,0.0,0.0,0.0,0.0,0.0,0.0,0.0,0.0,0.0,0.0,0.0,0.0,0.0,0.0,0.0,0.0,13.0,0.0,0.0,0.0,2.0,0
7.798999786376953,204.0,1061.0,39.0,41379.0,0.0,0.0,0.0,44.0,66.0,9.0,0.0,100.0,100.0,100.0,103.0,100.0,103.0,100.0,50.0,50.0,0.0,2.732000129763037,2.732000129763037,2.732000129763037,2.732000129763037,14.70000021904707,1.0,2.4155433177948,0.0,0.0,13.0,3.000000142492354,3.016000143252313,14.100000210106373,-10.0,0.0,0.0,-8.557242393493652,0.0,0.0,0.0,1.0,50.0,1050.0,-11.0,98.0,0.0,11.0,0.0,0.0,11.0,10.0,1857.0,105.0141372680664,0.0,0.0,0.0,0.0,0.0,0.0,0.0,0.0,0.0,0.0,0.0,0.0,0.0,0.0,0.0,0.0,13.0,0.0,0.0,0.0,2.0,0
7.863999843597412,204.0,1057.0,39.0,41223.0,0.0,0.0,0.0,44.0,66.0,9.0,0.0,100.0,100.0,100.0,103.0,100.0,103.0,100.0,50.0,50.0,0.0,2.732000129763037,2.732000129763037,2.732000129763037,2.732000129763037,14.70000021904707,1.0,2.4064366817474365,0.0,0.0,13.0,3.000000142492354,3.1480001495219767,14.100000210106373,-10.0,0.0,0.0,-8.557242393493652,0.0,0.0,0.0,1.0,50.0,1050.0,-7.0,98.0,0.0,11.0,0.0,0.0,11.0,10.0,1857.0,105.41154479980469,0.0,0.0,0.0,0.0,0.0,0.0,0.0,0.0,0.0,0.0,0.0,0.0,0.0,0.0,0.0,0.0,13.0,0.0,0.0,0.0,2.0,0
7.929999828338623,204.0,1055.0,39.0,41145.0,0.0,0.0,0.0,44.0,66.0,9.0,0.0,100.0,100.0,100.0,103.0,100.0,103.0,100.0,50.0,50.0,0.0,2.732000129763037,2.732000129763037,2.732000129763037,2.732000129763037,14.70000021904707,1.0,2.401883363723755,0.0,0.0,13.0,3.000000142492354,3.0300001439172775,14.100000210106373,-40.0,0.0,0.0,-8.557242393493652,0.0,0.0,0.0,1.0,50.0,1050.0,-5.0,98.0,0.0,11.0,0.0,0.0,11.0,10.0,1857.0,105.61137390136719,0.0,0.0,0.0,0.0,0.0,0.0,0.0,0.0,0.0,0.0,0.0,0.0,0.0,0.0,0.0,0.0,13.0,0.0,0.0,0.0,2.0,0
8.0,204.0,1055.0,39.0,41145.0,0.0,0.0,0.0,44.0,66.0,9.0,0.0,100.0,100.0,100.0,103.0,100.0,103.0,100.0,50.0,50.0,0.0,2.732000129763037,2.732000129763037,2.732000129763037,2.732000129763037,14.70000021904707,1.0,2.401883363723755,0.0,0.0,13.0,3.000000142492354,3.0210001434898004,14.100000210106373,-20.0,0.0,0.0,-8.557242393493652,0.0,0.0,0.0,1.0,51.0,1050.0,-5.0,98.0,0.0,11.0,0.0,0.0,11.0,10.0,1857.0,105.61137390136719,0.0,0.0,0.0,0.0,0.0,0.0,0.0,0.0,0.0,0.0,0.0,0.0,0.0,0.0,0.0,0.0,13.0,0.0,0.0,0.0,2.0,0
8.064000129699707,204.0,1061.0,39.0,41379.0,0.0,0.0,0.0,44.0,66.0,9.0,0.0,100.0,100.0,100.0,103.0,100.0,103.0,100.0,50.0,50.0,0.0,2.732000129763037,2.732000129763037,2.732000129763037,2.732000129763037,14.70000021904707,1.0,2.4155433177948,0.0,0.0,13.0,3.000000142492354,2.9730001412099227,14.100000210106373,-20.0,0.0,0.0,-8.557242393493652,0.0,0.0,0.0,1.0,51.0,1050.0,-11.0,98.0,0.0,11.0,0.0,0.0,11.0,10.0,1857.0,105.0141372680664,0.0,0.0,0.0,0.0,0.0,0.0,0.0,0.0,0.0,0.0,0.0,0.0,0.0,0.0,0.0,0.0,13.0,0.0,0.0,0.0,2.0,0
8.130000114440918,204.0,1061.0,39.0,41379.0,0.0,0.0,0.0,44.0,66.0,9.0,0.0,100.0,100.0,100.0,103.0,100.0,103.0,100.0,50.0,50.0,0.0,2.732000129763037,2.732000129763037,2.732000129763037,2.732000129763037,14.70000021904707,1.0,2.4155433177948,0.0,0.0,13.0,3.000000142492354,3.013000143109821,14.100000210106373,60.0,0.0,0.0,-8.557242393493652,0.0,0.0,0.0,1.0,51.0,1050.0,-11.0,98.0,0.0,11.0,0.0,0.0,11.0,10.0,1857.0,105.0141372680664,0.0,0.0,0.0,0.0,0.0,0.0,0.0,0.0,0.0,0.0,0.0,0.0,0.0,0.0,0.0,0.0,13.0,0.0,0.0,0.0,2.0,0
8.196000099182129,204.0,1064.0,39.0,41496.0,0.0,0.0,0.0,44.0,66.0,9.0,0.0,100.0,100.0,100.0,103.0,100.0,103.0,100.0,50.0,50.0,0.0,2.732000129763037,2.732000129763037,2.732000129763037,2.732000129763037,14.70000021904707,1.0,2.4223732948303223,0.0,0.0,13.0,3.000000142492354,3.082000146387145,14.100000210106373,30.0,0.0,0.0,-8.557242393493652,0.0,0.0,0.0,1.0,51.0,1050.0,-14.0,98.0,0.0,11.0,0.0,0.0,11.0,10.0,1857.0,104.71804809570312,0.0,0.0,0.0,0.0,0.0,0.0,0.0,0.0,0.0,0.0,0.0,0.0,0.0,0.0,0.0,0.0,13.0,0.0,0.0,0.0,2.0,0
8.26200008392334,204.0,1069.0,40.0,42760.0,0.0,0.0,0.0,44.0,66.0,9.0,0.0,100.0,100.0,100.0,103.0,100.0,103.0,100.0,50.0,50.0,0.0,2.768000131472945,2.768000131472945,2.768000131472945,2.768000131472945,14.70000021904707,1.0,2.4658267498016357,0.0,0.0,13.0,3.000000142492354,3.016000143252313,14.100000210106373,30.0,0.0,0.0,-8.412203788757324,0.0,0.0,0.0,1.0,51.0,1050.0,-19.0,98.0,0.0,11.0,0.0,0.0,11.0,10.0,1857.0,104.2282485961914,0.0,0.0,0.0,0.0,0.0,0.0,0.0,0.0,0.0,0.0,0.0,0.0,0.0,0.0,0.0,0.0,13.0,0.0,0.0,0.0,2.0,0
8.331000328063965,204.0,1069.0,40.0,42760.0,0.0,0.0,0.0,44.0,66.0,9.0,0.0,100.0,100.0,100.0,103.0,100.0,103.0,100.0,50.0,50.0,0.0,2.768000131472945,2.768000131472945,2.768000131472945,2.768000131472945,14.70000021904707,1.0,2.4658267498016357,0.0,0.0,13.0,3.000000142492354,3.0140001431573182,14.100000210106373,50.0,0.0,0.0,-8.412203788757324,0.0,0.0,0.0,1.0,48.0,1050.0,-19.0,98.0,0.0,11.0,0.0,0.0,11.0,10.0,1857.0,104.2282485961914,0.0,0.0,0.0,0.0,0.0,0.0,0.0,0.0,0.0,0.0,0.0,0.0,0.0,0.0,0.0,0.0,13.0,0.0,0.0,0.0,2.0,0
8.395999908447266,204.0,1072.0,39.0,41808.0,0.0,0.0,0.0,44.0,66.0,9.0,0.0,100.0,100.0,100.0,103.0,100.0,103.0,100.0,50.0,50.0,0.0,2.732000129763037,2.732000129763037,2.732000129763037,2.732000129763037,14.70000021904707,1.0,2.440586566925049,0.0,0.0,13.0,3.000000142492354,2.9840001417323947,14.100000210106373,30.0,0.0,0.0,-8.557242393493652,0.0,0.0,0.0,1.0,48.0,1050.0,-22.0,98.0,0.0,11.0,0.0,0.0,11.0,10.0,1857.0,103.93656921386719,0.0,0.0,0.0,0.0,0.0,0.0,0.0,0.0,0.0,0.0,0.0,0.0,0.0,0.0,0.0,0.0,13.0,0.0,0.0,0.0,2.0,0
8.465999603271484,204.0,1072.0,39.0,41808.0,0.0,0.0,0.0,44.0,66.0,9.0,0.0,100.0,100.0,100.0,103.0,100.0,103.0,100.0,50.0,50.0,0.0,2.732000129763037,2.732000129763037,2.732000129763037,2.732000129763037,14.70000021904707,1.0,2.440586566925049,0.0,0.0,13.0,3.000000142492354,3.016000143252313,14.100000210106373,30.0,0.0,0.0,-8.557242393493652,0.0,0.0,0.0,1.0,48.0,1050.0,-22.0,98.0,0.0,11.0,0.0,0.0,11.0,10.0,1857.0,103.93656921386719,0.0,0.0,0.0,0.0,0.0,0.0,0.0,0.0,0.0,0.0,0.0,0.0,0.0,0.0,0.0,0.0,13.0,0.0,0.0,0.0,2.0,0
8.531999588012695,205.0,1081.0,39.0,42159.0,0.0,0.0,0.0,44.0,66.0,9.0,0.0,100.0,100.0,100.0,103.0,100.0,103.0,100.0,50.0,50.0,0.0,2.732000129763037,2.732000129763037,2.732000129763037,2.732000129763037,14.70000021904707,1.0,2.4610767364501953,0.0,0.0,13.0,3.000000142492354,3.0920001468621194,14.100000210106373,90.0,0.0,0.0,-8.557242393493652,0.0,0.0,0.0,1.0,48.0,1050.0,-31.0,98.0,0.0,11.0,0.0,0.0,11.0,10.0,1867.0,103.62627410888672,0.0,0.0,0.0,0.0,0.0,0.0,0.0,0.0,0.0,0.0,0.0,0.0,0.0,0.0,0.0,0.0,13.0,0.0,0.0,0.0,2.0,0
8.597999572753906,205.0,1075.0,39.0,41925.0,0.0,0.0,0.0,44.0,66.0,9.0,0.0,100.0,100.0,100.0,103.0,100.0,103.0,100.0,50.0,50.0,0.0,2.732000129763037,2.732000129763037,2.732000129763037,2.732000129763037,14.70000021904707,1.0,2.4474167823791504,0.0,0.0,13.0,3.000000142492354,3.016000143252313,14.100000210106373,-60.0,0.0,0.0,-8.557242393493652,0.0,0.0,0.0,1.0,47.0,1050.0,-25.0,98.0,0.0,11.0,0.0,0.0,11.0,10.0,1867.0,104.20465087890625,0.0,0.0,0.0,0.0,0.0,0.0,0.0,0.0,0.0,0.0,0.0,0.0,0.0,0.0,0.0,0.0,13.0,0.0,0.0,0.0,2.0,0
8.666999816894531,205.0,1075.0,39.0,41925.0,0.0,0.0,0.0,44.0,66.0,9.0,0.0,100.0,100.0,100.0,103.0,100.0,103.0,100.0,50.0,50.0,0.0,2.732000129763037,2.732000129763037,2.732000129763037,2.732000129763037,14.70000021904707,1.0,2.4474167823791504,0.0,0.0,13.0,3.000000142492354,3.0140001431573182,14.100000210106373,-60.0,0.0,0.0,-8.557242393493652,0.0,0.0,0.0,1.0,47.0,1050.0,-25.0,98.0,0.0,11.0,0.0,0.0,11.0,10.0,1867.0,104.20465087890625,0.0,0.0,0.0,0.0,0.0,0.0,0.0,0.0,0.0,0.0,0.0,0.0,0.0,0.0,0.0,0.0,13.0,0.0,0.0,0.0,2.0,0
8.732000350952148,205.0,1076.0,39.0,41964.0,0.0,0.0,0.0,44.0,66.0,9.0,0.0,100.0,100.0,100.0,103.0,100.0,103.0,100.0,50.0,50.0,0.0,2.732000129763037,2.732000129763037,2.732000129763037,2.732000129763037,14.70000021904707,1.0,2.449693441390991,0.0,0.0,13.0,3.000000142492354,2.969000141019933,14.100000210106373,0.0,0.0,0.0,-8.557242393493652,0.0,0.0,0.0,1.0,47.0,1050.0,-26.0,98.0,0.0,11.0,0.0,0.0,11.0,10.0,1867.0,104.10780334472656,0.0,0.0,0.0,0.0,0.0,0.0,0.0,0.0,0.0,0.0,0.0,0.0,0.0,0.0,0.0,0.0,13.0,0.0,0.0,0.0,2.0,0
8.79800033569336,205.0,1076.0,39.0,41964.0,0.0,0.0,0.0,44.0,66.0,9.0,0.0,100.0,100.0,100.0,103.0,100.0,103.0,100.0,50.0,50.0,0.0,2.732000129763037,2.732000129763037,2.732000129763037,2.732000129763037,14.70000021904707,1.0,2.449693441390991,0.0,0.0,13.0,3.000000142492354,3.02900014386978,14.100000210106373,0.0,0.0,0.0,-8.557242393493652,0.0,0.0,0.0,1.0,47.0,1050.0,-26.0,98.0,0.0,11.0,0.0,0.0,11.0,10.0,1867.0,104.10780334472656,0.0,0.0,0.0,0.0,0.0,0.0,0.0,0.0,0.0,0.0,0.0,0.0,0.0,0.0,0.0,0.0,13.0,0.0,0.0,0.0,2.0,0
8.86400032043457,205.0,1083.0,39.0,42237.0,0.0,0.0,0.0,44.0,66.0,9.0,0.0,100.0,100.0,100.0,103.0,100.0,103.0,100.0,50.0,50.0,0.0,2.732000129763037,2.732000129763037,2.732000129763037,2.732000129763037,14.70000021904707,1.0,2.465630054473877,0.0,0.0,13.0,3.000000142492354,3.1810001510893926,14.100000210106373,10.0,0.0,0.0,-8.557242393493652,0.0,0.0,0.0,1.0,47.0,1050.0,-33.0,98.0,0.0,11.0,0.0,0.0,11.0,10.0,1867.0,103.43490600585938,0.0,0.0,0.0,0.0,0.0,0.0,0.0,0.0,0.0,0.0,0.0,0.0,0.0,0.0,0.0,0.0,13.0,0.0,0.0,0.0,2.0,0
8.86400032043457,205.0,1081.0,39.0,42159.0,0.0,0.0,0.0,44.0,66.0,9.0,0.0,100.0,100.0,100.0,103.0,100.0,103.0,100.0,50.0,50.0,0.0,2.732000129763037,2.732000129763037,2.732000129763037,2.732000129763037,14.70000021904707,1.0,2.4610767364501953,0.0,0.0,13.0,3.000000142492354,3.018000143347308,14.100000210106373,70.0,0.0,0.0,-8.557242393493652,0.0,0.0,0.0,1.0,46.0,1050.0,-31.0,98.0,0.0,11.0,0.0,0.0,11.0,10.0,1867.0,103.62627410888672,0.0,0.0,0.0,0.0,0.0,0.0,0.0,0.0,0.0,0.0,0.0,0.0,0.0,0.0,0.0,0.0,13.0,0.0,0.0,0.0,2.0,0
8.99899959564209,205.0,1081.0,39.0,42159.0,0.0,0.0,0.0,44.0,66.0,9.0,0.0,100.0,100.0,100.0,103.0,100.0,103.0,100.0,50.0,50.0,0.0,2.732000129763037,2.732000129763037,2.732000129763037,2.732000129763037,14.70000021904707,1.0,2.4610767364501953,0.0,0.0,13.0,3.000000142492354,3.0460001446772367,14.100000210106373,70.0,0.0,0.0,-8.557242393493652,0.0,0.0,0.0,1.0,46.0,1050.0,-31.0,98.0,0.0,11.0,0.0,0.0,11.0,10.0,1867.0,103.62627410888672,0.0,0.0,0.0,0.0,0.0,0.0,0.0,0.0,0.0,0.0,0.0,0.0,0.0,0.0,0.0,0.0,13.0,0.0,0.0,0.0,2.0,0
9.0649995803833,205.0,1082.0,39.0,42198.0,0.0,0.0,0.0,44.0,66.0,9.0,0.0,100.0,100.0,100.0,103.0,100.0,103.0,100.0,50.0,50.0,0.0,2.732000129763037,2.732000129763037,2.732000129763037,2.732000129763037,14.70000021904707,1.0,2.463353395462036,0.0,0.0,13.0,3.000000142492354,3.111000147764571,14.100000210106373,-20.0,0.0,0.0,-8.557242393493652,0.0,0.0,0.0,1.0,46.0,1050.0,-32.0,98.0,0.0,11.0,0.0,0.0,11.0,10.0,1867.0,103.53050231933594,0.0,0.0,0.0,0.0,0.0,0.0,0.0,0.0,0.0,0.0,0.0,0.0,0.0,0.0,0.0,0.0,13.0,0.0,0.0,0.0,2.0,0
9.133999824523926,205.0,1082.0,39.0,42198.0,0.0,0.0,0.0,44.0,66.0,9.0,0.0,100.0,100.0,100.0,103.0,100.0,103.0,100.0,50.0,50.0,0.0,2.732000129763037,2.732000129763037,2.732000129763037,2.732000129763037,14.70000021904707,1.0,2.463353395462036,0.0,0.0,13.0,3.000000142492354,3.0190001433948055,14.100000210106373,10.0,0.0,0.0,-8.557242393493652,0.0,0.0,0.0,1.0,46.0,1050.0,-32.0,98.0,0.0,11.0,0.0,0.0,11.0,10.0,1867.0,103.53050231933594,0.0,0.0,0.0,0.0,0.0,0.0,0.0,0.0,0.0,0.0,0.0,0.0,0.0,0.0,0.0,0.0,13.0,0.0,0.0,0.0,2.0,0
9.201000213623047,205.0,1079.0,39.0,42081.0,0.0,0.0,0.0,44.0,66.0,9.0,0.0,100.0,100.0,100.0,103.0,100.0,103.0,100.0,50.0,50.0,0.0,2.732000129763037,2.732000129763037,2.732000129763037,2.732000129763037,14.70000021904707,1.0,2.4565234184265137,0.0,0.0,13.0,3.000000142492354,2.8900001372676343,14.100000210106373,10.0,0.0,0.0,-8.557242393493652,0.0,0.0,0.0,1.0,46.0,1050.0,-29.0,98.0,0.0,11.0,0.0,0.0,11.0,10.0,1867.0,103.81835174560547,0.0,0.0,0.0,0.0,0.0,0.0,0.0,0.0,0.0,0.0,0.0,0.0,0.0,0.0,0.0,0.0,13.0,0.0,0.0,0.0,2.0,0
9.265000343322754,205.0,1066.0,39.0,41574.0,0.0,0.0,0.0,44.0,66.0,9.0,0.0,100.0,100.0,100.0,103.0,100.0,103.0,100.0,50.0,50.0,0.0,2.732000129763037,2.732000129763037,2.732000129763037,2.732000129763037,14.70000021904707,1.0,2.426926612854004,0.0,0.0,13.0,3.000000142492354,3.0140001431573182,14.000000208616257,-30.0,0.0,0.0,-8.557242393493652,0.0,0.0,0.0,1.0,46.0,1050.0,-16.0,98.0,0.0,11.0,0.0,0.0,11.0,10.0,1867.0,105.08442687988281,0.0,0.0,0.0,0.0,0.0,0.0,0.0,0.0,0.0,0.0,0.0,0.0,0.0,0.0,0.0,0.0,13.0,0.0,0.0,0.0,2.0,0
9.329999923706055,205.0,1066.0,39.0,41574.0,0.0,0.0,0.0,44.0,66.0,9.0,0.0,100.0,100.0,100.0,103.0,100.0,103.0,100.0,50.0,50.0,0.0,2.732000129763037,2.732000129763037,2.732000129763037,2.732000129763037,14.70000021904707,1.0,2.426926612854004,0.0,0.0,13.0,3.000000142492354,3.0150001432048157,14.000000208616257,-130.0,0.0,0.0,-8.557242393493652,0.0,0.0,0.0,1.0,46.0,1050.0,-16.0,98.0,0.0,11.0,0.0,0.0,11.0,10.0,1867.0,105.08442687988281,0.0,0.0,0.0,0.0,0.0,0.0,0.0,0.0,0.0,0.0,0.0,0.0,0.0,0.0,0.0,0.0,13.0,0.0,0.0,0.0,2.0,0
9.395999908447266,205.0,1057.0,39.0,41223.0,0.0,0.0,0.0,44.0,66.0,9.0,0.0,100.0,100.0,100.0,103.0,100.0,103.0,100.0,50.0,50.0,0.0,2.732000129763037,2.732000129763037,2.732000129763037,2.732000129763037,14.70000021904707,1.0,2.4064366817474365,0.0,0.0,13.0,3.000000142492354,2.934000139357522,14.000000208616257,-130.0,0.0,0.0,-8.557242393493652,0.0,0.0,0.0,1.0,46.0,1050.0,-7.0,98.0,0.0,11.0,0.0,0.0,11.0,10.0,1867.0,105.97918701171875,0.0,0.0,0.0,0.0,0.0,0.0,0.0,0.0,0.0,0.0,0.0,0.0,0.0,0.0,0.0,0.0,13.0,0.0,0.0,0.0,2.0,0
9.463000297546387,205.0,1057.0,39.0,41223.0,0.0,0.0,0.0,44.0,66.0,9.0,0.0,100.0,100.0,100.0,103.0,100.0,103.0,100.0,50.0,50.0,0.0,2.732000129763037,2.732000129763037,2.732000129763037,2.732000129763037,14.70000021904707,1.0,2.4064366817474365,0.0,0.0,13.0,3.000000142492354,3.000000142492354,14.000000208616257,-90.0,0.0,0.0,-8.557242393493652,0.0,0.0,0.0,1.0,46.0,1050.0,-7.0,98.0,0.0,11.0,0.0,0.0,11.0,10.0,1867.0,105.97918701171875,0.0,0.0,0.0,0.0,0.0,0.0,0.0,0.0,0.0,0.0,0.0,0.0,0.0,0.0,0.0,0.0,13.0,0.0,0.0,0.0,2.0,0
9.531000137329102,206.0,1043.0,39.0,40677.0,0.0,0.0,0.0,44.0,66.0,9.0,0.0,100.0,100.0,100.0,103.0,100.0,103.0,100.0,50.0,50.0,0.0,2.732000129763037,2.732000129763037,2.732000129763037,2.732000129763037,14.70000021904707,1.0,2.374563217163086,0.0,0.0,13.0,3.000000142492354,3.1080001476220787,14.000000208616257,-140.0,0.0,0.0,-8.557242393493652,0.0,0.0,0.0,1.0,51.0,1050.0,7.0,98.0,0.0,11.0,0.0,0.0,11.0,10.0,1866.0,107.34420013427734,0.0,0.0,0.0,0.0,0.0,0.0,0.0,0.0,0.0,0.0,0.0,0.0,0.0,0.0,0.0,0.0,13.0,0.0,0.0,0.0,2.0,0
9.595999717712402,206.0,1043.0,39.0,40677.0,0.0,0.0,0.0,44.0,66.0,9.0,0.0,100.0,100.0,100.0,103.0,100.0,103.0,100.0,50.0,50.0,0.0,2.732000129763037,2.732000129763037,2.732000129763037,2.732000129763037,14.70000021904707,1.0,2.374563217163086,0.0,0.0,13.0,3.000000142492354,3.0170001432998106,14.000000208616257,-140.0,0.0,0.0,-8.557242393493652,0.0,0.0,0.0,1.0,51.0,1050.0,7.0,98.0,0.0,11.0,0.0,0.0,11.0,10.0,1866.0,107.34420013427734,0.0,0.0,0.0,0.0,0.0,0.0,0.0,0.0,0.0,0.0,0.0,0.0,0.0,0.0,0.0,0.0,13.0,0.0,0.0,0.0,2.0,0
9.663000106811523,206.0,1041.0,39.0,40599.0,0.0,0.0,0.0,44.0,66.0,9.0,0.0,100.0,100.0,100.0,103.0,100.0,103.0,100.0,50.0,50.0,0.0,2.732000129763037,2.732000129763037,2.732000129763037,2.732000129763037,14.70000021904707,1.0,2.3700098991394043,0.0,0.0,13.0,3.000000142492354,3.155000149854459,14.000000208616257,-20.0,0.0,0.0,-8.557242393493652,0.0,0.0,0.0,1.0,51.0,1050.0,9.0,98.0,0.0,11.0,0.0,0.0,11.0,10.0,1866.0,107.55043029785156,0.0,0.0,0.0,0.0,0.0,0.0,0.0,0.0,0.0,0.0,0.0,0.0,0.0,0.0,0.0,0.0,13.0,0.0,0.0,0.0,2.0,0
9.732000350952148,206.0,1041.0,40.0,41640.0,0.0,0.0,0.0,44.0,66.0,9.0,0.0,100.0,100.0,100.0,103.0,100.0,103.0,100.0,50.0,50.0,0.0,2.768000131472945,2.768000131472945,2.768000131472945,2.768000131472945,14.70000021904707,1.0,2.401240110397339,0.0,0.0,13.0,3.000000142492354,2.9730001412099227,14.000000208616257,0.0,0.0,0.0,-8.412203788757324,0.0,0.0,0.0,1.0,51.0,1050.0,9.0,98.0,0.0,11.0,0.0,0.0,11.0,10.0,1866.0,107.55043029785156,0.0,0.0,0.0,0.0,0.0,0.0,0.0,0.0,0.0,0.0,0.0,0.0,0.0,0.0,0.0,0.0,13.0,0.0,0.0,0.0,2.0,0
9.79699993133545,206.0,1041.0,40.0,41640.0,0.0,0.0,0.0,44.0,66.0,9.0,0.0,100.0,100.0,100.0,103.0,100.0,103.0,100.0,50.0,50.0,0.0,2.768000131472945,2.768000131472945,2.768000131472945,2.768000131472945,14.70000021904707,1.0,2.401240110397339,0.0,0.0,13.0,3.000000142492354,3.02500014367979,14.000000208616257,0.0,0.0,0.0,-8.412203788757324,0.0,0.0,0.0,1.0,51.0,1050.0,9.0,98.0,0.0,11.0,0.0,0.0,11.0,10.0,1866.0,107.55043029785156,0.0,0.0,0.0,0.0,0.0,0.0,0.0,0.0,0.0,0.0,0.0,0.0,0.0,0.0,0.0,0.0,13.0,0.0,0.0,0.0,2.0,0
9.86400032043457,206.0,1055.0,40.0,42200.0,0.0,0.0,0.0,44.0,66.0,9.0,0.0,100.0,100.0,100.0,103.0,100.0,103.0,100.0,50.0,50.0,0.0,2.768000131472945,2.768000131472945,2.768000131472945,2.768000131472945,14.70000021904707,1.0,2.4335334300994873,0.0,0.0,13.0,3.000000142492354,3.009000142919831,14.000000208616257,0.0,0.0,0.0,-8.412203788757324,0.0,0.0,0.0,1.0,51.0,1050.0,-5.0,98.0,0.0,11.0,0.0,0.0,11.0,10.0,1866.0,106.12322235107422,0.0,0.0,0.0,0.0,0.0,0.0,0.0,0.0,0.0,0.0,0.0,0.0,0.0,0.0,0.0,0.0,13.0,0.0,0.0,0.0,2.0,0
9.932999610900879,206.0,1055.0,40.0,42200.0,0.0,0.0,0.0,44.0,66.0,9.0,0.0,100.0,100.0,100.0,103.0,100.0,103.0,100.0,50.0,50.0,0.0,2.768000131472945,2.768000131472945,2.768000131472945,2.768000131472945,14.70000021904707,1.0,2.4335334300994873,0.0,0.0,13.0,3.000000142492354,3.016000143252313,14.000000208616257,140.0,0.0,0.0,-8.412203788757324,0.0,0.0,0.0,1.0,51.0,1050.0,-5.0,98.0,0.0,11.0,0.0,0.0,11.0,10.0,1866.0,106.12322235107422,0.0,0.0,0.0,0.0,0.0,0.0,0.0,0.0,0.0,0.0,0.0,0.0,0.0,0.0,0.0,0.0,13.0,0.0,0.0,0.0,2.0,0
9.998000144958496,206.0,1063.0,40.0,42520.0,0.0,0.0,0.0,44.0,66.0,9.0,0.0,100.0,100.0,100.0,103.0,100.0,103.0,100.0,50.0,50.0,0.0,2.768000131472945,2.768000131472945,2.768000131472945,2.768000131472945,14.70000021904707,1.0,2.45198655128479,0.0,0.0,13.0,3.000000142492354,3.053000145009719,14.000000208616257,140.0,0.0,0.0,-8.412203788757324,0.0,0.0,0.0,1.0,51.0,1050.0,-13.0,98.0,0.0,11.0,0.0,0.0,11.0,10.0,1866.0,105.32455444335938,0.0,0.0,0.0,0.0,0.0,0.0,0.0,0.0,0.0,0.0,0.0,0.0,0.0,0.0,0.0,0.0,13.0,0.0,0.0,0.0,2.0,0
10.062999725341797,206.0,1071.0,40.0,42840.0,0.0,0.0,0.0,44.0,66.0,9.0,0.0,100.0,100.0,100.0,103.0,100.0,103.0,100.0,50.0,50.0,0.0,2.768000131472945,2.768000131472945,2.768000131472945,2.768000131472945,14.70000021904707,1.0,2.470439910888672,0.0,0.0,13.0,3.000000142492354,3.016000143252313,14.000000208616257,80.0,0.0,0.0,-8.412203788757324,0.0,0.0,0.0,1.0,51.0,1050.0,-21.0,98.0,0.0,11.0,0.0,0.0,11.0,10.0,1866.0,104.5378189086914,0.0,0.0,0.0,0.0,0.0,0.0,0.0,0.0,0.0,0.0,0.0,0.0,0.0,0.0,0.0,0.0,13.0,0.0,0.0,0.0,2.0,0
10.128999710083008,206.0,1071.0,40.0,42840.0,0.0,0.0,0.0,44.0,66.0,9.0,0.0,100.0,100.0,100.0,103.0,100.0,103.0,100.0,50.0,50.0,0.0,2.768000131472945,2.768000131472945,2.768000131472945,2.768000131472945,14.70000021904707,1.0,2.470439910888672,0.0,0.0,13.0,3.000000142492354,3.0280001438222826,14.000000208616257,80.0,0.0,0.0,-8.412203788757324,0.0,0.0,0.0,1.0,47.0,1050.0,-21.0,98.0,0.0,11.0,0.0,0.0,11.0,10.0,1866.0,104.5378189086914,0.0,0.0,0.0,0.0,0.0,0.0,0.0,0.0,0.0,0.0,0.0,0.0,0.0,0.0,0.0,0.0,13.0,0.0,0.0,0.0,2.0,0
10.197999954223633,206.0,1069.0,40.0,42760.0,0.0,0.0,0.0,44.0,66.0,9.0,0.0,100.0,100.0,100.0,103.0,100.0,103.0,100.0,50.0,50.0,0.0,2.768000131472945,2.768000131472945,2.768000131472945,2.768000131472945,14.70000021904707,1.0,2.4658267498016357,0.0,0.0,13.0,3.000000142492354,2.9130001383600757,14.000000208616257,80.0,0.0,0.0,-8.412203788757324,0.0,0.0,0.0,1.0,47.0,1050.0,-19.0,98.0,0.0,11.0,0.0,0.0,11.0,10.0,1866.0,104.7333984375,0.0,0.0,0.0,0.0,0.0,0.0,0.0,0.0,0.0,0.0,0.0,0.0,0.0,0.0,0.0,0.0,13.0,0.0,0.0,0.0,2.0,0
10.265000343322754,206.0,1069.0,39.0,41691.0,0.0,0.0,0.0,44.0,66.0,9.0,0.0,100.0,100.0,100.0,103.0,100.0,103.0,100.0,50.0,50.0,0.0,2.732000129763037,2.732000129763037,2.732000129763037,2.732000129763037,14.70000021904707,1.0,2.4337565898895264,0.0,0.0,13.0,3.000000142492354,3.016000143252313,14.000000208616257,-20.0,0.0,0.0,-8.557242393493652,0.0,0.0,0.0,1.0,47.0,1050.0,-19.0,98.0,0.0,11.0,0.0,0.0,11.0,10.0,1866.0,104.7333984375,0.0,0.0,0.0,0.0,0.0,0.0,0.0,0.0,0.0,0.0,0.0,0.0,0.0,0.0,0.0,0.0,13.0,0.0,0.0,0.0,2.0,0
10.329999923706055,206.0,1071.0,39.0,41769.0,0.0,0.0,0.0,44.0,66.0,9.0,0.0,100.0,100.0,100.0,103.0,100.0,103.0,100.0,50.0,50.0,0.0,2.732000129763037,2.732000129763037,2.732000129763037,2.732000129763037,14.70000021904707,1.0,2.438309907913208,0.0,0.0,13.0,3.000000142492354,2.9500001401174814,14.000000208616257,20.0,0.0,0.0,-8.557242393493652,0.0,0.0,0.0,1.0,47.0,1050.0,-21.0,98.0,0.0,11.0,0.0,0.0,11.0,10.0,1866.0,104.5378189086914,0.0,0.0,0.0,0.0,0.0,0.0,0.0,0.0,0.0,0.0,0.0,0.0,0.0,0.0,0.0,0.0,13.0,0.0,0.0,0.0,2.0,0
10.329999923706055,206.0,1065.0,39.0,41535.0,0.0,0.0,0.0,44.0,66.0,9.0,0.0,100.0,100.0,100.0,103.0,100.0,103.0,100.0,50.0,50.0,0.0,2.732000129763037,2.732000129763037,2.732000129763037,2.732000129763037,14.70000021904707,1.0,2.424649953842163,0.0,0.0,13.0,3.000000142492354,3.0150001432048157,14.000000208616257,20.0,0.0,0.0,-8.557242393493652,0.0,0.0,0.0,1.0,47.0,1050.0,-15.0,98.0,0.0,11.0,0.0,0.0,11.0,10.0,1866.0,105.12676239013672,0.0,0.0,0.0,0.0,0.0,0.0,0.0,0.0,0.0,0.0,0.0,0.0,0.0,0.0,0.0,0.0,13.0,0.0,0.0,0.0,2.0,0
10.468999862670898,206.0,1065.0,39.0,41535.0,0.0,0.0,0.0,44.0,66.0,9.0,0.0,100.0,100.0,100.0,103.0,100.0,103.0,100.0,50.0,50.0,0.0,2.732000129763037,2.732000129763037,2.732000129763037,2.732000129763037,14.70000021904707,1.0,2.424649953842163,0.0,0.0,13.0,3.000000142492354,3.018000143347308,14.000000208616257,-60.0,0.0,0.0,-8.557242393493652,0.0,0.0,0.0,1.0,48.0,1050.0,-15.0,98.0,0.0,11.0,0.0,0.0,11.0,10.0,1866.0,105.12676239013672,0.0,0.0,0.0,0.0,0.0,0.0,0.0,0.0,0.0,0.0,0.0,0.0,0.0,0.0,0.0,0.0,13.0,0.0,0.0,0.0,2.0,0
10.468999862670898,207.0,1069.0,39.0,41691.0,0.0,0.0,0.0,44.0,66.0,9.0,0.0,100.0,100.0,100.0,103.0,100.0,103.0,100.0,50.0,50.0,0.0,2.732000129763037,2.732000129763037,2.732000129763037,2.732000129763037,14.70000021904707,1.0,2.4337565898895264,0.0,0.0,13.0,3.000000142492354,2.980000141542405,14.000000208616257,40.0,0.0,0.0,-8.557242393493652,0.0,0.0,0.0,1.0,48.0,1050.0,-19.0,98.0,0.0,11.0,0.0,0.0,11.0,10.0,1867.0,104.78952026367188,0.0,0.0,0.0,0.0,0.0,0.0,0.0,0.0,0.0,0.0,0.0,0.0,0.0,0.0,0.0,0.0,13.0,0.0,0.0,0.0,2.0,0
10.600000381469727,207.0,1069.0,39.0,41691.0,0.0,0.0,0.0,44.0,66.0,9.0,0.0,100.0,100.0,100.0,103.0,100.0,103.0,100.0,50.0,50.0,0.0,2.732000129763037,2.732000129763037,2.732000129763037,2.732000129763037,14.70000021904707,1.0,2.4337565898895264,0.0,0.0,13.0,3.000000142492354,3.0210001434898004,14.000000208616257,40.0,0.0,0.0,-8.557242393493652,0.0,0.0,0.0,1.0,48.0,1050.0,-19.0,98.0,0.0,11.0,0.0,0.0,11.0,10.0,1867.0,104.78952026367188,0.0,0.0,0.0,0.0,0.0,0.0,0.0,0.0,0.0,0.0,0.0,0.0,0.0,0.0,0.0,0.0,13.0,0.0,0.0,0.0,2.0,0
10.666000366210938,207.0,1058.0,39.0,41262.0,0.0,0.0,0.0,44.0,66.0,9.0,0.0,100.0,100.0,100.0,103.0,100.0,103.0,100.0,50.0,50.0,0.0,2.732000129763037,2.732000129763037,2.732000129763037,2.732000129763037,14.70000021904707,1.0,2.4087133407592773,0.0,0.0,13.0,3.000000142492354,2.9860001418273896,14.000000208616257,-110.0,0.0,0.0,-8.557242393493652,0.0,0.0,0.0,1.0,48.0,1050.0,-8.0,98.0,0.0,11.0,0.0,0.0,11.0,10.0,1867.0,105.87902069091797,0.0,0.0,0.0,0.0,0.0,0.0,0.0,0.0,0.0,0.0,0.0,0.0,0.0,0.0,0.0,0.0,13.0,0.0,0.0,0.0,2.0,0
10.730999946594238,207.0,1058.0,39.0,41262.0,0.0,0.0,0.0,44.0,66.0,9.0,0.0,100.0,100.0,100.0,103.0,100.0,103.0,100.0,50.0,50.0,0.0,2.732000129763037,2.732000129763037,2.732000129763037,2.732000129763037,14.70000021904707,1.0,2.4087133407592773,0.0,0.0,13.0,3.000000142492354,3.0150001432048157,14.000000208616257,0.0,0.0,0.0,-8.557242393493652,0.0,0.0,0.0,1.0,48.0,1050.0,-8.0,98.0,0.0,11.0,0.0,0.0,11.0,10.0,1867.0,105.87902069091797,0.0,0.0,0.0,0.0,0.0,0.0,0.0,0.0,0.0,0.0,0.0,0.0,0.0,0.0,0.0,0.0,13.0,0.0,0.0,0.0,2.0,0
10.79699993133545,207.0,1054.0,39.0,41106.0,0.0,0.0,0.0,44.0,66.0,9.0,0.0,100.0,100.0,100.0,103.0,100.0,103.0,100.0,50.0,50.0,0.0,2.732000129763037,2.732000129763037,2.732000129763037,2.732000129763037,14.70000021904707,1.0,2.399606704711914,0.0,0.0,13.0,3.000000142492354,3.0120001430623233,14.000000208616257,0.0,0.0,0.0,-8.557242393493652,0.0,0.0,0.0,1.0,48.0,1050.0,-4.0,98.0,0.0,11.0,0.0,0.0,11.0,10.0,1867.0,106.28083801269531,0.0,0.0,0.0,0.0,0.0,0.0,0.0,0.0,0.0,0.0,0.0,0.0,0.0,0.0,0.0,0.0,13.0,0.0,0.0,0.0,2.0,0
10.866999626159668,207.0,1056.0,39.0,41184.0,0.0,0.0,0.0,44.0,66.0,9.0,0.0,100.0,100.0,100.0,103.0,100.0,103.0,100.0,50.0,50.0,0.0,2.732000129763037,2.732000129763037,2.732000129763037,2.732000129763037,14.70000021904707,1.0,2.4041600227355957,0.0,0.0,13.0,3.000000142492354,2.991000142064877,14.000000208616257,-40.0,0.0,0.0,-8.557242393493652,0.0,0.0,0.0,1.0,48.0,1050.0,-6.0,98.0,0.0,11.0,0.0,0.0,11.0,10.0,1867.0,106.07954406738281,0.0,0.0,0.0,0.0,0.0,0.0,0.0,0.0,0.0,0.0,0.0,0.0,0.0,0.0,0.0,0.0,13.0,0.0,0.0,0.0,2.0,0
10.932000160217285,207.0,1056.0,39.0,41184.0,0.0,0.0,0.0,44.0,66.0,9.0,0.0,100.0,100.0,100.0,103.0,100.0,103.0,100.0,50.0,50.0,0.0,2.732000129763037,2.732000129763037,2.732000129763037,2.732000129763037,14.70000021904707,1.0,2.4041600227355957,0.0,0.0,13.0,3.000000142492354,3.0230001435847953,14.000000208616257,20.0,0.0,0.0,-8.557242393493652,0.0,0.0,0.0,1.0,48.0,1050.0,-6.0,98.0,0.0,11.0,0.0,0.0,11.0,10.0,1867.0,106.07954406738281,0.0,0.0,0.0,0.0,0.0,0.0,0.0,0.0,0.0,0.0,0.0,0.0,0.0,0.0,0.0,0.0,13.0,0.0,0.0,0.0,2.0,0
10.996999740600586,207.0,1060.0,39.0,41340.0,0.0,0.0,0.0,44.0,66.0,9.0,0.0,100.0,100.0,100.0,103.0,100.0,103.0,100.0,50.0,50.0,0.0,2.732000129763037,2.732000129763037,2.732000129763037,2.732000129763037,14.70000021904707,1.0,2.413266658782959,0.0,0.0,13.0,3.000000142492354,2.9240001388825476,14.000000208616257,20.0,0.0,0.0,-8.557242393493652,0.0,0.0,0.0,1.0,48.0,1050.0,-10.0,98.0,0.0,11.0,0.0,0.0,11.0,10.0,1867.0,105.67924499511719,0.0,0.0,0.0,0.0,0.0,0.0,0.0,0.0,0.0,0.0,0.0,0.0,0.0,0.0,0.0,0.0,13.0,0.0,0.0,0.0,2.0,0
11.062999725341797,207.0,1060.0,39.0,41340.0,0.0,0.0,0.0,44.0,66.0,9.0,0.0,100.0,100.0,100.0,103.0,100.0,103.0,100.0,50.0,50.0,0.0,2.732000129763037,2.732000129763037,2.732000129763037,2.732000129763037,14.70000021904707,1.0,2.413266658782959,0.0,0.0,13.0,3.000000142492354,3.016000143252313,14.000000208616257,40.0,0.0,0.0,-8.557242393493652,0.0,0.0,0.0,1.0,48.0,1050.0,-10.0,98.0,0.0,11.0,0.0,0.0,11.0,10.0,1867.0,105.67924499511719,0.0,0.0,0.0,0.0,0.0,0.0,0.0,0.0,0.0,0.0,0.0,0.0,0.0,0.0,0.0,0.0,13.0,0.0,0.0,0.0,2.0,0
11.131999969482422,207.0,1064.0,39.0,41496.0,0.0,0.0,0.0,44.0,66.0,9.0,0.0,100.0,100.0,100.0,103.0,100.0,103.0,100.0,50.0,50.0,0.0,2.732000129763037,2.732000129763037,2.732000129763037,2.732000129763037,14.70000021904707,1.0,2.4223732948303223,0.0,0.0,13.0,3.000000142492354,3.0440001445822418,14.000000208616257,40.0,0.0,0.0,-8.557242393493652,0.0,0.0,0.0,1.0,48.0,1050.0,-14.0,98.0,0.0,11.0,0.0,0.0,11.0,10.0,1867.0,105.28195190429688,0.0,0.0,0.0,0.0,0.0,0.0,0.0,0.0,0.0,0.0,0.0,0.0,0.0,0.0,0.0,0.0,13.0,0.0,0.0,0.0,2.0,0
11.199000358581543,207.0,1067.0,39.0,41613.0,0.0,0.0,0.0,44.0,66.0,9.0,0.0,100.0,100.0,100.0,103.0,100.0,103.0,100.0,50.0,50.0,0.0,2.732000129763037,2.732000129763037,2.732000129763037,2.732000129763037,14.70000021904707,1.0,2.4292032718658447,0.0,0.0,13.0,3.000000142492354,2.9550001403549686,14.000000208616257,40.0,0.0,0.0,-8.557242393493652,0.0,0.0,0.0,1.0,48.0,1050.0,-17.0,98.0,0.0,11.0,0.0,0.0,11.0,10.0,1867.0,104.9859390258789,0.0,0.0,0.0,0.0,0.0,0.0,0.0,0.0,0.0,0.0,0.0,0.0,0.0,0.0,0.0,0.0,13.0,0.0,0.0,0.0,2.0,0
11.262999534606934,207.0,1067.0,39.0,41613.0,0.0,0.0,0.0,44.0,66.0,9.0,0.0,100.0,100.0,100.0,103.0,100.0,103.0,100.0,50.0,50.0,0.0,2.732000129763037,2.732000129763037,2.732000129763037,2.732000129763037,14.70000021904707,1.0,2.4292032718658447,0.0,0.0,13.0,3.000000142492354,3.0210001434898004,14.000000208616257,30.0,0.0,0.0,-8.557242393493652,0.0,0.0,0.0,1.0,48.0,1050.0,-17.0,98.0,0.0,11.0,0.0,0.0,11.0,10.0,1867.0,104.9859390258789,0.0,0.0,0.0,0.0,0.0,0.0,0.0,0.0,0.0,0.0,0.0,0.0,0.0,0.0,0.0,0.0,13.0,0.0,0.0,0.0,2.0,0
11.262999534606934,207.0,1071.0,39.0,41769.0,0.0,0.0,0.0,44.0,66.0,9.0,0.0,100.0,100.0,100.0,103.0,100.0,103.0,100.0,50.0,50.0,0.0,2.732000129763037,2.732000129763037,2.732000129763037,2.732000129763037,14.70000021904707,1.0,2.438309907913208,0.0,0.0,13.0,3.000000142492354,2.881000136840157,14.000000208616257,30.0,0.0,0.0,-8.557242393493652,0.0,0.0,0.0,1.0,48.0,1050.0,-21.0,98.0,0.0,11.0,0.0,0.0,11.0,10.0,1867.0,104.59383392333984,0.0,0.0,0.0,0.0,0.0,0.0,0.0,0.0,0.0,0.0,0.0,0.0,0.0,0.0,0.0,0.0,13.0,0.0,0.0,0.0,2.0,0
11.394000053405762,207.0,1071.0,39.0,41769.0,0.0,0.0,0.0,44.0,66.0,9.0,0.0,100.0,100.0,100.0,103.0,100.0,103.0,100.0,50.0,50.0,0.0,2.732000129763037,2.732000129763037,2.732000129763037,2.732000129763037,14.70000021904707,1.0,2.438309907913208,0.0,0.0,13.0,3.000000142492354,3.016000143252313,14.000000208616257,40.0,0.0,0.0,-8.557242393493652,0.0,0.0,0.0,1.0,46.0,1050.0,-21.0,98.0,0.0,11.0,0.0,0.0,11.0,10.0,1867.0,104.59383392333984,0.0,0.0,0.0,0.0,0.0,0.0,0.0,0.0,0.0,0.0,0.0,0.0,0.0,0.0,0.0,0.0,13.0,0.0,0.0,0.0,2.0,0
11.46399974822998,207.0,1075.0,39.0,41925.0,0.0,0.0,0.0,44.0,66.0,9.0,0.0,100.0,100.0,100.0,103.0,100.0,103.0,100.0,50.0,50.0,0.0,2.732000129763037,2.732000129763037,2.732000129763037,2.732000129763037,14.70000021904707,1.0,2.4474167823791504,0.0,0.0,13.0,3.000000142492354,3.0540001450572163,14.000000208616257,40.0,0.0,0.0,-8.557242393493652,0.0,0.0,0.0,1.0,46.0,1050.0,-25.0,98.0,0.0,11.0,0.0,0.0,11.0,10.0,1867.0,104.20465087890625,0.0,0.0,0.0,0.0,0.0,0.0,0.0,0.0,0.0,0.0,0.0,0.0,0.0,0.0,0.0,0.0,13.0,0.0,0.0,0.0,2.0,0
11.529999732971191,207.0,1075.0,39.0,41925.0,0.0,0.0,0.0,44.0,66.0,9.0,0.0,100.0,100.0,100.0,103.0,100.0,103.0,100.0,50.0,50.0,0.0,2.732000129763037,2.732000129763037,2.732000129763037,2.732000129763037,14.70000021904707,1.0,2.4474167823791504,0.0,0.0,13.0,3.000000142492354,2.8990001376951113,14.000000208616257,40.0,0.0,0.0,-8.557242393493652,0.0,0.0,0.0,1.0,46.0,1050.0,-25.0,98.0,0.0,11.0,0.0,0.0,11.0,10.0,1867.0,104.20465087890625,0.0,0.0,0.0,0.0,0.0,0.0,0.0,0.0,0.0,0.0,0.0,0.0,0.0,0.0,0.0,0.0,13.0,0.0,0.0,0.0,2.0,0
11.60099983215332,208.0,1075.0,39.0,41925.0,0.0,0.0,0.0,44.0,66.0,9.0,0.0,100.0,100.0,100.0,103.0,100.0,103.0,100.0,50.0,50.0,0.0,2.732000129763037,2.732000129763037,2.732000129763037,2.732000129763037,14.70000021904707,1.0,2.4474167823791504,0.0,0.0,13.0,3.000000142492354,3.016000143252313,14.000000208616257,0.0,0.0,0.0,-8.557242393493652,0.0,0.0,0.0,1.0,46.0,1050.0,-25.0,98.0,0.0,11.0,0.0,0.0,11.0,10.0,1861.0,103.86976623535156,0.0,0.0,0.0,0.0,0.0,0.0,0.0,0.0,0.0,0.0,0.0,0.0,0.0,0.0,0.0,0.0,13.0,0.0,0.0,0.0,2.0,0
11.664999961853027,208.0,1067.0,39.0,41613.0,0.0,0.0,0.0,44.0,66.0,9.0,0.0,100.0,100.0,100.0,103.0,100.0,103.0,100.0,50.0,50.0,0.0,2.732000129763037,2.732000129763037,2.732000129763037,2.732000129763037,14.70000021904707,1.0,2.4292032718658447,0.0,0.0,13.0,3.000000142492354,2.987000141874887,14.000000208616257,-80.0,0.0,0.0,-8.557242393493652,0.0,0.0,0.0,1.0,47.0,1050.0,-17.0,98.0,0.0,11.0,0.0,0.0,11.0,10.0,1861.0,104.64854431152344,0.0,0.0,0.0,0.0,0.0,0.0,0.0,0.0,0.0,0.0,0.0,0.0,0.0,0.0,0.0,0.0,13.0,0.0,0.0,0.0,2.0,0
11.730999946594238,208.0,1067.0,39.0,41613.0,0.0,0.0,0.0,44.0,66.0,9.0,0.0,100.0,100.0,100.0,103.0,100.0,103.0,100.0,50.0,50.0,0.0,2.732000129763037,2.732000129763037,2.732000129763037,2.732000129763037,14.70000021904707,1.0,2.4292032718658447,0.0,0.0,13.0,3.000000142492354,3.0150001432048157,14.000000208616257,-80.0,0.0,0.0,-8.557242393493652,0.0,0.0,0.0,1.0,47.0,1050.0,-17.0,98.0,0.0,11.0,0.0,0.0,11.0,10.0,1861.0,104.64854431152344,0.0,0.0,0.0,0.0,0.0,0.0,0.0,0.0,0.0,0.0,0.0,0.0,0.0,0.0,0.0,0.0,13.0,0.0,0.0,0.0,2.0,0
11.79699993133545,208.0,1058.0,39.0,41262.0,0.0,0.0,0.0,44.0,66.0,9.0,0.0,100.0,100.0,100.0,103.0,100.0,103.0,100.0,50.0,50.0,0.0,2.732000129763037,2.732000129763037,2.732000129763037,2.732000129763037,14.70000021904707,1.0,2.4087133407592773,0.0,0.0,13.0,3.000000142492354,3.1300001486670226,14.000000208616257,0.0,0.0,0.0,-8.557242393493652,0.0,0.0,0.0,1.0,47.0,1050.0,-8.0,98.0,0.0,11.0,0.0,0.0,11.0,10.0,1861.0,105.53874969482422,0.0,0.0,0.0,0.0,0.0,0.0,0.0,0.0,0.0,0.0,0.0,0.0,0.0,0.0,0.0,0.0,13.0,0.0,0.0,0.0,2.0,0
11.866000175476074,208.0,1059.0,39.0,41301.0,0.0,0.0,0.0,44.0,66.0,9.0,0.0,100.0,100.0,100.0,103.0,100.0,103.0,100.0,50.0,50.0,0.0,2.732000129763037,2.732000129763037,2.732000129763037,2.732000129763037,14.70000021904707,1.0,2.410989999771118,0.0,0.0,13.0,3.000000142492354,3.0170001432998106,14.000000208616257,-90.0,0.0,0.0,-8.557242393493652,0.0,0.0,0.0,1.0,47.0,1050.0,-9.0,98.0,0.0,11.0,0.0,0.0,11.0,10.0,1861.0,105.43909454345703,0.0,0.0,0.0,0.0,0.0,0.0,0.0,0.0,0.0,0.0,0.0,0.0,0.0,0.0,0.0,0.0,13.0,0.0,0.0,0.0,2.0,0
11.930999755859375,208.0,1059.0,39.0,41301.0,0.0,0.0,0.0,44.0,66.0,9.0,0.0,100.0,100.0,100.0,103.0,100.0,103.0,100.0,50.0,50.0,0.0,2.732000129763037,2.732000129763037,2.732000129763037,2.732000129763037,14.70000021904707,1.0,2.410989999771118,0.0,0.0,13.0,3.000000142492354,3.02900014386978,14.000000208616257,-90.0,0.0,0.0,-8.557242393493652,0.0,0.0,0.0,1.0,47.0,1050.0,-9.0,98.0,0.0,11.0,0.0,0.0,11.0,10.0,1861.0,105.43909454345703,0.0,0.0,0.0,0.0,0.0,0.0,0.0,0.0,0.0,0.0,0.0,0.0,0.0,0.0,0.0,0.0,13.0,0.0,0.0,0.0,2.0,0
11.996999740600586,208.0,1049.0,39.0,40911.0,0.0,0.0,0.0,44.0,66.0,9.0,0.0,100.0,100.0,100.0,103.0,100.0,103.0,100.0,50.0,50.0,0.0,2.732000129763037,2.732000129763037,2.732000129763037,2.732000129763037,14.70000021904707,1.0,2.38822340965271,0.0,0.0,13.0,3.000000142492354,2.998000142397359,14.000000208616257,10.0,0.0,0.0,-8.557242393493652,0.0,0.0,0.0,1.0,48.0,1050.0,1.0,98.0,0.0,11.0,0.0,0.0,11.0,10.0,1861.0,106.44422912597656,0.0,0.0,0.0,0.0,0.0,0.0,0.0,0.0,0.0,0.0,0.0,0.0,0.0,0.0,0.0,0.0,13.0,0.0,0.0,0.0,2.0,0
11.996999740600586,208.0,1049.0,39.0,40911.0,0.0,0.0,0.0,44.0,66.0,9.0,0.0,100.0,100.0,100.0,103.0,100.0,103.0,100.0,50.0,50.0,0.0,2.732000129763037,2.732000129763037,2.732000129763037,2.732000129763037,14.70000021904707,1.0,2.38822340965271,0.0,0.0,13.0,3.000000142492354,3.022000143537298,14.000000208616257,-100.0,0.0,0.0,-8.557242393493652,0.0,0.0,0.0,1.0,48.0,1050.0,1.0,98.0,0.0,11.0,0.0,0.0,11.0,10.0,1861.0,106.44422912597656,0.0,0.0,0.0,0.0,0.0,0.0,0.0,0.0,0.0,0.0,0.0,0.0,0.0,0.0,0.0,0.0,13.0,0.0,0.0,0.0,2.0,0
12.131999969482422,208.0,1047.0,39.0,40833.0,0.0,0.0,0.0,44.0,66.0,9.0,0.0,100.0,100.0,100.0,103.0,100.0,103.0,100.0,50.0,50.0,0.0,2.732000129763037,2.732000129763037,2.732000129763037,2.732000129763037,14.70000021904707,1.0,2.3836700916290283,0.0,0.0,13.0,3.000000142492354,3.0680001457221806,14.000000208616257,-100.0,0.0,0.0,-8.557242393493652,0.0,0.0,0.0,1.0,48.0,1050.0,3.0,98.0,0.0,11.0,0.0,0.0,11.0,10.0,1861.0,106.64756774902344,0.0,0.0,0.0,0.0,0.0,0.0,0.0,0.0,0.0,0.0,0.0,0.0,0.0,0.0,0.0,0.0,13.0,0.0,0.0,0.0,2.0,0
12.197999954223633,208.0,1047.0,39.0,40833.0,0.0,0.0,0.0,44.0,66.0,9.0,0.0,100.0,100.0,100.0,103.0,100.0,103.0,100.0,50.0,50.0,0.0,2.732000129763037,2.732000129763037,2.732000129763037,2.732000129763037,14.70000021904707,1.0,2.3836700916290283,0.0,0.0,13.0,3.000000142492354,3.016000143252313,14.000000208616257,-20.0,0.0,0.0,-8.557242393493652,0.0,0.0,0.0,1.0,48.0,1050.0,3.0,98.0,0.0,11.0,0.0,0.0,11.0,10.0,1861.0,106.64756774902344,0.0,0.0,0.0,0.0,0.0,0.0,0.0,0.0,0.0,0.0,0.0,0.0,0.0,0.0,0.0,0.0,13.0,0.0,0.0,0.0,2.0,0
12.197999954223633,208.0,1051.0,39.0,40989.0,0.0,0.0,0.0,44.0,66.0,9.0,0.0,100.0,100.0,100.0,103.0,100.0,103.0,100.0,50.0,50.0,0.0,2.732000129763037,2.732000129763037,2.732000129763037,2.732000129763037,14.70000021904707,1.0,2.3927767276763916,0.0,0.0,13.0,3.000000142492354,3.129000148619525,14.000000208616257,40.0,0.0,0.0,-8.557242393493652,0.0,0.0,0.0,1.0,49.0,1050.0,-1.0,98.0,0.0,11.0,0.0,0.0,11.0,10.0,1861.0,106.2416763305664,0.0,0.0,0.0,0.0,0.0,0.0,0.0,0.0,0.0,0.0,0.0,0.0,0.0,0.0,0.0,0.0,13.0,0.0,0.0,0.0,2.0,0
12.262999534606934,208.0,1053.0,39.0,41067.0,0.0,0.0,0.0,44.0,66.0,9.0,0.0,100.0,100.0,100.0,103.0,100.0,103.0,100.0,50.0,50.0,0.0,2.732000129763037,2.732000129763037,2.732000129763037,2.732000129763037,14.70000021904707,1.0,2.3973300457000732,0.0,0.0,13.0,3.000000142492354,3.0230001435847953,14.000000208616257,40.0,0.0,0.0,-8.557242393493652,0.0,0.0,0.0,1.0,49.0,1050.0,-3.0,98.0,0.0,11.0,0.0,0.0,11.0,10.0,1861.0,106.03988647460938,0.0,0.0,0.0,0.0,0.0,0.0,0.0,0.0,0.0,0.0,0.0,0.0,0.0,0.0,0.0,0.0,13.0,0.0,0.0,0.0,2.0,0
12.402000427246094,208.0,1053.0,39.0,41067.0,0.0,0.0,0.0,44.0,66.0,9.0,0.0,100.0,100.0,100.0,103.0,100.0,103.0,100.0,50.0,50.0,0.0,2.732000129763037,2.732000129763037,2.732000129763037,2.732000129763037,14.70000021904707,1.0,2.3973300457000732,0.0,0.0,13.0,3.000000142492354,3.0320001440122724,14.000000208616257,20.0,0.0,0.0,-8.557242393493652,0.0,0.0,0.0,1.0,49.0,1050.0,-3.0,98.0,0.0,11.0,0.0,0.0,11.0,10.0,1861.0,106.03988647460938,0.0,0.0,0.0,0.0,0.0,0.0,0.0,0.0,0.0,0.0,0.0,0.0,0.0,0.0,0.0,0.0,13.0,0.0,0.0,0.0,2.0,0
12.468000411987305,208.0,1050.0,39.0,40950.0,0.0,0.0,0.0,44.0,66.0,9.0,0.0,100.0,100.0,100.0,103.0,100.0,103.0,100.0,50.0,50.0,0.0,2.732000129763037,2.732000129763037,2.732000129763037,2.732000129763037,14.70000021904707,1.0,2.390500068664551,0.0,0.0,13.0,3.000000142492354,2.998000142397359,14.000000208616257,-30.0,0.0,0.0,-8.557242393493652,0.0,0.0,0.0,1.0,49.0,1050.0,0.0,98.0,0.0,11.0,0.0,0.0,11.0,10.0,1861.0,106.34285736083984,0.0,0.0,0.0,0.0,0.0,0.0,0.0,0.0,0.0,0.0,0.0,0.0,0.0,0.0,0.0,0.0,13.0,0.0,0.0,0.0,2.0,0
12.532999992370605,208.0,1050.0,39.0,40950.0,0.0,0.0,0.0,44.0,66.0,9.0,0.0,100.0,100.0,100.0,103.0,100.0,103.0,100.0,50.0,50.0,0.0,2.732000129763037,2.732000129763037,2.732000129763037,2.732000129763037,14.70000021904707,1.0,2.390500068664551,0.0,0.0,13.0,3.000000142492354,3.016000143252313,14.000000208616257,-30.0,0.0,0.0,-8.557242393493652,0.0,0.0,0.0,1.0,49.0,1050.0,0.0,98.0,0.0,11.0,0.0,0.0,11.0,10.0,1861.0,106.34285736083984,0.0,0.0,0.0,0.0,0.0,0.0,0.0,0.0,0.0,0.0,0.0,0.0,0.0,0.0,0.0,0.0,13.0,0.0,0.0,0.0,2.0,0
12.598999977111816,209.0,1054.0,39.0,41106.0,0.0,0.0,0.0,44.0,66.0,9.0,0.0,100.0,100.0,100.0,103.0,100.0,103.0,100.0,50.0,50.0,0.0,2.732000129763037,2.732000129763037,2.732000129763037,2.732000129763037,14.70000021904707,1.0,2.399606704711914,0.0,0.0,13.0,3.000000142492354,3.089000146719627,14.000000208616257,40.0,0.0,0.0,-8.557242393493652,0.0,0.0,0.0,1.0,48.0,1050.0,-4.0,98.0,0.0,11.0,0.0,0.0,11.0,10.0,1865.0,106.16698455810547,0.0,0.0,0.0,0.0,0.0,0.0,0.0,0.0,0.0,0.0,0.0,0.0,0.0,0.0,0.0,0.0,13.0,0.0,0.0,0.0,2.0,0
12.663999557495117,209.0,1060.0,39.0,41340.0,0.0,0.0,0.0,44.0,66.0,9.0,0.0,100.0,100.0,100.0,103.0,100.0,103.0,100.0,50.0,50.0,0.0,2.732000129763037,2.732000129763037,2.732000129763037,2.732000129763037,14.70000021904707,1.0,2.413266658782959,0.0,0.0,13.0,3.000000142492354,3.016000143252313,14.000000208616257,60.0,0.0,0.0,-8.557242393493652,0.0,0.0,0.0,1.0,48.0,1050.0,-10.0,98.0,0.0,11.0,0.0,0.0,11.0,10.0,1865.0,105.5660400390625,0.0,0.0,0.0,0.0,0.0,0.0,0.0,0.0,0.0,0.0,0.0,0.0,0.0,0.0,0.0,0.0,13.0,0.0,0.0,0.0,2.0,0
12.729999542236328,209.0,1060.0,39.0,41340.0,0.0,0.0,0.0,44.0,66.0,9.0,0.0,100.0,100.0,100.0,103.0,100.0,103.0,100.0,50.0,50.0,0.0,2.732000129763037,2.732000129763037,2.732000129763037,2.732000129763037,14.70000021904707,1.0,2.413266658782959,0.0,0.0,13.0,3.000000142492354,3.007000142824836,14.000000208616257,60.0,0.0,0.0,-8.557242393493652,0.0,0.0,0.0,1.0,48.0,1050.0,-10.0,98.0,0.0,11.0,0.0,0.0,11.0,10.0,1865.0,105.5660400390625,0.0,0.0,0.0,0.0,0.0,0.0,0.0,0.0,0.0,0.0,0.0,0.0,0.0,0.0,0.0,0.0,13.0,0.0,0.0,0.0,2.0,0
12.803999900817871,209.0,1053.0,39.0,41067.0,0.0,0.0,0.0,44.0,66.0,9.0,0.0,100.0,100.0,100.0,103.0,100.0,103.0,100.0,50.0,50.0,0.0,2.732000129763037,2.732000129763037,2.732000129763037,2.732000129763037,14.70000021904707,1.0,2.3973300457000732,0.0,0.0,13.0,3.000000142492354,3.0480001447722316,14.000000208616257,0.0,0.0,0.0,-8.557242393493652,0.0,0.0,0.0,1.0,48.0,1050.0,-3.0,98.0,0.0,11.0,0.0,0.0,11.0,10.0,1865.0,106.26780700683594,0.0,0.0,0.0,0.0,0.0,0.0,0.0,0.0,0.0,0.0,0.0,0.0,0.0,0.0,0.0,0.0,13.0,0.0,0.0,0.0,2.0,0
12.869999885559082,209.0,1053.0,39.0,41067.0,0.0,0.0,0.0,44.0,66.0,9.0,0.0,100.0,100.0,100.0,103.0,100.0,103.0,100.0,50.0,50.0,0.0,2.732000129763037,2.732000129763037,2.732000129763037,2.732000129763037,14.70000021904707,1.0,2.3973300457000732,0.0,0.0,13.0,3.000000142492354,3.0170001432998106,14.000000208616257,-70.0,0.0,0.0,-8.557242393493652,0.0,0.0,0.0,1.0,48.0,1050.0,-3.0,98.0,0.0,11.0,0.0,0.0,11.0,10.0,1865.0,106.26780700683594,0.0,0.0,0.0,0.0,0.0,0.0,0.0,0.0,0.0,0.0,0.0,0.0,0.0,0.0,0.0,0.0,13.0,0.0,0.0,0.0,2.0,0
12.869999885559082,209.0,1058.0,39.0,41262.0,0.0,0.0,0.0,44.0,66.0,9.0,0.0,100.0,100.0,100.0,103.0,100.0,103.0,100.0,50.0,50.0,0.0,2.732000129763037,2.732000129763037,2.732000129763037,2.732000129763037,14.70000021904707,1.0,2.4087133407592773,0.0,0.0,13.0,3.000000142492354,3.155000149854459,14.000000208616257,-70.0,0.0,0.0,-8.557242393493652,0.0,0.0,0.0,1.0,48.0,1050.0,-8.0,98.0,0.0,11.0,0.0,0.0,11.0,10.0,1865.0,105.76559448242188,0.0,0.0,0.0,0.0,0.0,0.0,0.0,0.0,0.0,0.0,0.0,0.0,0.0,0.0,0.0,0.0,13.0,0.0,0.0,0.0,2.0,0
13.00100040435791,209.0,1058.0,39.0,41262.0,0.0,0.0,0.0,44.0,66.0,9.0,0.0,100.0,100.0,100.0,103.0,100.0,103.0,100.0,50.0,50.0,0.0,2.732000129763037,2.732000129763037,2.732000129763037,2.732000129763037,14.70000021904707,1.0,2.4087133407592773,0.0,0.0,13.0,3.000000142492354,3.0140001431573182,14.000000208616257,50.0,0.0,0.0,-8.557242393493652,0.0,0.0,0.0,1.0,48.0,1050.0,-8.0,98.0,0.0,11.0,0.0,0.0,11.0,10.0,1865.0,105.76559448242188,0.0,0.0,0.0,0.0,0.0,0.0,0.0,0.0,0.0,0.0,0.0,0.0,0.0,0.0,0.0,0.0,13.0,0.0,0.0,0.0,2.0,0
13.065999984741211,209.0,1058.0,39.0,41262.0,0.0,0.0,0.0,44.0,66.0,9.0,0.0,100.0,100.0,100.0,103.0,100.0,103.0,100.0,50.0,50.0,0.0,2.732000129763037,2.732000129763037,2.732000129763037,2.732000129763037,14.70000021904707,1.0,2.4087133407592773,0.0,0.0,13.0,3.000000142492354,3.020000143442303,14.000000208616257,0.0,0.0,0.0,-8.557242393493652,0.0,0.0,0.0,1.0,48.0,1050.0,-8.0,98.0,0.0,11.0,0.0,0.0,11.0,10.0,1865.0,105.76559448242188,0.0,0.0,0.0,0.0,0.0,0.0,0.0,0.0,0.0,0.0,0.0,0.0,0.0,0.0,0.0,0.0,13.0,0.0,0.0,0.0,2.0,0
13.131999969482422,209.0,1058.0,39.0,41262.0,0.0,0.0,0.0,44.0,66.0,9.0,0.0,100.0,100.0,100.0,103.0,100.0,103.0,100.0,50.0,50.0,0.0,2.732000129763037,2.732000129763037,2.732000129763037,2.732000129763037,14.70000021904707,1.0,2.4087133407592773,0.0,0.0,13.0,3.000000142492354,2.9950001422548667,14.000000208616257,0.0,0.0,0.0,-8.557242393493652,0.0,0.0,0.0,1.0,48.0,1050.0,-8.0,98.0,0.0,11.0,0.0,0.0,11.0,10.0,1865.0,105.76559448242188,0.0,0.0,0.0,0.0,0.0,0.0,0.0,0.0,0.0,0.0,0.0,0.0,0.0,0.0,0.0,0.0,13.0,0.0,0.0,0.0,2.0,0
13.201000213623047,209.0,1058.0,39.0,41262.0,0.0,0.0,0.0,44.0,66.0,9.0,0.0,100.0,100.0,100.0,103.0,100.0,103.0,100.0,50.0,50.0,0.0,2.732000129763037,2.732000129763037,2.732000129763037,2.732000129763037,14.70000021904707,1.0,2.4087133407592773,0.0,0.0,13.0,3.000000142492354,3.0280001438222826,14.000000208616257,0.0,0.0,0.0,-8.557242393493652,0.0,0.0,0.0,1.0,48.0,1050.0,-8.0,98.0,0.0,11.0,0.0,0.0,11.0,10.0,1865.0,105.76559448242188,0.0,0.0,0.0,0.0,0.0,0.0,0.0,0.0,0.0,0.0,0.0,0.0,0.0,0.0,0.0,0.0,13.0,0.0,0.0,0.0,2.0,0
13.267000198364258,209.0,1061.0,39.0,41379.0,0.0,0.0,0.0,44.0,66.0,9.0,0.0,100.0,100.0,100.0,103.0,100.0,103.0,100.0,50.0,50.0,0.0,2.732000129763037,2.732000129763037,2.732000129763037,2.732000129763037,14.70000021904707,1.0,2.4155433177948,0.0,0.0,13.0,3.000000142492354,3.0340001441072673,14.000000208616257,30.0,0.0,0.0,-8.557242393493652,0.0,0.0,0.0,1.0,48.0,1050.0,-11.0,98.0,0.0,11.0,0.0,0.0,11.0,10.0,1865.0,105.46653747558594,0.0,0.0,0.0,0.0,0.0,0.0,0.0,0.0,0.0,0.0,0.0,0.0,0.0,0.0,0.0,0.0,13.0,0.0,0.0,0.0,2.0,0
13.336000442504883,209.0,1061.0,39.0,41379.0,0.0,0.0,0.0,44.0,66.0,9.0,0.0,100.0,100.0,100.0,103.0,100.0,103.0,100.0,50.0,50.0,0.0,2.732000129763037,2.732000129763037,2.732000129763037,2.732000129763037,14.70000021904707,1.0,2.4155433177948,0.0,0.0,13.0,3.000000142492354,3.016000143252313,14.000000208616257,30.0,0.0,0.0,-8.557242393493652,0.0,0.0,0.0,1.0,48.0,1050.0,-11.0,98.0,0.0,11.0,0.0,0.0,11.0,10.0,1865.0,105.46653747558594,0.0,0.0,0.0,0.0,0.0,0.0,0.0,0.0,0.0,0.0,0.0,0.0,0.0,0.0,0.0,0.0,13.0,0.0,0.0,0.0,2.0,0
13.402000427246094,209.0,1063.0,39.0,41457.0,0.0,0.0,0.0,44.0,66.0,9.0,0.0,100.0,100.0,100.0,103.0,100.0,103.0,100.0,50.0,50.0,0.0,2.732000129763037,2.732000129763037,2.732000129763037,2.732000129763037,14.70000021904707,1.0,2.4200966358184814,0.0,0.0,13.0,3.000000142492354,3.016000143252313,14.000000208616257,20.0,0.0,0.0,-8.557242393493652,0.0,0.0,0.0,1.0,48.0,1050.0,-13.0,98.0,0.0,11.0,0.0,0.0,11.0,10.0,1865.0,105.26811218261719,0.0,0.0,0.0,0.0,0.0,0.0,0.0,0.0,0.0,0.0,0.0,0.0,0.0,0.0,0.0,0.0,13.0,0.0,0.0,0.0,2.0,0
13.468000411987305,209.0,1065.0,39.0,41535.0,0.0,0.0,0.0,44.0,66.0,9.0,0.0,100.0,100.0,100.0,103.0,100.0,103.0,100.0,50.0,50.0,0.0,2.732000129763037,2.732000129763037,2.732000129763037,2.732000129763037,14.70000021904707,1.0,2.424649953842163,0.0,0.0,13.0,3.000000142492354,2.994000142207369,14.000000208616257,20.0,0.0,0.0,-8.557242393493652,0.0,0.0,0.0,1.0,48.0,1050.0,-15.0,98.0,0.0,11.0,0.0,0.0,11.0,10.0,1865.0,105.07041931152344,0.0,0.0,0.0,0.0,0.0,0.0,0.0,0.0,0.0,0.0,0.0,0.0,0.0,0.0,0.0,0.0,13.0,0.0,0.0,0.0,2.0,0
13.532999992370605,209.0,1065.0,39.0,41535.0,0.0,0.0,0.0,44.0,66.0,9.0,0.0,100.0,100.0,100.0,103.0,100.0,103.0,100.0,50.0,50.0,0.0,2.732000129763037,2.732000129763037,2.732000129763037,2.732000129763037,14.70000021904707,1.0,2.424649953842163,0.0,0.0,13.0,3.000000142492354,3.0120001430623233,14.000000208616257,20.0,0.0,0.0,-8.557242393493652,0.0,0.0,0.0,1.0,46.0,1050.0,-15.0,98.0,0.0,11.0,0.0,0.0,11.0,10.0,1865.0,105.07041931152344,0.0,0.0,0.0,0.0,0.0,0.0,0.0,0.0,0.0,0.0,0.0,0.0,0.0,0.0,0.0,0.0,13.0,0.0,0.0,0.0,2.0,0
13.597999572753906,210.0,1061.0,39.0,41379.0,0.0,0.0,0.0,44.0,66.0,9.0,0.0,100.0,100.0,100.0,103.0,100.0,103.0,100.0,50.0,50.0,0.0,2.732000129763037,2.732000129763037,2.732000129763037,2.732000129763037,14.70000021904707,1.0,2.4155433177948,0.0,0.0,13.0,3.000000142492354,3.005000142729841,14.000000208616257,-40.0,0.0,0.0,-8.557242393493652,0.0,0.0,0.0,1.0,46.0,1050.0,-11.0,98.0,0.0,11.0,0.0,0.0,11.0,10.0,1869.0,105.69274139404297,0.0,0.0,0.0,0.0,0.0,0.0,0.0,0.0,0.0,0.0,0.0,0.0,0.0,0.0,0.0,0.0,13.0,0.0,0.0,0.0,2.0,0
13.664999961853027,210.0,1061.0,39.0,41379.0,0.0,0.0,0.0,44.0,66.0,9.0,0.0,100.0,100.0,100.0,103.0,100.0,103.0,100.0,50.0,50.0,0.0,2.732000129763037,2.732000129763037,2.732000129763037,2.732000129763037,14.70000021904707,1.0,2.4155433177948,0.0,0.0,13.0,3.000000142492354,3.016000143252313,14.000000208616257,-40.0,0.0,0.0,-8.557242393493652,0.0,0.0,0.0,1.0,46.0,1050.0,-11.0,98.0,0.0,11.0,0.0,0.0,11.0,10.0,1869.0,105.69274139404297,0.0,0.0,0.0,0.0,0.0,0.0,0.0,0.0,0.0,0.0,0.0,0.0,0.0,0.0,0.0,0.0,13.0,0.0,0.0,0.0,2.0,0
13.734999656677246,210.0,1057.0,39.0,41223.0,0.0,0.0,0.0,44.0,66.0,9.0,0.0,100.0,100.0,100.0,103.0,100.0,103.0,100.0,50.0,50.0,0.0,2.732000129763037,2.732000129763037,2.732000129763037,2.732000129763037,14.70000021904707,1.0,2.4064366817474365,0.0,0.0,13.0,3.000000142492354,3.02900014386978,14.000000208616257,0.0,0.0,0.0,-8.557242393493652,0.0,0.0,0.0,1.0,46.0,1050.0,-7.0,98.0,0.0,11.0,0.0,0.0,11.0,10.0,1869.0,106.09271240234375,0.0,0.0,0.0,0.0,0.0,0.0,0.0,0.0,0.0,0.0,0.0,0.0,0.0,0.0,0.0,0.0,13.0,0.0,0.0,0.0,2.0,0
13.803000450134277,210.0,1056.0,39.0,41184.0,0.0,0.0,0.0,44.0,66.0,9.0,0.0,100.0,100.0,100.0,103.0,100.0,103.0,100.0,50.0,50.0,0.0,2.732000129763037,2.732000129763037,2.732000129763037,2.732000129763037,14.70000021904707,1.0,2.4041600227355957,0.0,0.0,13.0,3.000000142492354,2.8950001375051215,14.000000208616257,-40.0,0.0,0.0,-8.557242393493652,0.0,0.0,0.0,1.0,47.0,1050.0,-6.0,98.0,0.0,11.0,0.0,0.0,11.0,10.0,1869.0,106.19318389892578,0.0,0.0,0.0,0.0,0.0,0.0,0.0,0.0,0.0,0.0,0.0,0.0,0.0,0.0,0.0,0.0,13.0,0.0,0.0,0.0,2.0,0
13.869000434875488,210.0,1056.0,39.0,41184.0,0.0,0.0,0.0,44.0,66.0,9.0,0.0,100.0,100.0,100.0,103.0,100.0,103.0,100.0,50.0,50.0,0.0,2.732000129763037,2.732000129763037,2.732000129763037,2.732000129763037,14.70000021904707,1.0,2.4041600227355957,0.0,0.0,13.0,3.000000142492354,3.013000143109821,14.000000208616257,-40.0,0.0,0.0,-8.557242393493652,0.0,0.0,0.0,1.0,47.0,1050.0,-6.0,98.0,0.0,11.0,0.0,0.0,11.0,10.0,1869.0,106.19318389892578,0.0,0.0,0.0,0.0,0.0,0.0,0.0,0.0,0.0,0.0,0.0,0.0,0.0,0.0,0.0,0.0,13.0,0.0,0.0,0.0,2.0,0
13.934000015258789,210.0,1054.0,39.0,41106.0,0.0,0.0,0.0,44.0,66.0,9.0,0.0,100.0,100.0,100.0,103.0,100.0,103.0,100.0,50.0,50.0,0.0,2.732000129763037,2.732000129763037,2.732000129763037,2.732000129763037,14.70000021904707,1.0,2.399606704711914,0.0,0.0,13.0,3.000000142492354,2.9020001378376037,14.000000208616257,-10.0,0.0,0.0,-8.557242393493652,0.0,0.0,0.0,1.0,47.0,1050.0,-4.0,98.0,0.0,11.0,0.0,0.0,11.0,10.0,1869.0,106.39468383789062,0.0,0.0,0.0,0.0,0.0,0.0,0.0,0.0,0.0,0.0,0.0,0.0,0.0,0.0,0.0,0.0,13.0,0.0,0.0,0.0,2.0,0
13.99899959564209,210.0,1054.0,39.0,41106.0,0.0,0.0,0.0,44.0,66.0,9.0,0.0,100.0,100.0,100.0,103.0,100.0,103.0,100.0,50.0,50.0,0.0,2.732000129763037,2.732000129763037,2.732000129763037,2.732000129763037,14.70000021904707,1.0,2.399606704711914,0.0,0.0,13.0,3.000000142492354,3.0140001431573182,14.000000208616257,-20.0,0.0,0.0,-8.557242393493652,0.0,0.0,0.0,1.0,47.0,1050.0,-4.0,98.0,0.0,11.0,0.0,0.0,11.0,10.0,1869.0,106.39468383789062,0.0,0.0,0.0,0.0,0.0,0.0,0.0,0.0,0.0,0.0,0.0,0.0,0.0,0.0,0.0,0.0,13.0,0.0,0.0,0.0,2.0,0
14.0649995803833,210.0,1025.0,39.0,39975.0,0.0,0.0,0.0,44.0,66.0,9.0,0.0,100.0,100.0,100.0,103.0,100.0,103.0,100.0,50.0,50.0,0.0,2.732000129763037,2.732000129763037,2.732000129763037,2.732000129763037,14.70000021904707,1.0,2.333583354949951,0.0,0.0,13.0,3.000000142492354,2.6530001260107383,14.000000208616257,-20.0,0.0,0.0,-8.557242393493652,0.0,0.0,0.0,1.0,47.0,1050.0,25.0,98.0,0.0,11.0,0.0,0.0,11.0,10.0,1869.0,109.40487670898438,0.0,0.0,0.0,0.0,0.0,0.0,0.0,0.0,0.0,0.0,0.0,0.0,0.0,0.0,0.0,0.0,13.0,0.0,0.0,0.0,2.0,0
14.135000228881836,210.0,1025.0,41.0,42025.0,0.0,0.0,0.0,44.0,66.0,9.0,0.0,100.0,100.0,100.0,103.0,100.0,103.0,100.0,50.0,50.0,0.0,2.805000133230351,2.805000133230351,2.805000133230351,2.805000133230351,14.70000021904707,1.0,2.395937442779541,0.0,0.0,13.0,3.000000142492354,3.0100001429673284,14.000000208616257,-290.0,0.0,0.0,-8.267166137695312,0.0,0.0,0.0,1.0,52.0,1050.0,25.0,98.0,0.0,11.0,0.0,0.0,11.0,10.0,1869.0,109.40487670898438,0.0,0.0,0.0,0.0,0.0,0.0,0.0,0.0,0.0,0.0,0.0,0.0,0.0,0.0,0.0,0.0,13.0,0.0,0.0,0.0,2.0,0
14.199999809265137,210.0,930.0,43.0,39990.0,0.0,0.0,0.0,44.0,66.0,9.0,0.0,100.0,100.0,100.0,103.0,100.0,103.0,100.0,50.0,50.0,0.0,2.916000138502568,2.916000138502568,2.916000138502568,2.916000138502568,14.70000021904707,1.0,2.2599000930786133,0.0,0.0,14.0,3.000000142492354,2.6580001262482256,14.000000208616257,-950.0,0.0,0.0,-7.977089881896973,0.0,0.0,0.0,1.0,52.0,1050.0,120.0,98.0,0.0,11.0,0.0,0.0,11.0,10.0,1869.0,120.58064270019531,0.0,0.0,0.0,0.0,0.0,0.0,0.0,0.0,0.0,0.0,0.0,0.0,0.0,0.0,0.0,0.0,14.0,0.0,0.0,0.0,2.0,0
14.265999794006348,210.0,930.0,45.0,41850.0,0.0,0.0,0.0,44.0,66.0,9.0,0.0,100.0,100.0,100.0,103.0,100.0,103.0,100.0,50.0,50.0,0.0,3.02500014367979,3.02500014367979,3.02500014367979,3.02500014367979,14.70000021904707,1.0,2.344374895095825,0.0,0.0,14.0,3.000000142492354,2.97400014125742,14.000000208616257,-950.0,0.0,0.0,-7.687014102935791,0.0,0.0,0.0,1.0,52.0,1050.0,120.0,98.0,0.0,11.0,0.0,0.0,11.0,10.0,1869.0,120.58064270019531,0.0,0.0,0.0,0.0,0.0,0.0,0.0,0.0,0.0,0.0,0.0,0.0,0.0,0.0,0.0,0.0,14.0,0.0,0.0,0.0,2.0,0
14.331000328063965,210.0,836.0,45.0,37620.0,0.0,0.0,0.0,44.0,66.0,9.0,0.0,100.0,100.0,100.0,103.0,100.0,103.0,100.0,50.0,50.0,0.0,3.02500014367979,3.02500014367979,3.02500014367979,3.02500014367979,14.70000021904707,1.0,2.1074166297912598,0.0,0.0,14.0,3.000000142492354,2.8000001329928637,13.90000020712614,0.0,0.0,0.0,-7.687014102935791,0.0,0.0,0.0,1.0,52.0,1050.0,214.0,98.0,0.0,11.0,0.0,0.0,11.0,10.0,1869.0,134.13876342773438,0.0,0.0,0.0,0.0,0.0,0.0,0.0,0.0,0.0,0.0,0.0,0.0,0.0,0.0,0.0,0.0,14.0,0.0,0.0,0.0,2.0,0
14.39799976348877,210.0,836.0,49.0,40964.0,0.0,0.0,0.0,44.0,66.0,9.0,0.0,100.0,100.0,100.0,103.0,100.0,103.0,100.0,50.0,50.0,0.0,3.208000152371824,3.208000152371824,3.208000152371824,3.208000152371824,14.70000021904707,1.0,2.2349066734313965,0.0,0.0,14.0,3.000000142492354,2.9700001410674304,13.90000020712614,-940.0,0.0,0.0,-7.1068620681762695,0.0,0.0,0.0,1.0,81.0,1050.0,214.0,98.0,0.0,11.0,0.0,0.0,11.0,10.0,1869.0,134.13876342773438,0.0,0.0,0.0,0.0,0.0,0.0,0.0,0.0,0.0,0.0,0.0,0.0,0.0,0.0,0.0,0.0,14.0,0.0,0.0,0.0,2.0,0
14.465999603271484,210.0,760.0,55.0,41800.0,0.0,0.0,0.0,44.0,66.0,9.0,0.0,100.0,100.0,100.0,103.0,100.0,103.0,100.0,50.0,50.0,0.0,3.4650001645786688,3.4650001645786688,3.4650001645786688,3.4650001645786688,14.70000021904707,1.0,2.194499969482422,0.0,0.0,15.0,3.000000142492354,3.0100001429673284,13.90000020712614,-940.0,0.0,0.0,-6.236633777618408,0.0,0.0,0.0,1.0,81.0,1050.0,290.0,98.0,0.0,11.0,0.0,0.0,11.0,10.0,1869.0,147.55262756347656,0.0,0.0,0.0,0.0,0.0,0.0,0.0,0.0,0.0,0.0,0.0,0.0,0.0,0.0,0.0,0.0,15.0,0.0,0.0,0.0,2.0,0
14.531999588012695,210.0,760.0,59.0,44840.0,0.0,0.0,0.0,44.0,66.0,9.0,0.0,100.0,100.0,100.0,103.0,100.0,103.0,100.0,50.0,50.0,0.0,3.685000175028108,3.685000175028108,3.685000175028108,3.685000175028108,14.70000021904707,1.0,2.3338332176208496,0.0,0.0,15.0,3.000000142492354,2.971000141114928,13.90000020712614,-760.0,0.0,0.0,-5.656482219696045,0.0,0.0,0.0,1.0,81.0,1050.0,290.0,98.0,0.0,11.0,0.0,0.0,11.0,10.0,1869.0,147.55262756347656,0.0,0.0,0.0,0.0,0.0,0.0,0.0,0.0,0.0,0.0,0.0,0.0,0.0,0.0,0.0,0.0,15.0,0.0,0.0,0.0,2.0,0
14.531999588012695,211.0,760.0,62.0,47120.0,0.0,0.0,0.0,44.0,66.0,9.0,0.0,100.0,100.0,100.0,103.0,100.0,103.0,100.0,50.0,50.0,0.0,3.8040001806803048,3.8040001806803048,3.8040001806803048,3.8040001806803048,14.70000021904707,1.0,2.4091999530792236,0.0,0.0,15.0,3.000000142492354,3.0150001432048157,13.700000204145908,0.0,0.0,0.0,-5.221367835998535,0.0,0.0,0.0,1.0,81.0,1050.0,290.0,98.0,0.0,11.0,0.0,0.0,11.0,10.0,1869.0,147.55262756347656,0.0,0.0,0.0,0.0,0.0,0.0,0.0,0.0,0.0,0.0,0.0,0.0,0.0,0.0,0.0,0.0,15.0,0.0,0.0,0.0,2.0,0
14.663999557495117,211.0,721.0,64.0,46144.0,0.0,0.0,0.0,44.0,66.0,9.0,0.0,100.0,100.0,100.0,103.0,100.0,103.0,100.0,50.0,50.0,0.0,3.9140001859050244,3.9140001859050244,3.9140001859050244,3.9140001859050244,14.70000021904707,1.0,2.3516616821289062,0.0,0.0,15.0,3.000000142492354,2.8350001346552745,13.700000204145908,0.0,0.0,0.0,-4.9312920570373535,0.0,0.0,0.0,1.0,81.0,1050.0,329.0,98.0,0.0,11.0,0.0,0.0,11.0,10.0,1869.0,155.5339813232422,0.0,0.0,0.0,0.0,0.0,0.0,0.0,0.0,0.0,0.0,0.0,0.0,0.0,0.0,0.0,0.0,15.0,0.0,0.0,0.0,2.0,0
14.732000350952148,211.0,721.0,69.0,49749.0,0.0,0.0,0.0,44.0,66.0,9.0,0.0,100.0,100.0,100.0,103.0,100.0,103.0,100.0,50.0,50.0,0.0,4.134000196354464,4.134000196354464,4.134000196354464,4.134000196354464,14.70000021904707,1.0,2.4838449954986572,0.0,0.0,15.0,3.000000142492354,3.03300014405977,13.700000204145908,-390.0,0.0,0.0,-4.206101894378662,0.0,0.0,0.0,1.0,100.0,1050.0,329.0,98.0,0.0,11.0,0.0,0.0,11.0,10.0,1869.0,155.5339813232422,0.0,0.0,0.0,0.0,0.0,0.0,0.0,0.0,0.0,0.0,0.0,0.0,0.0,0.0,0.0,0.0,15.0,0.0,0.0,0.0,2.0,0
14.79800033569336,211.0,705.0,70.0,49350.0,0.0,0.0,0.0,44.0,66.0,9.0,0.0,100.0,100.0,100.0,103.0,100.0,103.0,100.0,50.0,50.0,0.0,4.207000199821778,4.207000199821778,4.207000199821778,4.207000199821778,14.70000021904707,1.0,2.4716124534606934,0.0,0.0,16.0,3.000000142492354,3.0210001434898004,13.700000204145908,-160.0,0.0,0.0,-4.061063766479492,0.0,0.0,0.0,1.0,100.0,1050.0,345.0,98.0,0.0,11.0,0.0,0.0,11.0,10.0,1869.0,159.06382751464844,0.0,0.0,0.0,0.0,0.0,0.0,0.0,0.0,0.0,0.0,0.0,0.0,0.0,0.0,0.0,0.0,16.0,0.0,0.0,0.0,2.0,0
14.86400032043457,211.0,705.0,70.0,49350.0,0.0,0.0,0.0,44.0,66.0,9.0,0.0,100.0,100.0,100.0,103.0,100.0,103.0,100.0,50.0,50.0,0.0,4.207000199821778,4.207000199821778,4.207000199821778,4.207000199821778,14.70000021904707,1.0,2.4716124534606934,0.0,0.0,16.0,3.000000142492354,4.020000190939754,13.500000201165676,-160.0,0.0,0.0,-4.061063766479492,0.0,0.0,0.0,1.0,100.0,1050.0,345.0,98.0,0.0,11.0,0.0,0.0,11.0,10.0,1869.0,159.06382751464844,0.0,0.0,0.0,0.0,0.0,0.0,0.0,0.0,0.0,0.0,0.0,0.0,0.0,0.0,0.0,0.0,16.0,0.0,0.0,0.0,2.0,0
14.934000015258789,211.0,705.0,70.0,49350.0,0.0,0.0,0.0,44.0,66.0,9.0,0.0,100.0,100.0,100.0,103.0,100.0,103.0,100.0,50.0,50.0,0.0,4.207000199821778,4.207000199821778,4.207000199821778,4.207000199821778,14.70000021904707,1.0,2.4716124534606934,0.0,0.0,16.0,3.000000142492354,3.02900014386978,13.500000201165676,0.0,0.0,0.0,-4.061063766479492,0.0,0.0,0.0,1.0,100.0,1050.0,345.0,98.0,0.0,11.0,0.0,0.0,11.0,10.0,1869.0,159.06382751464844,0.0,0.0,0.0,0.0,0.0,0.0,0.0,0.0,0.0,0.0,0.0,0.0,0.0,0.0,0.0,0.0,16.0,0.0,0.0,0.0,2.0,0
14.99899959564209,211.0,779.0,69.0,53751.0,0.0,0.0,0.0,44.0,66.0,9.0,0.0,100.0,100.0,100.0,103.0,100.0,103.0,100.0,50.0,50.0,0.0,4.134000196354464,4.134000196354464,4.134000196354464,4.134000196354464,14.70000021904707,1.0,2.683655023574829,0.0,0.0,15.0,3.000000142492354,3.8970001850975677,13.500000201165676,740.0,0.0,0.0,-4.206101894378662,0.0,0.0,0.0,1.0,94.0,1050.0,271.0,98.0,0.0,11.0,0.0,0.0,11.0,10.0,1869.0,143.9537811279297,0.0,0.0,0.0,0.0,0.0,0.0,0.0,0.0,0.0,0.0,0.0,0.0,0.0,0.0,0.0,0.0,15.0,0.0,0.0,0.0,2.0,0
15.064000129699707,211.0,779.0,58.0,45182.0,0.0,0.0,0.0,44.0,66.0,9.0,0.0,100.0,100.0,100.0,103.0,100.0,103.0,100.0,50.0,50.0,0.0,3.621000171988271,3.621000171988271,3.621000171988271,3.621000171988271,14.70000021904707,1.0,2.350632429122925,0.0,0.0,15.0,3.000000142492354,3.0240001436322927,13.500000201165676,740.0,0.0,0.0,-5.801519870758057,0.0,0.0,0.0,1.0,94.0,1050.0,271.0,98.0,0.0,11.0,0.0,0.0,11.0,10.0,1869.0,143.9537811279297,0.0,0.0,0.0,0.0,0.0,0.0,0.0,0.0,0.0,0.0,0.0,0.0,0.0,0.0,0.0,0.0,15.0,0.0,0.0,0.0,2.0,0
15.131999969482422,211.0,878.0,51.0,44778.0,0.0,0.0,0.0,44.0,66.0,9.0,0.0,100.0,100.0,100.0,103.0,100.0,103.0,100.0,50.0,50.0,0.0,3.2910001563141122,3.2910001563141122,3.2910001563141122,3.2910001563141122,14.70000021904707,1.0,2.4079151153564453,0.0,0.0,14.0,3.000000142492354,3.5620001691859215,13.600000202655792,990.0,0.0,0.0,-6.81678581237793,0.0,0.0,0.0,1.0,94.0,1050.0,172.0,98.0,0.0,11.0,0.0,0.0,11.0,10.0,1869.0,127.72209930419922,0.0,0.0,0.0,0.0,0.0,0.0,0.0,0.0,0.0,0.0,0.0,0.0,0.0,0.0,0.0,0.0,14.0,0.0,0.0,0.0,2.0,0
15.131999969482422,211.0,878.0,47.0,41266.0,0.0,0.0,0.0,44.0,66.0,9.0,0.0,100.0,100.0,100.0,103.0,100.0,103.0,100.0,50.0,50.0,0.0,3.107000147574581,3.107000147574581,3.107000147574581,3.107000147574581,14.70000021904707,1.0,2.2732882499694824,0.0,0.0,14.0,3.000000142492354,3.0230001435847953,13.600000202655792,0.0,0.0,0.0,-7.396937847137451,0.0,0.0,0.0,1.0,94.0,1050.0,172.0,98.0,0.0,11.0,0.0,0.0,11.0,10.0,1869.0,127.72209930419922,0.0,0.0,0.0,0.0,0.0,0.0,0.0,0.0,0.0,0.0,0.0,0.0,0.0,0.0,0.0,0.0,14.0,0.0,0.0,0.0,2.0,0
15.270000457763672,211.0,928.0,45.0,41760.0,0.0,0.0,0.0,44.0,66.0,9.0,0.0,100.0,100.0,100.0,103.0,100.0,103.0,100.0,50.0,50.0,0.0,3.0340001441072673,3.0340001441072673,3.0340001441072673,3.0340001441072673,14.70000021904707,1.0,2.3462934494018555,0.0,0.0,14.0,3.000000142492354,2.858000135747716,13.600000202655792,0.0,0.0,0.0,-7.687014102935791,0.0,0.0,0.0,1.0,94.0,1050.0,122.0,98.0,0.0,11.0,0.0,0.0,11.0,10.0,1869.0,120.84051513671875,0.0,0.0,0.0,0.0,0.0,0.0,0.0,0.0,0.0,0.0,0.0,0.0,0.0,0.0,0.0,0.0,14.0,0.0,0.0,0.0,2.0,0
15.336000442504883,211.0,928.0,44.0,40832.0,0.0,0.0,0.0,44.0,66.0,9.0,0.0,100.0,100.0,100.0,103.0,100.0,103.0,100.0,50.0,50.0,0.0,2.9610001406399533,2.9610001406399533,2.9610001406399533,2.9610001406399533,14.70000021904707,1.0,2.28983998298645,0.0,0.0,14.0,3.000000142492354,3.0140001431573182,13.600000202655792,500.0,0.0,0.0,-7.832052230834961,0.0,0.0,0.0,1.0,76.0,1050.0,122.0,98.0,0.0,11.0,0.0,0.0,11.0,10.0,1869.0,120.84051513671875,0.0,0.0,0.0,0.0,0.0,0.0,0.0,0.0,0.0,0.0,0.0,0.0,0.0,0.0,0.0,0.0,14.0,0.0,0.0,0.0,2.0,0
15.401000022888184,211.0,882.0,44.0,38808.0,0.0,0.0,0.0,44.0,66.0,9.0,0.0,100.0,100.0,100.0,103.0,100.0,103.0,100.0,50.0,50.0,0.0,2.9610001406399533,2.9610001406399533,2.9610001406399533,2.9610001406399533,14.70000021904707,1.0,2.176335096359253,0.0,0.0,14.0,3.000000142492354,2.584000122733414,13.700000204145908,-460.0,0.0,0.0,-7.832052230834961,0.0,0.0,0.0,1.0,76.0,1050.0,168.0,98.0,0.0,11.0,0.0,0.0,11.0,10.0,1869.0,127.14286041259766,0.0,0.0,0.0,0.0,0.0,0.0,0.0,0.0,0.0,0.0,0.0,0.0,0.0,0.0,0.0,0.0,14.0,0.0,0.0,0.0,2.0,0
15.46500015258789,211.0,882.0,44.0,38808.0,0.0,0.0,0.0,44.0,66.0,9.0,0.0,100.0,100.0,100.0,103.0,100.0,103.0,100.0,50.0,50.0,0.0,2.9610001406399533,2.9610001406399533,2.9610001406399533,2.9610001406399533,14.70000021904707,1.0,2.176335096359253,0.0,0.0,14.0,3.000000142492354,2.965000140829943,13.700000204145908,-460.0,0.0,0.0,-7.832052230834961,0.0,0.0,0.0,1.0,76.0,1050.0,168.0,98.0,0.0,11.0,0.0,0.0,11.0,10.0,1869.0,127.14286041259766,0.0,0.0,0.0,0.0,0.0,0.0,0.0,0.0,0.0,0.0,0.0,0.0,0.0,0.0,0.0,0.0,14.0,0.0,0.0,0.0,2.0,0
15.46500015258789,211.0,805.0,44.0,35420.0,0.0,0.0,0.0,44.0,66.0,9.0,0.0,100.0,100.0,100.0,103.0,100.0,103.0,100.0,50.0,50.0,0.0,2.9610001406399533,2.9610001406399533,2.9610001406399533,2.9610001406399533,14.70000021904707,1.0,1.9863375425338745,0.0,0.0,15.0,3.000000142492354,2.67200012691319,13.700000204145908,-770.0,0.0,0.0,-7.832052230834961,0.0,0.0,0.0,1.0,76.0,1050.0,245.0,98.0,0.0,11.0,0.0,0.0,11.0,10.0,1869.0,139.30435180664062,0.0,0.0,0.0,0.0,0.0,0.0,0.0,0.0,0.0,0.0,0.0,0.0,0.0,0.0,0.0,0.0,15.0,0.0,0.0,0.0,2.0,0
15.60099983215332,212.0,805.0,46.0,37030.0,0.0,0.0,0.0,44.0,66.0,9.0,0.0,100.0,100.0,100.0,103.0,100.0,103.0,100.0,50.0,50.0,0.0,3.071000145864673,3.071000145864673,3.071000145864673,3.071000145864673,14.70000021904707,1.0,2.060129165649414,0.0,0.0,15.0,3.000000142492354,2.947000139974989,13.600000202655792,0.0,0.0,0.0,-7.541975975036621,0.0,0.0,0.0,1.0,97.0,1050.0,245.0,98.0,0.0,11.0,0.0,0.0,11.0,10.0,1877.0,139.90061950683594,0.0,0.0,0.0,0.0,0.0,0.0,0.0,0.0,0.0,0.0,0.0,0.0,0.0,0.0,0.0,0.0,15.0,0.0,0.0,0.0,2.0,0
15.666999816894531,212.0,726.0,46.0,33396.0,0.0,0.0,0.0,44.0,66.0,9.0,0.0,100.0,100.0,100.0,103.0,100.0,103.0,100.0,50.0,50.0,0.0,3.071000145864673,3.071000145864673,3.071000145864673,3.071000145864673,14.70000021904707,1.0,1.857954978942871,0.0,0.0,15.0,3.000000142492354,3.007000142824836,13.600000202655792,0.0,0.0,0.0,-7.541975975036621,0.0,0.0,0.0,1.0,97.0,1050.0,324.0,98.0,0.0,11.0,0.0,0.0,11.0,10.0,1877.0,155.12396240234375,0.0,0.0,0.0,0.0,0.0,0.0,0.0,0.0,0.0,0.0,0.0,0.0,0.0,0.0,0.0,0.0,15.0,0.0,0.0,0.0,2.0,0
15.732000350952148,212.0,726.0,48.0,34848.0,0.0,0.0,0.0,44.0,66.0,9.0,0.0,100.0,100.0,100.0,103.0,100.0,103.0,100.0,50.0,50.0,0.0,3.144000149331987,3.144000149331987,3.144000149331987,3.144000149331987,14.70000021904707,1.0,1.9021199941635132,0.0,0.0,15.0,3.000000142492354,2.694000127958134,13.600000202655792,-790.0,0.0,0.0,-7.2519001960754395,0.0,0.0,0.0,1.0,97.0,1050.0,324.0,98.0,0.0,11.0,0.0,0.0,11.0,10.0,1877.0,155.12396240234375,0.0,0.0,0.0,0.0,0.0,0.0,0.0,0.0,0.0,0.0,0.0,0.0,0.0,0.0,0.0,0.0,15.0,0.0,0.0,0.0,2.0,0
15.79699993133545,212.0,726.0,49.0,35574.0,0.0,0.0,0.0,44.0,66.0,9.0,0.0,100.0,100.0,100.0,103.0,100.0,103.0,100.0,50.0,50.0,0.0,3.217000152799301,3.217000152799301,3.217000152799301,3.217000152799301,14.70000021904707,1.0,1.9462850093841553,0.0,0.0,15.0,3.000000142492354,2.97800014144741,13.600000202655792,-790.0,0.0,0.0,-7.1068620681762695,0.0,0.0,0.0,1.0,97.0,1050.0,324.0,98.0,0.0,11.0,0.0,0.0,11.0,10.0,1877.0,155.12396240234375,0.0,0.0,0.0,0.0,0.0,0.0,0.0,0.0,0.0,0.0,0.0,0.0,0.0,0.0,0.0,0.0,15.0,0.0,0.0,0.0,2.0,0
15.86299991607666,212.0,670.0,49.0,32830.0,0.0,0.0,0.0,44.0,66.0,9.0,0.0,100.0,100.0,100.0,103.0,100.0,103.0,100.0,50.0,50.0,0.0,3.217000152799301,3.217000152799301,3.217000152799301,3.217000152799301,14.70000021904707,1.0,1.7961583137512207,0.0,0.0,16.0,3.000000142492354,2.920000138692558,13.40000019967556,0.0,0.0,0.0,-7.1068620681762695,0.0,0.0,0.0,1.0,97.0,1050.0,380.0,98.0,0.0,11.0,0.0,0.0,11.0,10.0,1877.0,168.0895538330078,0.0,0.0,0.0,0.0,0.0,0.0,0.0,0.0,0.0,0.0,0.0,0.0,0.0,0.0,0.0,0.0,16.0,0.0,0.0,0.0,2.0,0
15.928000450134277,212.0,670.0,52.0,34840.0,0.0,0.0,0.0,44.0,66.0,9.0,0.0,100.0,100.0,100.0,103.0,100.0,103.0,100.0,50.0,50.0,0.0,3.364000159781426,3.364000159781426,3.364000159781426,3.364000159781426,14.70000021904707,1.0,1.8782333135604858,0.0,0.0,16.0,3.000000142492354,2.920000138692558,13.40000019967556,-560.0,0.0,0.0,-6.671748161315918,0.0,0.0,0.0,1.0,100.0,1050.0,380.0,98.0,0.0,11.0,0.0,0.0,11.0,10.0,1877.0,168.0895538330078,0.0,0.0,0.0,0.0,0.0,0.0,0.0,0.0,0.0,0.0,0.0,0.0,0.0,0.0,0.0,0.0,16.0,0.0,0.0,0.0,2.0,0
15.998000144958496,212.0,670.0,64.0,42880.0,0.0,0.0,0.0,44.0,66.0,9.0,0.0,100.0,100.0,100.0,103.0,100.0,103.0,100.0,50.0,50.0,0.0,3.9140001859050244,3.9140001859050244,3.9140001859050244,3.9140001859050244,14.70000021904707,1.0,2.185316562652588,0.0,0.0,16.0,3.000000142492354,3.0140001431573182,13.40000019967556,-560.0,0.0,0.0,-4.9312920570373535,0.0,0.0,0.0,1.0,100.0,1050.0,380.0,98.0,0.0,11.0,0.0,0.0,11.0,10.0,1877.0,168.0895538330078,0.0,0.0,0.0,0.0,0.0,0.0,0.0,0.0,0.0,0.0,0.0,0.0,0.0,0.0,0.0,0.0,16.0,0.0,0.0,0.0,2.0,0
16.06399917602539,212.0,638.0,68.0,43384.0,0.0,0.0,0.0,44.0,66.0,9.0,0.0,100.0,100.0,100.0,103.0,100.0,103.0,100.0,50.0,50.0,0.0,4.097000194597058,4.097000194597058,4.097000194597058,4.097000194597058,14.70000021904707,1.0,2.1782383918762207,0.0,0.0,16.0,3.000000142492354,3.1780001509469002,13.40000019967556,0.0,0.0,0.0,-4.351140022277832,0.0,0.0,0.0,1.0,100.0,1050.0,412.0,98.0,0.0,11.0,0.0,0.0,11.0,10.0,1877.0,176.52037048339844,0.0,0.0,0.0,0.0,0.0,0.0,0.0,0.0,0.0,0.0,0.0,0.0,0.0,0.0,0.0,0.0,16.0,0.0,0.0,0.0,2.0,0
16.1299991607666,212.0,638.0,71.0,45298.0,0.0,0.0,0.0,44.0,66.0,9.0,0.0,100.0,100.0,100.0,103.0,100.0,103.0,100.0,50.0,50.0,0.0,4.244000201579183,4.244000201579183,4.244000201579183,4.244000201579183,14.70000021904707,1.0,2.2563934326171875,0.0,0.0,16.0,3.000000142492354,3.490000165766105,13.200000196695328,-320.0,0.0,0.0,-3.9160261154174805,0.0,0.0,0.0,1.0,100.0,1050.0,412.0,98.0,0.0,11.0,0.0,0.0,11.0,10.0,1877.0,176.52037048339844,0.0,0.0,0.0,0.0,0.0,0.0,0.0,0.0,0.0,0.0,0.0,0.0,0.0,0.0,0.0,0.0,16.0,0.0,0.0,0.0,2.0,0
16.200000762939453,212.0,638.0,73.0,46574.0,0.0,0.0,0.0,44.0,66.0,9.0,0.0,100.0,100.0,100.0,103.0,100.0,103.0,100.0,50.0,50.0,0.0,4.317000205046497,4.317000205046497,4.317000205046497,4.317000205046497,14.70000021904707,1.0,2.2952051162719727,0.0,0.0,16.0,3.000000142492354,3.022000143537298,13.200000196695328,-320.0,0.0,0.0,-3.6259500980377197,0.0,0.0,0.0,1.0,100.0,1050.0,412.0,98.0,0.0,11.0,0.0,0.0,11.0,10.0,1877.0,176.52037048339844,0.0,0.0,0.0,0.0,0.0,0.0,0.0,0.0,0.0,0.0,0.0,0.0,0.0,0.0,0.0,0.0,16.0,0.0,0.0,0.0,2.0,0
16.264999389648438,212.0,656.0,74.0,48544.0,0.0,0.0,0.0,44.0,66.0,9.0,0.0,100.0,100.0,100.0,103.0,100.0,103.0,100.0,50.0,50.0,0.0,4.390000208513811,4.390000208513811,4.390000208513811,4.390000208513811,14.70000021904707,1.0,2.3998665809631348,0.0,0.0,16.0,3.000000142492354,3.3760001603513956,13.200000196695328,180.0,0.0,0.0,-3.48091197013855,0.0,0.0,0.0,1.0,100.0,1050.0,394.0,98.0,0.0,11.0,0.0,0.0,11.0,10.0,1877.0,171.6768341064453,0.0,0.0,0.0,0.0,0.0,0.0,0.0,0.0,0.0,0.0,0.0,0.0,0.0,0.0,0.0,0.0,16.0,0.0,0.0,0.0,2.0,0
16.329999923706055,212.0,656.0,75.0,49200.0,0.0,0.0,0.0,44.0,66.0,9.0,0.0,100.0,100.0,100.0,103.0,100.0,103.0,100.0,50.0,50.0,0.0,4.427000210271217,4.427000210271217,4.427000210271217,4.427000210271217,14.70000021904707,1.0,2.420093297958374,0.0,0.0,16.0,3.000000142492354,3.0990001471946016,13.200000196695328,0.0,0.0,0.0,-3.335874080657959,0.0,0.0,0.0,1.0,100.0,1050.0,394.0,98.0,0.0,11.0,0.0,0.0,11.0,10.0,1877.0,171.6768341064453,0.0,0.0,0.0,0.0,0.0,0.0,0.0,0.0,0.0,0.0,0.0,0.0,0.0,0.0,0.0,0.0,16.0,0.0,0.0,0.0,2.0,0
16.395999908447266,212.0,692.0,73.0,50516.0,0.0,0.0,0.0,44.0,66.0,9.0,0.0,100.0,100.0,100.0,103.0,100.0,103.0,100.0,50.0,50.0,0.0,4.317000205046497,4.317000205046497,4.317000205046497,4.317000205046497,14.70000021904707,1.0,2.4894700050354004,0.0,0.0,16.0,3.000000142492354,3.7790001794928685,13.200000196695328,0.0,0.0,0.0,-3.6259500980377197,0.0,0.0,0.0,1.0,100.0,1050.0,358.0,98.0,0.0,11.0,0.0,0.0,11.0,10.0,1877.0,162.74566650390625,0.0,0.0,0.0,0.0,0.0,0.0,0.0,0.0,0.0,0.0,0.0,0.0,0.0,0.0,0.0,0.0,16.0,0.0,0.0,0.0,2.0,0
16.46500015258789,212.0,692.0,71.0,49132.0,0.0,0.0,0.0,44.0,66.0,9.0,0.0,100.0,100.0,100.0,103.0,100.0,103.0,100.0,50.0,50.0,0.0,4.244000201579183,4.244000201579183,4.244000201579183,4.244000201579183,14.70000021904707,1.0,2.447373390197754,0.0,0.0,16.0,3.000000142492354,4.3130002048565075,13.200000196695328,360.0,0.0,0.0,-3.9160261154174805,0.0,0.0,0.0,1.0,100.0,1050.0,358.0,98.0,0.0,11.0,0.0,0.0,11.0,10.0,1877.0,162.74566650390625,0.0,0.0,0.0,0.0,0.0,0.0,0.0,0.0,0.0,0.0,0.0,0.0,0.0,0.0,0.0,0.0,16.0,0.0,0.0,0.0,2.0,0
16.530000686645508,212.0,824.0,70.0,57680.0,0.0,0.0,0.0,44.0,66.0,9.0,0.0,100.0,100.0,100.0,103.0,100.0,103.0,100.0,50.0,50.0,0.0,4.207000199821778,4.207000199821778,4.207000199821778,4.207000199821778,14.70000021904707,1.0,2.8888065814971924,0.0,0.0,14.0,3.000000142492354,3.03300014405977,13.200000196695328,0.0,0.0,0.0,-4.061063766479492,0.0,0.0,0.0,1.0,100.0,1050.0,226.0,98.0,0.0,11.0,0.0,0.0,11.0,10.0,1877.0,136.6747589111328,0.0,0.0,0.0,0.0,0.0,0.0,0.0,0.0,0.0,0.0,0.0,0.0,0.0,0.0,0.0,0.0,14.0,0.0,0.0,0.0,2.0,0
16.600000381469727,212.0,824.0,68.0,56032.0,0.0,0.0,0.0,44.0,66.0,9.0,0.0,100.0,100.0,100.0,103.0,100.0,103.0,100.0,50.0,50.0,0.0,4.097000194597058,4.097000194597058,4.097000194597058,4.097000194597058,14.70000021904707,1.0,2.8132734298706055,0.0,0.0,14.0,3.000000142492354,3.107000147574581,13.200000196695328,0.0,0.0,0.0,-4.351140022277832,0.0,0.0,0.0,1.0,100.0,1050.0,226.0,98.0,0.0,11.0,0.0,0.0,11.0,10.0,1877.0,136.6747589111328,0.0,0.0,0.0,0.0,0.0,0.0,0.0,0.0,0.0,0.0,0.0,0.0,0.0,0.0,0.0,0.0,14.0,0.0,0.0,0.0,2.0,0
16.666000366210938,213.0,924.0,66.0,60984.0,0.0,0.0,0.0,44.0,66.0,9.0,0.0,100.0,100.0,100.0,103.0,100.0,103.0,100.0,50.0,50.0,0.0,3.9870001893723384,3.9870001893723384,3.9870001893723384,3.9870001893723384,14.70000021904707,1.0,3.0699899196624756,0.0,0.0,14.0,3.000000142492354,3.2740001555066556,13.40000019967556,1320.0,0.0,0.0,-4.641215801239014,0.0,0.0,0.0,1.0,100.0,1050.0,126.0,98.0,0.0,11.0,0.0,0.0,11.0,10.0,1878.0,121.94805145263672,0.0,0.0,0.0,0.0,0.0,0.0,0.0,0.0,0.0,0.0,0.0,0.0,0.0,0.0,0.0,0.0,14.0,0.0,0.0,0.0,2.0,0
16.731000900268555,213.0,924.0,65.0,60060.0,0.0,0.0,0.0,44.0,66.0,9.0,0.0,100.0,100.0,100.0,103.0,100.0,103.0,100.0,50.0,50.0,0.0,3.95100018766243,3.95100018766243,3.95100018766243,3.95100018766243,14.70000021904707,1.0,3.0422699451446533,0.0,0.0,14.0,3.000000142492354,3.0610001453896984,13.40000019967556,1000.0,0.0,0.0,-4.786253929138184,0.0,0.0,0.0,1.0,100.0,1050.0,126.0,98.0,0.0,11.0,0.0,0.0,11.0,10.0,1878.0,121.94805145263672,0.0,0.0,0.0,0.0,0.0,0.0,0.0,0.0,0.0,0.0,0.0,0.0,0.0,0.0,0.0,0.0,14.0,0.0,0.0,0.0,2.0,0
16.797000885009766,213.0,990.0,63.0,62370.0,0.0,0.0,0.0,44.0,66.0,9.0,0.0,100.0,100.0,100.0,103.0,100.0,103.0,100.0,50.0,50.0,0.0,3.8770001841476187,3.8770001841476187,3.8770001841476187,3.8770001841476187,14.70000021904707,1.0,3.1985249519348145,0.0,0.0,13.0,3.000000142492354,3.401000161538832,13.40000019967556,1000.0,0.0,0.0,-5.076330184936523,0.0,0.0,0.0,1.0,100.0,1050.0,60.0,98.0,0.0,11.0,0.0,0.0,11.0,10.0,1878.0,113.81818389892578,0.0,0.0,0.0,0.0,0.0,0.0,0.0,0.0,0.0,0.0,0.0,0.0,0.0,0.0,0.0,0.0,13.0,0.0,0.0,0.0,2.0,0
16.867000579833984,213.0,990.0,62.0,61380.0,0.0,0.0,0.0,44.0,66.0,9.0,0.0,100.0,100.0,100.0,103.0,100.0,103.0,100.0,50.0,50.0,0.0,3.8040001806803048,3.8040001806803048,3.8040001806803048,3.8040001806803048,14.70000021904707,1.0,3.1382999420166016,0.0,0.0,13.0,3.000000142492354,3.0650001455796883,13.40000019967556,660.0,0.0,0.0,-5.221367835998535,0.0,0.0,0.0,1.0,86.0,1050.0,60.0,98.0,0.0,11.0,0.0,0.0,11.0,10.0,1878.0,113.81818389892578,0.0,0.0,0.0,0.0,0.0,0.0,0.0,0.0,0.0,0.0,0.0,0.0,0.0,0.0,0.0,0.0,13.0,0.0,0.0,0.0,2.0,0
16.93199920654297,213.0,1037.0,60.0,62220.0,0.0,0.0,0.0,44.0,66.0,9.0,0.0,100.0,100.0,100.0,103.0,100.0,103.0,100.0,50.0,50.0,0.0,3.731000177212991,3.731000177212991,3.731000177212991,3.731000177212991,14.70000021904707,1.0,3.224205732345581,0.0,0.0,13.0,3.000000142492354,3.3340001583565027,13.700000204145908,470.0,0.0,0.0,-5.511444091796875,0.0,0.0,0.0,1.0,86.0,1050.0,13.0,98.0,0.0,11.0,0.0,0.0,11.0,10.0,1878.0,108.65959167480469,0.0,0.0,0.0,0.0,0.0,0.0,0.0,0.0,0.0,0.0,0.0,0.0,0.0,0.0,0.0,0.0,13.0,0.0,0.0,0.0,2.0,0
17.00200080871582,213.0,1066.0,59.0,62894.0,0.0,0.0,0.0,44.0,66.0,9.0,0.0,100.0,100.0,100.0,103.0,100.0,103.0,100.0,50.0,50.0,0.0,3.694000175455585,3.694000175455585,3.694000175455585,3.694000175455585,14.70000021904707,1.0,3.281503438949585,0.0,0.0,13.0,3.000000142492354,3.020000143442303,13.700000204145908,470.0,0.0,0.0,-5.656482219696045,0.0,0.0,0.0,1.0,86.0,1050.0,-16.0,98.0,0.0,11.0,0.0,0.0,11.0,10.0,1878.0,105.70356750488281,0.0,0.0,0.0,0.0,0.0,0.0,0.0,0.0,0.0,0.0,0.0,0.0,0.0,0.0,0.0,0.0,13.0,0.0,0.0,0.0,2.0,0
17.066999435424805,213.0,1066.0,58.0,61828.0,0.0,0.0,0.0,44.0,66.0,9.0,0.0,100.0,100.0,100.0,103.0,100.0,103.0,100.0,50.0,50.0,0.0,3.621000171988271,3.621000171988271,3.621000171988271,3.621000171988271,14.70000021904707,1.0,3.2166550159454346,0.0,0.0,13.0,3.000000142492354,3.022000143537298,13.700000204145908,290.0,0.0,0.0,-5.801519870758057,0.0,0.0,0.0,1.0,86.0,1050.0,-16.0,98.0,0.0,11.0,0.0,0.0,11.0,10.0,1878.0,105.70356750488281,0.0,0.0,0.0,0.0,0.0,0.0,0.0,0.0,0.0,0.0,0.0,0.0,0.0,0.0,0.0,0.0,13.0,0.0,0.0,0.0,2.0,0
17.132999420166016,213.0,1085.0,57.0,61845.0,0.0,0.0,0.0,44.0,66.0,9.0,0.0,100.0,100.0,100.0,103.0,100.0,103.0,100.0,50.0,50.0,0.0,3.5750001698033884,3.5750001698033884,3.5750001698033884,3.5750001698033884,14.70000021904707,1.0,3.232395887374878,0.0,0.0,13.0,3.000000142492354,3.1670001504244283,13.90000020712614,190.0,0.0,0.0,-5.946557998657227,0.0,0.0,0.0,1.0,74.0,1050.0,-35.0,98.0,0.0,11.0,0.0,0.0,11.0,10.0,1878.0,103.85253143310547,0.0,0.0,0.0,0.0,0.0,0.0,0.0,0.0,0.0,0.0,0.0,0.0,0.0,0.0,0.0,0.0,13.0,0.0,0.0,0.0,2.0,0
17.20199966430664,213.0,1085.0,55.0,59675.0,0.0,0.0,0.0,44.0,66.0,9.0,0.0,100.0,100.0,100.0,103.0,100.0,103.0,100.0,50.0,50.0,0.0,3.4650001645786688,3.4650001645786688,3.4650001645786688,3.4650001645786688,14.70000021904707,1.0,3.132937431335449,0.0,0.0,13.0,3.000000142492354,3.0170001432998106,13.90000020712614,190.0,0.0,0.0,-6.236633777618408,0.0,0.0,0.0,1.0,74.0,1050.0,-35.0,98.0,0.0,11.0,0.0,0.0,11.0,10.0,1878.0,103.85253143310547,0.0,0.0,0.0,0.0,0.0,0.0,0.0,0.0,0.0,0.0,0.0,0.0,0.0,0.0,0.0,0.0,13.0,0.0,0.0,0.0,2.0,0
17.26799964904785,213.0,1094.0,53.0,57982.0,0.0,0.0,0.0,44.0,66.0,9.0,0.0,100.0,100.0,100.0,103.0,100.0,103.0,100.0,50.0,50.0,0.0,3.392000161111355,3.392000161111355,3.392000161111355,3.392000161111355,14.70000021904707,1.0,3.0923733711242676,0.0,0.0,13.0,3.000000142492354,3.1540001498069614,13.90000020712614,90.0,0.0,0.0,-6.526710033416748,0.0,0.0,0.0,1.0,74.0,1050.0,-44.0,98.0,0.0,11.0,0.0,0.0,11.0,10.0,1878.0,102.9981689453125,0.0,0.0,0.0,0.0,0.0,0.0,0.0,0.0,0.0,0.0,0.0,0.0,0.0,0.0,0.0,0.0,13.0,0.0,0.0,0.0,2.0,0
17.33300018310547,213.0,1093.0,52.0,56836.0,0.0,0.0,0.0,44.0,66.0,9.0,0.0,100.0,100.0,100.0,103.0,100.0,103.0,100.0,50.0,50.0,0.0,3.355000159353949,3.355000159353949,3.355000159353949,3.355000159353949,14.70000021904707,1.0,3.0558457374572754,0.0,0.0,13.0,3.000000142492354,3.0170001432998106,13.90000020712614,0.0,0.0,0.0,-6.671748161315918,0.0,0.0,0.0,1.0,74.0,1050.0,-43.0,98.0,0.0,11.0,0.0,0.0,11.0,10.0,1878.0,103.0924072265625,0.0,0.0,0.0,0.0,0.0,0.0,0.0,0.0,0.0,0.0,0.0,0.0,0.0,0.0,0.0,0.0,13.0,0.0,0.0,0.0,2.0,0
17.39900016784668,213.0,1093.0,52.0,56836.0,0.0,0.0,0.0,44.0,66.0,9.0,0.0,100.0,100.0,100.0,103.0,100.0,103.0,100.0,50.0,50.0,0.0,3.355000159353949,3.355000159353949,3.355000159353949,3.355000159353949,14.70000021904707,1.0,3.0558457374572754,0.0,0.0,13.0,3.000000142492354,3.0240001436322927,13.90000020712614,0.0,0.0,0.0,-6.671748161315918,0.0,0.0,0.0,1.0,74.0,1050.0,-43.0,98.0,0.0,11.0,0.0,0.0,11.0,10.0,1878.0,103.0924072265625,0.0,0.0,0.0,0.0,0.0,0.0,0.0,0.0,0.0,0.0,0.0,0.0,0.0,0.0,0.0,0.0,13.0,0.0,0.0,0.0,2.0,0
17.46500015258789,213.0,1077.0,51.0,54927.0,0.0,0.0,0.0,44.0,66.0,9.0,0.0,100.0,100.0,100.0,103.0,100.0,103.0,100.0,50.0,50.0,0.0,3.282000155886635,3.282000155886635,3.282000155886635,3.282000155886635,14.70000021904707,1.0,2.9455950260162354,0.0,0.0,13.0,3.000000142492354,3.0370001442497596,13.90000020712614,-10.0,0.0,0.0,-6.81678581237793,0.0,0.0,0.0,1.0,73.0,1050.0,-27.0,98.0,0.0,11.0,0.0,0.0,11.0,10.0,1878.0,104.62395477294922,0.0,0.0,0.0,0.0,0.0,0.0,0.0,0.0,0.0,0.0,0.0,0.0,0.0,0.0,0.0,0.0,13.0,0.0,0.0,0.0,2.0,0
17.5310001373291,213.0,1077.0,51.0,54927.0,0.0,0.0,0.0,44.0,66.0,9.0,0.0,100.0,100.0,100.0,103.0,100.0,103.0,100.0,50.0,50.0,0.0,3.282000155886635,3.282000155886635,3.282000155886635,3.282000155886635,14.70000021904707,1.0,2.9455950260162354,0.0,0.0,13.0,3.000000142492354,3.0140001431573182,13.90000020712614,-160.0,0.0,0.0,-6.81678581237793,0.0,0.0,0.0,1.0,73.0,1050.0,-27.0,98.0,0.0,11.0,0.0,0.0,11.0,10.0,1878.0,104.62395477294922,0.0,0.0,0.0,0.0,0.0,0.0,0.0,0.0,0.0,0.0,0.0,0.0,0.0,0.0,0.0,0.0,13.0,0.0,0.0,0.0,2.0,0
17.600000381469727,213.0,1061.0,51.0,54111.0,0.0,0.0,0.0,44.0,66.0,9.0,0.0,100.0,100.0,100.0,103.0,100.0,103.0,100.0,50.0,50.0,0.0,3.282000155886635,3.282000155886635,3.282000155886635,3.282000155886635,14.70000021904707,1.0,2.9018349647521973,0.0,0.0,13.0,3.000000142492354,2.956000140402466,13.90000020712614,-160.0,0.0,0.0,-6.81678581237793,0.0,0.0,0.0,1.0,73.0,1050.0,-11.0,98.0,0.0,11.0,0.0,0.0,11.0,10.0,1878.0,106.20169830322266,0.0,0.0,0.0,0.0,0.0,0.0,0.0,0.0,0.0,0.0,0.0,0.0,0.0,0.0,0.0,0.0,13.0,0.0,0.0,0.0,2.0,0
17.665000915527344,214.0,1061.0,51.0,54111.0,0.0,0.0,0.0,44.0,66.0,9.0,0.0,100.0,100.0,100.0,103.0,100.0,103.0,100.0,50.0,50.0,0.0,3.282000155886635,3.282000155886635,3.282000155886635,3.282000155886635,14.70000021904707,1.0,2.9018349647521973,0.0,0.0,13.0,3.000000142492354,3.0150001432048157,14.000000208616257,-160.0,0.0,0.0,-6.81678581237793,0.0,0.0,0.0,1.0,73.0,1050.0,-11.0,98.0,0.0,11.0,0.0,0.0,11.0,10.0,1865.0,105.46653747558594,0.0,0.0,0.0,0.0,0.0,0.0,0.0,0.0,0.0,0.0,0.0,0.0,0.0,0.0,0.0,0.0,13.0,0.0,0.0,0.0,2.0,0
17.731000900268555,214.0,1040.0,51.0,53040.0,0.0,0.0,0.0,44.0,66.0,9.0,0.0,100.0,100.0,100.0,103.0,100.0,103.0,100.0,50.0,50.0,0.0,3.282000155886635,3.282000155886635,3.282000155886635,3.282000155886635,14.70000021904707,1.0,2.844399929046631,0.0,0.0,13.0,3.000000142492354,3.1470001494744793,14.000000208616257,-210.0,0.0,0.0,-6.81678581237793,0.0,0.0,0.0,1.0,81.0,1050.0,10.0,98.0,0.0,11.0,0.0,0.0,11.0,10.0,1865.0,107.59615325927734,0.0,0.0,0.0,0.0,0.0,0.0,0.0,0.0,0.0,0.0,0.0,0.0,0.0,0.0,0.0,0.0,13.0,0.0,0.0,0.0,2.0,0
17.799999237060547,214.0,1026.0,53.0,54378.0,0.0,0.0,0.0,44.0,66.0,9.0,0.0,100.0,100.0,100.0,103.0,100.0,103.0,100.0,50.0,50.0,0.0,3.392000161111355,3.392000161111355,3.392000161111355,3.392000161111355,14.70000021904707,1.0,2.900160074234009,0.0,0.0,13.0,3.000000142492354,2.9770001413999125,14.000000208616257,-210.0,0.0,0.0,-6.526710033416748,0.0,0.0,0.0,1.0,81.0,1050.0,24.0,98.0,0.0,11.0,0.0,0.0,11.0,10.0,1865.0,109.0643310546875,0.0,0.0,0.0,0.0,0.0,0.0,0.0,0.0,0.0,0.0,0.0,0.0,0.0,0.0,0.0,0.0,13.0,0.0,0.0,0.0,2.0,0
17.865999221801758,214.0,1026.0,54.0,55404.0,0.0,0.0,0.0,44.0,66.0,9.0,0.0,100.0,100.0,100.0,103.0,100.0,103.0,100.0,50.0,50.0,0.0,3.428000162821263,3.428000162821263,3.428000162821263,3.428000162821263,14.70000021904707,1.0,2.9309399127960205,0.0,0.0,13.0,3.000000142492354,3.007000142824836,14.000000208616257,-140.0,0.0,0.0,-6.381671905517578,0.0,0.0,0.0,1.0,81.0,1050.0,24.0,98.0,0.0,11.0,0.0,0.0,11.0,10.0,1865.0,109.0643310546875,0.0,0.0,0.0,0.0,0.0,0.0,0.0,0.0,0.0,0.0,0.0,0.0,0.0,0.0,0.0,0.0,13.0,0.0,0.0,0.0,2.0,0
17.93199920654297,214.0,1018.0,54.0,54972.0,0.0,0.0,0.0,44.0,66.0,9.0,0.0,100.0,100.0,100.0,103.0,100.0,103.0,100.0,50.0,50.0,0.0,3.428000162821263,3.428000162821263,3.428000162821263,3.428000162821263,14.70000021904707,1.0,2.9080867767333984,0.0,0.0,13.0,3.000000142492354,2.8420001349877566,14.000000208616257,-140.0,0.0,0.0,-6.381671905517578,0.0,0.0,0.0,1.0,81.0,1050.0,32.0,98.0,0.0,11.0,0.0,0.0,11.0,10.0,1865.0,109.92141723632812,0.0,0.0,0.0,0.0,0.0,0.0,0.0,0.0,0.0,0.0,0.0,0.0,0.0,0.0,0.0,0.0,13.0,0.0,0.0,0.0,2.0,0
17.996999740600586,214.0,1018.0,55.0,55990.0,0.0,0.0,0.0,44.0,66.0,9.0,0.0,100.0,100.0,100.0,103.0,100.0,103.0,100.0,50.0,50.0,0.0,3.4650001645786688,3.4650001645786688,3.4650001645786688,3.4650001645786688,14.70000021904707,1.0,2.9394750595092773,0.0,0.0,13.0,3.000000142492354,3.016000143252313,14.000000208616257,-80.0,0.0,0.0,-6.236633777618408,0.0,0.0,0.0,1.0,81.0,1050.0,32.0,98.0,0.0,11.0,0.0,0.0,11.0,10.0,1865.0,109.92141723632812,0.0,0.0,0.0,0.0,0.0,0.0,0.0,0.0,0.0,0.0,0.0,0.0,0.0,0.0,0.0,0.0,13.0,0.0,0.0,0.0,2.0,0
18.066999435424805,214.0,1020.0,55.0,56100.0,0.0,0.0,0.0,44.0,66.0,9.0,0.0,100.0,100.0,100.0,103.0,100.0,103.0,100.0,50.0,50.0,0.0,3.4650001645786688,3.4650001645786688,3.4650001645786688,3.4650001645786688,14.70000021904707,1.0,2.9452500343322754,0.0,0.0,13.0,3.000000142492354,3.23700015374925,14.000000208616257,20.0,0.0,0.0,-6.236633777618408,0.0,0.0,0.0,1.0,84.0,1050.0,30.0,98.0,0.0,11.0,0.0,0.0,11.0,10.0,1865.0,109.70587921142578,0.0,0.0,0.0,0.0,0.0,0.0,0.0,0.0,0.0,0.0,0.0,0.0,0.0,0.0,0.0,0.0,13.0,0.0,0.0,0.0,2.0,0
18.132999420166016,214.0,1020.0,55.0,56100.0,0.0,0.0,0.0,44.0,66.0,9.0,0.0,100.0,100.0,100.0,103.0,100.0,103.0,100.0,50.0,50.0,0.0,3.4650001645786688,3.4650001645786688,3.4650001645786688,3.4650001645786688,14.70000021904707,1.0,2.9452500343322754,0.0,0.0,13.0,3.000000142492354,3.018000143347308,14.000000208616257,20.0,0.0,0.0,-6.236633777618408,0.0,0.0,0.0,1.0,84.0,1050.0,30.0,98.0,0.0,11.0,0.0,0.0,11.0,10.0,1865.0,109.70587921142578,0.0,0.0,0.0,0.0,0.0,0.0,0.0,0.0,0.0,0.0,0.0,0.0,0.0,0.0,0.0,0.0,13.0,0.0,0.0,0.0,2.0,0
18.197999954223633,214.0,1028.0,56.0,57568.0,0.0,0.0,0.0,44.0,66.0,9.0,0.0,100.0,100.0,100.0,103.0,100.0,103.0,100.0,50.0,50.0,0.0,3.5380001680459827,3.5380001680459827,3.5380001680459827,3.5380001680459827,14.70000021904707,1.0,3.030886650085449,0.0,0.0,13.0,3.000000142492354,2.9040001379325986,14.000000208616257,80.0,0.0,0.0,-6.0915961265563965,0.0,0.0,0.0,1.0,84.0,1050.0,22.0,98.0,0.0,11.0,0.0,0.0,11.0,10.0,1865.0,108.85214233398438,0.0,0.0,0.0,0.0,0.0,0.0,0.0,0.0,0.0,0.0,0.0,0.0,0.0,0.0,0.0,0.0,13.0,0.0,0.0,0.0,2.0,0
18.263999938964844,214.0,1038.0,56.0,58128.0,0.0,0.0,0.0,44.0,66.0,9.0,0.0,100.0,100.0,100.0,103.0,100.0,103.0,100.0,50.0,50.0,0.0,3.5380001680459827,3.5380001680459827,3.5380001680459827,3.5380001680459827,14.70000021904707,1.0,3.0603699684143066,0.0,0.0,13.0,3.000000142492354,3.104000147432089,14.000000208616257,0.0,0.0,0.0,-6.0915961265563965,0.0,0.0,0.0,1.0,84.0,1050.0,12.0,98.0,0.0,11.0,0.0,0.0,11.0,10.0,1865.0,107.803466796875,0.0,0.0,0.0,0.0,0.0,0.0,0.0,0.0,0.0,0.0,0.0,0.0,0.0,0.0,0.0,0.0,13.0,0.0,0.0,0.0,2.0,0
18.33300018310547,214.0,1038.0,56.0,58128.0,0.0,0.0,0.0,44.0,66.0,9.0,0.0,100.0,100.0,100.0,103.0,100.0,103.0,100.0,50.0,50.0,0.0,3.5380001680459827,3.5380001680459827,3.5380001680459827,3.5380001680459827,14.70000021904707,1.0,3.0603699684143066,0.0,0.0,13.0,3.000000142492354,3.047000144724734,14.000000208616257,0.0,0.0,0.0,-6.0915961265563965,0.0,0.0,0.0,1.0,84.0,1050.0,12.0,98.0,0.0,11.0,0.0,0.0,11.0,10.0,1865.0,107.803466796875,0.0,0.0,0.0,0.0,0.0,0.0,0.0,0.0,0.0,0.0,0.0,0.0,0.0,0.0,0.0,0.0,13.0,0.0,0.0,0.0,2.0,0
18.39900016784668,214.0,1051.0,55.0,57805.0,0.0,0.0,0.0,44.0,66.0,9.0,0.0,100.0,100.0,100.0,103.0,100.0,103.0,100.0,50.0,50.0,0.0,3.4650001645786688,3.4650001645786688,3.4650001645786688,3.4650001645786688,14.70000021904707,1.0,3.034762382507324,0.0,0.0,13.0,3.000000142492354,3.228000153321773,14.000000208616257,100.0,0.0,0.0,-6.236633777618408,0.0,0.0,0.0,1.0,81.0,1050.0,-1.0,98.0,0.0,11.0,0.0,0.0,11.0,10.0,1865.0,106.47003173828125,0.0,0.0,0.0,0.0,0.0,0.0,0.0,0.0,0.0,0.0,0.0,0.0,0.0,0.0,0.0,0.0,13.0,0.0,0.0,0.0,2.0,0
18.464000701904297,214.0,1051.0,55.0,57805.0,0.0,0.0,0.0,44.0,66.0,9.0,0.0,100.0,100.0,100.0,103.0,100.0,103.0,100.0,50.0,50.0,0.0,3.4650001645786688,3.4650001645786688,3.4650001645786688,3.4650001645786688,14.70000021904707,1.0,3.034762382507324,0.0,0.0,13.0,3.000000142492354,3.018000143347308,14.000000208616257,130.0,0.0,0.0,-6.236633777618408,0.0,0.0,0.0,1.0,81.0,1050.0,-1.0,98.0,0.0,11.0,0.0,0.0,11.0,10.0,1865.0,106.47003173828125,0.0,0.0,0.0,0.0,0.0,0.0,0.0,0.0,0.0,0.0,0.0,0.0,0.0,0.0,0.0,0.0,13.0,0.0,0.0,0.0,2.0,0
18.534000396728516,214.0,1066.0,55.0,58630.0,0.0,0.0,0.0,44.0,66.0,9.0,0.0,100.0,100.0,100.0,103.0,100.0,103.0,100.0,50.0,50.0,0.0,3.4650001645786688,3.4650001645786688,3.4650001645786688,3.4650001645786688,14.70000021904707,1.0,3.0780749320983887,0.0,0.0,13.0,3.000000142492354,3.0790001462446526,14.000000208616257,130.0,0.0,0.0,-6.236633777618408,0.0,0.0,0.0,1.0,81.0,1050.0,-16.0,98.0,0.0,11.0,0.0,0.0,11.0,10.0,1865.0,104.97185516357422,0.0,0.0,0.0,0.0,0.0,0.0,0.0,0.0,0.0,0.0,0.0,0.0,0.0,0.0,0.0,0.0,13.0,0.0,0.0,0.0,2.0,0
18.597999572753906,214.0,1077.0,55.0,59235.0,0.0,0.0,0.0,44.0,66.0,9.0,0.0,100.0,100.0,100.0,103.0,100.0,103.0,100.0,50.0,50.0,0.0,3.4650001645786688,3.4650001645786688,3.4650001645786688,3.4650001645786688,14.70000021904707,1.0,3.109837532043457,0.0,0.0,13.0,3.000000142492354,2.9840001417323947,14.000000208616257,150.0,0.0,0.0,-6.236633777618408,0.0,0.0,0.0,1.0,81.0,1050.0,-27.0,98.0,0.0,11.0,0.0,0.0,11.0,10.0,1865.0,103.89971923828125,0.0,0.0,0.0,0.0,0.0,0.0,0.0,0.0,0.0,0.0,0.0,0.0,0.0,0.0,0.0,0.0,13.0,0.0,0.0,0.0,2.0,0
18.597999572753906,215.0,1077.0,54.0,58158.0,0.0,0.0,0.0,44.0,66.0,9.0,0.0,100.0,100.0,100.0,103.0,100.0,103.0,100.0,50.0,50.0,0.0,3.428000162821263,3.428000162821263,3.428000162821263,3.428000162821263,14.70000021904707,1.0,3.076630115509033,0.0,0.0,13.0,3.000000142492354,3.0100001429673284,14.000000208616257,110.0,0.0,0.0,-6.381671905517578,0.0,0.0,0.0,1.0,76.0,1050.0,-27.0,98.0,0.0,11.0,0.0,0.0,11.0,10.0,1866.0,103.95542907714844,0.0,0.0,0.0,0.0,0.0,0.0,0.0,0.0,0.0,0.0,0.0,0.0,0.0,0.0,0.0,0.0,13.0,0.0,0.0,0.0,2.0,0
18.665000915527344,215.0,1082.0,53.0,57346.0,0.0,0.0,0.0,44.0,66.0,9.0,0.0,100.0,100.0,100.0,103.0,100.0,103.0,100.0,50.0,50.0,0.0,3.392000161111355,3.392000161111355,3.392000161111355,3.392000161111355,14.70000021904707,1.0,3.058453321456909,0.0,0.0,13.0,3.000000142492354,3.1810001510893926,14.000000208616257,110.0,0.0,0.0,-6.526710033416748,0.0,0.0,0.0,1.0,76.0,1050.0,-32.0,98.0,0.0,11.0,0.0,0.0,11.0,10.0,1866.0,103.47504425048828,0.0,0.0,0.0,0.0,0.0,0.0,0.0,0.0,0.0,0.0,0.0,0.0,0.0,0.0,0.0,0.0,13.0,0.0,0.0,0.0,2.0,0
18.799999237060547,215.0,1082.0,53.0,57346.0,0.0,0.0,0.0,44.0,66.0,9.0,0.0,100.0,100.0,100.0,103.0,100.0,103.0,100.0,50.0,50.0,0.0,3.392000161111355,3.392000161111355,3.392000161111355,3.392000161111355,14.70000021904707,1.0,3.058453321456909,0.0,0.0,13.0,3.000000142492354,3.018000143347308,14.000000208616257,50.0,0.0,0.0,-6.526710033416748,0.0,0.0,0.0,1.0,76.0,1050.0,-32.0,98.0,0.0,11.0,0.0,0.0,11.0,10.0,1866.0,103.47504425048828,0.0,0.0,0.0,0.0,0.0,0.0,0.0,0.0,0.0,0.0,0.0,0.0,0.0,0.0,0.0,0.0,13.0,0.0,0.0,0.0,2.0,0
18.867000579833984,215.0,1080.0,52.0,56160.0,0.0,0.0,0.0,44.0,66.0,9.0,0.0,100.0,100.0,100.0,103.0,100.0,103.0,100.0,50.0,50.0,0.0,3.355000159353949,3.355000159353949,3.355000159353949,3.355000159353949,14.70000021904707,1.0,3.0195000171661377,0.0,0.0,13.0,3.000000142492354,2.9370001395000145,14.000000208616257,-20.0,0.0,0.0,-6.671748161315918,0.0,0.0,0.0,1.0,76.0,1050.0,-30.0,98.0,0.0,11.0,0.0,0.0,11.0,10.0,1866.0,103.66666412353516,0.0,0.0,0.0,0.0,0.0,0.0,0.0,0.0,0.0,0.0,0.0,0.0,0.0,0.0,0.0,0.0,13.0,0.0,0.0,0.0,2.0,0
18.93600082397461,215.0,1075.0,52.0,55900.0,0.0,0.0,0.0,44.0,66.0,9.0,0.0,100.0,100.0,100.0,103.0,100.0,103.0,100.0,50.0,50.0,0.0,3.355000159353949,3.355000159353949,3.355000159353949,3.355000159353949,14.70000021904707,1.0,3.005520820617676,0.0,0.0,13.0,3.000000142492354,3.005000142729841,14.000000208616257,-20.0,0.0,0.0,-6.671748161315918,0.0,0.0,0.0,1.0,76.0,1050.0,-25.0,98.0,0.0,11.0,0.0,0.0,11.0,10.0,1866.0,104.14883422851562,0.0,0.0,0.0,0.0,0.0,0.0,0.0,0.0,0.0,0.0,0.0,0.0,0.0,0.0,0.0,0.0,13.0,0.0,0.0,0.0,2.0,0
19.000999450683594,215.0,1075.0,52.0,55900.0,0.0,0.0,0.0,44.0,66.0,9.0,0.0,100.0,100.0,100.0,103.0,100.0,103.0,100.0,50.0,50.0,0.0,3.355000159353949,3.355000159353949,3.355000159353949,3.355000159353949,14.70000021904707,1.0,3.005520820617676,0.0,0.0,13.0,3.000000142492354,3.020000143442303,14.000000208616257,-50.0,0.0,0.0,-6.671748161315918,0.0,0.0,0.0,1.0,76.0,1050.0,-25.0,98.0,0.0,11.0,0.0,0.0,11.0,10.0,1866.0,104.14883422851562,0.0,0.0,0.0,0.0,0.0,0.0,0.0,0.0,0.0,0.0,0.0,0.0,0.0,0.0,0.0,0.0,13.0,0.0,0.0,0.0,2.0,0
19.065000534057617,215.0,1063.0,52.0,55276.0,0.0,0.0,0.0,44.0,66.0,9.0,0.0,100.0,100.0,100.0,103.0,100.0,103.0,100.0,50.0,50.0,0.0,3.355000159353949,3.355000159353949,3.355000159353949,3.355000159353949,14.70000021904707,1.0,2.971970796585083,0.0,0.0,13.0,3.000000142492354,3.0370001442497596,14.000000208616257,-120.0,0.0,0.0,-6.671748161315918,0.0,0.0,0.0,1.0,76.0,1050.0,-13.0,98.0,0.0,11.0,0.0,0.0,11.0,10.0,1866.0,105.32455444335938,0.0,0.0,0.0,0.0,0.0,0.0,0.0,0.0,0.0,0.0,0.0,0.0,0.0,0.0,0.0,0.0,13.0,0.0,0.0,0.0,2.0,0
19.131000518798828,215.0,1063.0,52.0,55276.0,0.0,0.0,0.0,44.0,66.0,9.0,0.0,100.0,100.0,100.0,103.0,100.0,103.0,100.0,50.0,50.0,0.0,3.355000159353949,3.355000159353949,3.355000159353949,3.355000159353949,14.70000021904707,1.0,2.971970796585083,0.0,0.0,13.0,3.000000142492354,3.0170001432998106,14.000000208616257,-120.0,0.0,0.0,-6.671748161315918,0.0,0.0,0.0,1.0,76.0,1050.0,-13.0,98.0,0.0,11.0,0.0,0.0,11.0,10.0,1866.0,105.32455444335938,0.0,0.0,0.0,0.0,0.0,0.0,0.0,0.0,0.0,0.0,0.0,0.0,0.0,0.0,0.0,0.0,13.0,0.0,0.0,0.0,2.0,0
19.19700050354004,215.0,1051.0,52.0,54652.0,0.0,0.0,0.0,44.0,66.0,9.0,0.0,100.0,100.0,100.0,103.0,100.0,103.0,100.0,50.0,50.0,0.0,3.355000159353949,3.355000159353949,3.355000159353949,3.355000159353949,14.70000021904707,1.0,2.9384207725524902,0.0,0.0,13.0,3.000000142492354,3.073000145959668,14.000000208616257,-120.0,0.0,0.0,-6.671748161315918,0.0,0.0,0.0,1.0,76.0,1050.0,-1.0,98.0,0.0,11.0,0.0,0.0,11.0,10.0,1866.0,106.52711486816406,0.0,0.0,0.0,0.0,0.0,0.0,0.0,0.0,0.0,0.0,0.0,0.0,0.0,0.0,0.0,0.0,13.0,0.0,0.0,0.0,2.0,0
19.267000198364258,215.0,1050.0,52.0,54600.0,0.0,0.0,0.0,44.0,66.0,9.0,0.0,100.0,100.0,100.0,103.0,100.0,103.0,100.0,50.0,50.0,0.0,3.355000159353949,3.355000159353949,3.355000159353949,3.355000159353949,14.70000021904707,1.0,2.9356250762939453,0.0,0.0,13.0,3.000000142492354,3.016000143252313,14.000000208616257,0.0,0.0,0.0,-6.671748161315918,0.0,0.0,0.0,1.0,79.0,1050.0,0.0,98.0,0.0,11.0,0.0,0.0,11.0,10.0,1866.0,106.62857055664062,0.0,0.0,0.0,0.0,0.0,0.0,0.0,0.0,0.0,0.0,0.0,0.0,0.0,0.0,0.0,0.0,13.0,0.0,0.0,0.0,2.0,0
19.267000198364258,215.0,1050.0,53.0,55650.0,0.0,0.0,0.0,44.0,66.0,9.0,0.0,100.0,100.0,100.0,103.0,100.0,103.0,100.0,50.0,50.0,0.0,3.392000161111355,3.392000161111355,3.392000161111355,3.392000161111355,14.70000021904707,1.0,2.9679999351501465,0.0,0.0,13.0,3.000000142492354,3.0190001433948055,14.000000208616257,0.0,0.0,0.0,-6.526710033416748,0.0,0.0,0.0,1.0,79.0,1050.0,0.0,98.0,0.0,11.0,0.0,0.0,11.0,10.0,1866.0,106.62857055664062,0.0,0.0,0.0,0.0,0.0,0.0,0.0,0.0,0.0,0.0,0.0,0.0,0.0,0.0,0.0,0.0,13.0,0.0,0.0,0.0,2.0,0
19.398000717163086,215.0,1044.0,53.0,55332.0,0.0,0.0,0.0,44.0,66.0,9.0,0.0,100.0,100.0,100.0,103.0,100.0,103.0,100.0,50.0,50.0,0.0,3.392000161111355,3.392000161111355,3.392000161111355,3.392000161111355,14.70000021904707,1.0,2.951040029525757,0.0,0.0,13.0,3.000000142492354,3.164000150281936,14.000000208616257,-10.0,0.0,0.0,-6.526710033416748,0.0,0.0,0.0,1.0,79.0,1050.0,6.0,98.0,0.0,11.0,0.0,0.0,11.0,10.0,1866.0,107.24137878417969,0.0,0.0,0.0,0.0,0.0,0.0,0.0,0.0,0.0,0.0,0.0,0.0,0.0,0.0,0.0,0.0,13.0,0.0,0.0,0.0,2.0,0
19.46299934387207,215.0,1044.0,53.0,55332.0,0.0,0.0,0.0,44.0,66.0,9.0,0.0,100.0,100.0,100.0,103.0,100.0,103.0,100.0,50.0,50.0,0.0,3.392000161111355,3.392000161111355,3.392000161111355,3.392000161111355,14.70000021904707,1.0,2.951040029525757,0.0,0.0,13.0,3.000000142492354,3.0240001436322927,14.000000208616257,-60.0,0.0,0.0,-6.526710033416748,0.0,0.0,0.0,1.0,79.0,1050.0,6.0,98.0,0.0,11.0,0.0,0.0,11.0,10.0,1866.0,107.24137878417969,0.0,0.0,0.0,0.0,0.0,0.0,0.0,0.0,0.0,0.0,0.0,0.0,0.0,0.0,0.0,0.0,13.0,0.0,0.0,0.0,2.0,0
19.52899932861328,215.0,1050.0,54.0,56700.0,0.0,0.0,0.0,44.0,66.0,9.0,0.0,100.0,100.0,100.0,103.0,100.0,103.0,100.0,50.0,50.0,0.0,3.428000162821263,3.428000162821263,3.428000162821263,3.428000162821263,14.70000021904707,1.0,2.999500036239624,0.0,0.0,13.0,3.000000142492354,3.0790001462446526,14.000000208616257,-60.0,0.0,0.0,-6.381671905517578,0.0,0.0,0.0,1.0,79.0,1050.0,0.0,98.0,0.0,11.0,0.0,0.0,11.0,10.0,1866.0,106.62857055664062,0.0,0.0,0.0,0.0,0.0,0.0,0.0,0.0,0.0,0.0,0.0,0.0,0.0,0.0,0.0,0.0,13.0,0.0,0.0,0.0,2.0,0
19.600000381469727,215.0,1050.0,54.0,56700.0,0.0,0.0,0.0,44.0,66.0,9.0,0.0,100.0,100.0,100.0,103.0,100.0,103.0,100.0,50.0,50.0,0.0,3.428000162821263,3.428000162821263,3.428000162821263,3.428000162821263,14.70000021904707,1.0,2.999500036239624,0.0,0.0,13.0,3.000000142492354,3.016000143252313,14.000000208616257,60.0,0.0,0.0,-6.381671905517578,0.0,0.0,0.0,1.0,79.0,1050.0,0.0,98.0,0.0,11.0,0.0,0.0,11.0,10.0,1866.0,106.62857055664062,0.0,0.0,0.0,0.0,0.0,0.0,0.0,0.0,0.0,0.0,0.0,0.0,0.0,0.0,0.0,0.0,13.0,0.0,0.0,0.0,2.0,0
19.667999267578125,216.0,1050.0,54.0,56700.0,0.0,0.0,0.0,44.0,66.0,9.0,0.0,100.0,100.0,100.0,103.0,100.0,103.0,100.0,50.0,50.0,0.0,3.428000162821263,3.428000162821263,3.428000162821263,3.428000162821263,14.70000021904707,1.0,2.999500036239624,0.0,0.0,13.0,3.000000142492354,3.0960001470521092,13.90000020712614,0.0,0.0,0.0,-6.381671905517578,0.0,0.0,0.0,1.0,79.0,1050.0,0.0,98.0,0.0,11.0,0.0,0.0,11.0,10.0,1866.0,106.62857055664062,0.0,0.0,0.0,0.0,0.0,0.0,0.0,0.0,0.0,0.0,0.0,0.0,0.0,0.0,0.0,0.0,13.0,0.0,0.0,0.0,2.0,0
19.733999252319336,216.0,1051.0,54.0,56754.0,0.0,0.0,0.0,44.0,66.0,9.0,0.0,100.0,100.0,100.0,103.0,100.0,103.0,100.0,50.0,50.0,0.0,3.428000162821263,3.428000162821263,3.428000162821263,3.428000162821263,14.70000021904707,1.0,3.002356767654419,0.0,0.0,13.0,3.000000142492354,3.1100001477170736,13.90000020712614,0.0,0.0,0.0,-6.381671905517578,0.0,0.0,0.0,1.0,79.0,1050.0,-1.0,98.0,0.0,11.0,0.0,0.0,11.0,10.0,1866.0,106.52711486816406,0.0,0.0,0.0,0.0,0.0,0.0,0.0,0.0,0.0,0.0,0.0,0.0,0.0,0.0,0.0,0.0,13.0,0.0,0.0,0.0,2.0,0
19.798999786376953,216.0,1051.0,54.0,56754.0,0.0,0.0,0.0,44.0,66.0,9.0,0.0,100.0,100.0,100.0,103.0,100.0,103.0,100.0,50.0,50.0,0.0,3.428000162821263,3.428000162821263,3.428000162821263,3.428000162821263,14.70000021904707,1.0,3.002356767654419,0.0,0.0,13.0,3.000000142492354,3.0300001439172775,13.90000020712614,10.0,0.0,0.0,-6.381671905517578,0.0,0.0,0.0,1.0,79.0,1050.0,-1.0,98.0,0.0,11.0,0.0,0.0,11.0,10.0,1866.0,106.52711486816406,0.0,0.0,0.0,0.0,0.0,0.0,0.0,0.0,0.0,0.0,0.0,0.0,0.0,0.0,0.0,0.0,13.0,0.0,0.0,0.0,2.0,0
19.86400032043457,216.0,1059.0,54.0,57186.0,0.0,0.0,0.0,44.0,66.0,9.0,0.0,100.0,100.0,100.0,103.0,100.0,103.0,100.0,50.0,50.0,0.0,3.428000162821263,3.428000162821263,3.428000162821263,3.428000162821263,14.70000021904707,1.0,3.025209903717041,0.0,0.0,13.0,3.000000142492354,3.0750001460546628,13.90000020712614,80.0,0.0,0.0,-6.381671905517578,0.0,0.0,0.0,1.0,78.0,1050.0,-9.0,98.0,0.0,11.0,0.0,0.0,11.0,10.0,1866.0,105.72238159179688,0.0,0.0,0.0,0.0,0.0,0.0,0.0,0.0,0.0,0.0,0.0,0.0,0.0,0.0,0.0,0.0,13.0,0.0,0.0,0.0,2.0,0
19.930999755859375,216.0,1059.0,54.0,57186.0,0.0,0.0,0.0,44.0,66.0,9.0,0.0,100.0,100.0,100.0,103.0,100.0,103.0,100.0,50.0,50.0,0.0,3.428000162821263,3.428000162821263,3.428000162821263,3.428000162821263,14.70000021904707,1.0,3.025209903717041,0.0,0.0,13.0,3.000000142492354,3.016000143252313,13.90000020712614,80.0,0.0,0.0,-6.381671905517578,0.0,0.0,0.0,1.0,78.0,1050.0,-9.0,98.0,0.0,11.0,0.0,0.0,11.0,10.0,1866.0,105.72238159179688,0.0,0.0,0.0,0.0,0.0,0.0,0.0,0.0,0.0,0.0,0.0,0.0,0.0,0.0,0.0,0.0,13.0,0.0,0.0,0.0,2.0,0
20.000999450683594,216.0,1064.0,53.0,56392.0,0.0,0.0,0.0,44.0,66.0,9.0,0.0,100.0,100.0,100.0,103.0,100.0,103.0,100.0,50.0,50.0,0.0,3.392000161111355,3.392000161111355,3.392000161111355,3.392000161111355,14.70000021904707,1.0,3.007573366165161,0.0,0.0,13.0,3.000000142492354,3.23300015355926,13.90000020712614,50.0,0.0,0.0,-6.526710033416748,0.0,0.0,0.0,1.0,78.0,1050.0,-14.0,98.0,0.0,11.0,0.0,0.0,11.0,10.0,1866.0,105.2255630493164,0.0,0.0,0.0,0.0,0.0,0.0,0.0,0.0,0.0,0.0,0.0,0.0,0.0,0.0,0.0,0.0,13.0,0.0,0.0,0.0,2.0,0
20.065000534057617,216.0,1070.0,53.0,56710.0,0.0,0.0,0.0,44.0,66.0,9.0,0.0,100.0,100.0,100.0,103.0,100.0,103.0,100.0,50.0,50.0,0.0,3.392000161111355,3.392000161111355,3.392000161111355,3.392000161111355,14.70000021904707,1.0,3.024533271789551,0.0,0.0,13.0,3.000000142492354,3.018000143347308,13.90000020712614,60.0,0.0,0.0,-6.526710033416748,0.0,0.0,0.0,1.0,78.0,1050.0,-20.0,98.0,0.0,11.0,0.0,0.0,11.0,10.0,1866.0,104.63551330566406,0.0,0.0,0.0,0.0,0.0,0.0,0.0,0.0,0.0,0.0,0.0,0.0,0.0,0.0,0.0,0.0,13.0,0.0,0.0,0.0,2.0,0
20.131000518798828,216.0,1070.0,53.0,56710.0,0.0,0.0,0.0,44.0,66.0,9.0,0.0,100.0,100.0,100.0,103.0,100.0,103.0,100.0,50.0,50.0,0.0,3.392000161111355,3.392000161111355,3.392000161111355,3.392000161111355,14.70000021904707,1.0,3.024533271789551,0.0,0.0,13.0,3.000000142492354,3.022000143537298,13.90000020712614,60.0,0.0,0.0,-6.526710033416748,0.0,0.0,0.0,1.0,78.0,1050.0,-20.0,98.0,0.0,11.0,0.0,0.0,11.0,10.0,1866.0,104.63551330566406,0.0,0.0,0.0,0.0,0.0,0.0,0.0,0.0,0.0,0.0,0.0,0.0,0.0,0.0,0.0,0.0,13.0,0.0,0.0,0.0,2.0,0
20.201000213623047,216.0,1072.0,53.0,56816.0,0.0,0.0,0.0,44.0,66.0,9.0,0.0,100.0,100.0,100.0,103.0,100.0,103.0,100.0,50.0,50.0,0.0,3.392000161111355,3.392000161111355,3.392000161111355,3.392000161111355,14.70000021904707,1.0,3.030186653137207,0.0,0.0,13.0,3.000000142492354,3.0830001464346424,13.90000020712614,0.0,0.0,0.0,-6.526710033416748,0.0,0.0,0.0,1.0,76.0,1050.0,-22.0,98.0,0.0,11.0,0.0,0.0,11.0,10.0,1866.0,104.44029998779297,0.0,0.0,0.0,0.0,0.0,0.0,0.0,0.0,0.0,0.0,0.0,0.0,0.0,0.0,0.0,0.0,13.0,0.0,0.0,0.0,2.0,0
20.266000747680664,216.0,1072.0,53.0,56816.0,0.0,0.0,0.0,44.0,66.0,9.0,0.0,100.0,100.0,100.0,103.0,100.0,103.0,100.0,50.0,50.0,0.0,3.392000161111355,3.392000161111355,3.392000161111355,3.392000161111355,14.70000021904707,1.0,3.030186653137207,0.0,0.0,13.0,3.000000142492354,3.0150001432048157,13.90000020712614,0.0,0.0,0.0,-6.526710033416748,0.0,0.0,0.0,1.0,76.0,1050.0,-22.0,98.0,0.0,11.0,0.0,0.0,11.0,10.0,1866.0,104.44029998779297,0.0,0.0,0.0,0.0,0.0,0.0,0.0,0.0,0.0,0.0,0.0,0.0,0.0,0.0,0.0,0.0,13.0,0.0,0.0,0.0,2.0,0
20.33099937438965,216.0,1072.0,52.0,55744.0,0.0,0.0,0.0,44.0,66.0,9.0,0.0,100.0,100.0,100.0,103.0,100.0,103.0,100.0,50.0,50.0,0.0,3.355000159353949,3.355000159353949,3.355000159353949,3.355000159353949,14.70000021904707,1.0,2.997133255004883,0.0,0.0,13.0,3.000000142492354,3.142000149236992,13.90000020712614,20.0,0.0,0.0,-6.671748161315918,0.0,0.0,0.0,1.0,76.0,1050.0,-22.0,98.0,0.0,11.0,0.0,0.0,11.0,10.0,1866.0,104.44029998779297,0.0,0.0,0.0,0.0,0.0,0.0,0.0,0.0,0.0,0.0,0.0,0.0,0.0,0.0,0.0,0.0,13.0,0.0,0.0,0.0,2.0,0
20.398000717163086,216.0,1069.0,52.0,55588.0,0.0,0.0,0.0,44.0,66.0,9.0,0.0,100.0,100.0,100.0,103.0,100.0,103.0,100.0,50.0,50.0,0.0,3.355000159353949,3.355000159353949,3.355000159353949,3.355000159353949,14.70000021904707,1.0,2.988745927810669,0.0,0.0,13.0,3.000000142492354,3.0170001432998106,13.90000020712614,0.0,0.0,0.0,-6.671748161315918,0.0,0.0,0.0,1.0,76.0,1050.0,-19.0,98.0,0.0,11.0,0.0,0.0,11.0,10.0,1866.0,104.7333984375,0.0,0.0,0.0,0.0,0.0,0.0,0.0,0.0,0.0,0.0,0.0,0.0,0.0,0.0,0.0,0.0,13.0,0.0,0.0,0.0,2.0,0
20.465999603271484,216.0,1069.0,52.0,55588.0,0.0,0.0,0.0,44.0,66.0,9.0,0.0,100.0,100.0,100.0,103.0,100.0,103.0,100.0,50.0,50.0,0.0,3.355000159353949,3.355000159353949,3.355000159353949,3.355000159353949,14.70000021904707,1.0,2.988745927810669,0.0,0.0,13.0,3.000000142492354,3.0100001429673284,13.90000020712614,0.0,0.0,0.0,-6.671748161315918,0.0,0.0,0.0,1.0,76.0,1050.0,-19.0,98.0,0.0,11.0,0.0,0.0,11.0,10.0,1866.0,104.7333984375,0.0,0.0,0.0,0.0,0.0,0.0,0.0,0.0,0.0,0.0,0.0,0.0,0.0,0.0,0.0,0.0,13.0,0.0,0.0,0.0,2.0,0
20.533000946044922,216.0,1065.0,52.0,55380.0,0.0,0.0,0.0,44.0,66.0,9.0,0.0,100.0,100.0,100.0,103.0,100.0,103.0,100.0,50.0,50.0,0.0,3.355000159353949,3.355000159353949,3.355000159353949,3.355000159353949,14.70000021904707,1.0,2.977562427520752,0.0,0.0,13.0,3.000000142492354,3.0190001433948055,13.90000020712614,-30.0,0.0,0.0,-6.671748161315918,0.0,0.0,0.0,1.0,76.0,1050.0,-15.0,98.0,0.0,11.0,0.0,0.0,11.0,10.0,1866.0,105.12676239013672,0.0,0.0,0.0,0.0,0.0,0.0,0.0,0.0,0.0,0.0,0.0,0.0,0.0,0.0,0.0,0.0,13.0,0.0,0.0,0.0,2.0,0
20.601999282836914,216.0,1065.0,52.0,55380.0,0.0,0.0,0.0,44.0,66.0,9.0,0.0,100.0,100.0,100.0,103.0,100.0,103.0,100.0,50.0,50.0,0.0,3.355000159353949,3.355000159353949,3.355000159353949,3.355000159353949,14.70000021904707,1.0,2.977562427520752,0.0,0.0,13.0,3.000000142492354,3.0150001432048157,13.90000020712614,-40.0,0.0,0.0,-6.671748161315918,0.0,0.0,0.0,1.0,76.0,1050.0,-15.0,98.0,0.0,11.0,0.0,0.0,11.0,10.0,1866.0,105.12676239013672,0.0,0.0,0.0,0.0,0.0,0.0,0.0,0.0,0.0,0.0,0.0,0.0,0.0,0.0,0.0,0.0,13.0,0.0,0.0,0.0,2.0,0
20.66699981689453,216.0,1056.0,52.0,54912.0,0.0,0.0,0.0,44.0,66.0,9.0,0.0,100.0,100.0,100.0,103.0,100.0,103.0,100.0,50.0,50.0,0.0,3.355000159353949,3.355000159353949,3.355000159353949,3.355000159353949,14.70000021904707,1.0,2.952399969100952,0.0,0.0,13.0,3.000000142492354,3.0660001456271857,13.90000020712614,-40.0,0.0,0.0,-6.671748161315918,0.0,0.0,0.0,1.0,76.0,1050.0,-6.0,98.0,0.0,11.0,0.0,0.0,11.0,10.0,1866.0,106.0227279663086,0.0,0.0,0.0,0.0,0.0,0.0,0.0,0.0,0.0,0.0,0.0,0.0,0.0,0.0,0.0,0.0,13.0,0.0,0.0,0.0,2.0,0
20.733999252319336,217.0,1055.0,52.0,54860.0,0.0,0.0,0.0,44.0,66.0,9.0,0.0,100.0,100.0,100.0,103.0,100.0,103.0,100.0,50.0,50.0,0.0,3.355000159353949,3.355000159353949,3.355000159353949,3.355000159353949,14.70000021904707,1.0,2.9496042728424072,0.0,0.0,13.0,3.000000142492354,3.016000143252313,13.90000020712614,-90.0,0.0,0.0,-6.671748161315918,0.0,0.0,0.0,1.0,76.0,1050.0,-5.0,98.0,0.0,11.0,0.0,0.0,11.0,10.0,1860.0,105.78199005126953,0.0,0.0,0.0,0.0,0.0,0.0,0.0,0.0,0.0,0.0,0.0,0.0,0.0,0.0,0.0,0.0,13.0,0.0,0.0,0.0,2.0,0
20.79800033569336,217.0,1055.0,52.0,54860.0,0.0,0.0,0.0,44.0,66.0,9.0,0.0,100.0,100.0,100.0,103.0,100.0,103.0,100.0,50.0,50.0,0.0,3.355000159353949,3.355000159353949,3.355000159353949,3.355000159353949,14.70000021904707,1.0,2.9496042728424072,0.0,0.0,13.0,3.000000142492354,3.02900014386978,13.90000020712614,-10.0,0.0,0.0,-6.671748161315918,0.0,0.0,0.0,1.0,78.0,1050.0,-5.0,98.0,0.0,11.0,0.0,0.0,11.0,10.0,1860.0,105.78199005126953,0.0,0.0,0.0,0.0,0.0,0.0,0.0,0.0,0.0,0.0,0.0,0.0,0.0,0.0,0.0,0.0,13.0,0.0,0.0,0.0,2.0,0
20.868000030517578,217.0,1058.0,52.0,55016.0,0.0,0.0,0.0,44.0,66.0,9.0,0.0,100.0,100.0,100.0,103.0,100.0,103.0,100.0,50.0,50.0,0.0,3.355000159353949,3.355000159353949,3.355000159353949,3.355000159353949,14.70000021904707,1.0,2.957991600036621,0.0,0.0,13.0,3.000000142492354,3.1430001492844895,13.90000020712614,-10.0,0.0,0.0,-6.671748161315918,0.0,0.0,0.0,1.0,78.0,1050.0,-8.0,98.0,0.0,11.0,0.0,0.0,11.0,10.0,1860.0,105.48204040527344,0.0,0.0,0.0,0.0,0.0,0.0,0.0,0.0,0.0,0.0,0.0,0.0,0.0,0.0,0.0,0.0,13.0,0.0,0.0,0.0,2.0,0
20.93400001525879,217.0,1058.0,53.0,56074.0,0.0,0.0,0.0,44.0,66.0,9.0,0.0,100.0,100.0,100.0,103.0,100.0,103.0,100.0,50.0,50.0,0.0,3.392000161111355,3.392000161111355,3.392000161111355,3.392000161111355,14.70000021904707,1.0,2.9906132221221924,0.0,0.0,13.0,3.000000142492354,3.0280001438222826,13.90000020712614,30.0,0.0,0.0,-6.526710033416748,0.0,0.0,0.0,1.0,78.0,1050.0,-8.0,98.0,0.0,11.0,0.0,0.0,11.0,10.0,1860.0,105.48204040527344,0.0,0.0,0.0,0.0,0.0,0.0,0.0,0.0,0.0,0.0,0.0,0.0,0.0,0.0,0.0,0.0,13.0,0.0,0.0,0.0,2.0,0
21.0,217.0,1062.0,53.0,56286.0,0.0,0.0,0.0,44.0,66.0,9.0,0.0,100.0,100.0,100.0,103.0,100.0,103.0,100.0,50.0,50.0,0.0,3.392000161111355,3.392000161111355,3.392000161111355,3.392000161111355,14.70000021904707,1.0,3.001919984817505,0.0,0.0,13.0,3.000000142492354,3.1360001489520073,13.90000020712614,40.0,0.0,0.0,-6.526710033416748,0.0,0.0,0.0,1.0,78.0,1050.0,-12.0,98.0,0.0,11.0,0.0,0.0,11.0,10.0,1860.0,105.08474731445312,0.0,0.0,0.0,0.0,0.0,0.0,0.0,0.0,0.0,0.0,0.0,0.0,0.0,0.0,0.0,0.0,13.0,0.0,0.0,0.0,2.0,0
21.0,217.0,1062.0,53.0,56286.0,0.0,0.0,0.0,44.0,66.0,9.0,0.0,100.0,100.0,100.0,103.0,100.0,103.0,100.0,50.0,50.0,0.0,3.392000161111355,3.392000161111355,3.392000161111355,3.392000161111355,14.70000021904707,1.0,3.001919984817505,0.0,0.0,13.0,3.000000142492354,3.0170001432998106,13.90000020712614,40.0,0.0,0.0,-6.526710033416748,0.0,0.0,0.0,1.0,78.0,1050.0,-12.0,98.0,0.0,11.0,0.0,0.0,11.0,10.0,1860.0,105.08474731445312,0.0,0.0,0.0,0.0,0.0,0.0,0.0,0.0,0.0,0.0,0.0,0.0,0.0,0.0,0.0,0.0,13.0,0.0,0.0,0.0,2.0,0
21.1299991607666,217.0,1066.0,53.0,56498.0,0.0,0.0,0.0,44.0,66.0,9.0,0.0,100.0,100.0,100.0,103.0,100.0,103.0,100.0,50.0,50.0,0.0,3.392000161111355,3.392000161111355,3.392000161111355,3.392000161111355,14.70000021904707,1.0,3.0132267475128174,0.0,0.0,13.0,3.000000142492354,3.0650001455796883,13.90000020712614,40.0,0.0,0.0,-6.526710033416748,0.0,0.0,0.0,1.0,76.0,1050.0,-16.0,98.0,0.0,11.0,0.0,0.0,11.0,10.0,1860.0,104.6904296875,0.0,0.0,0.0,0.0,0.0,0.0,0.0,0.0,0.0,0.0,0.0,0.0,0.0,0.0,0.0,0.0,13.0,0.0,0.0,0.0,2.0,0
21.200000762939453,217.0,1068.0,52.0,55536.0,0.0,0.0,0.0,44.0,66.0,9.0,0.0,100.0,100.0,100.0,103.0,100.0,103.0,100.0,50.0,50.0,0.0,3.355000159353949,3.355000159353949,3.355000159353949,3.355000159353949,14.70000021904707,1.0,2.985949993133545,0.0,0.0,13.0,3.000000142492354,3.0610001453896984,13.90000020712614,0.0,0.0,0.0,-6.671748161315918,0.0,0.0,0.0,1.0,76.0,1050.0,-18.0,98.0,0.0,11.0,0.0,0.0,11.0,10.0,1860.0,104.494384765625,0.0,0.0,0.0,0.0,0.0,0.0,0.0,0.0,0.0,0.0,0.0,0.0,0.0,0.0,0.0,0.0,13.0,0.0,0.0,0.0,2.0,0
21.200000762939453,217.0,1068.0,52.0,55536.0,0.0,0.0,0.0,44.0,66.0,9.0,0.0,100.0,100.0,100.0,103.0,100.0,103.0,100.0,50.0,50.0,0.0,3.355000159353949,3.355000159353949,3.355000159353949,3.355000159353949,14.70000021904707,1.0,2.985949993133545,0.0,0.0,13.0,3.000000142492354,3.02500014367979,13.90000020712614,0.0,0.0,0.0,-6.671748161315918,0.0,0.0,0.0,1.0,76.0,1050.0,-18.0,98.0,0.0,11.0,0.0,0.0,11.0,10.0,1860.0,104.494384765625,0.0,0.0,0.0,0.0,0.0,0.0,0.0,0.0,0.0,0.0,0.0,0.0,0.0,0.0,0.0,0.0,13.0,0.0,0.0,0.0,2.0,0
21.33099937438965,217.0,1072.0,52.0,55744.0,0.0,0.0,0.0,44.0,66.0,9.0,0.0,100.0,100.0,100.0,103.0,100.0,103.0,100.0,50.0,50.0,0.0,3.355000159353949,3.355000159353949,3.355000159353949,3.355000159353949,14.70000021904707,1.0,2.997133255004883,0.0,0.0,13.0,3.000000142492354,3.0540001450572163,13.90000020712614,20.0,0.0,0.0,-6.671748161315918,0.0,0.0,0.0,1.0,76.0,1050.0,-22.0,98.0,0.0,11.0,0.0,0.0,11.0,10.0,1860.0,104.10447692871094,0.0,0.0,0.0,0.0,0.0,0.0,0.0,0.0,0.0,0.0,0.0,0.0,0.0,0.0,0.0,0.0,13.0,0.0,0.0,0.0,2.0,0
21.395999908447266,217.0,1072.0,52.0,55744.0,0.0,0.0,0.0,44.0,66.0,9.0,0.0,100.0,100.0,100.0,103.0,100.0,103.0,100.0,50.0,50.0,0.0,3.355000159353949,3.355000159353949,3.355000159353949,3.355000159353949,14.70000021904707,1.0,2.997133255004883,0.0,0.0,13.0,3.000000142492354,3.016000143252313,13.90000020712614,40.0,0.0,0.0,-6.671748161315918,0.0,0.0,0.0,1.0,75.0,1050.0,-22.0,98.0,0.0,11.0,0.0,0.0,11.0,10.0,1860.0,104.10447692871094,0.0,0.0,0.0,0.0,0.0,0.0,0.0,0.0,0.0,0.0,0.0,0.0,0.0,0.0,0.0,0.0,13.0,0.0,0.0,0.0,2.0,0
21.461999893188477,217.0,1073.0,52.0,55796.0,0.0,0.0,0.0,44.0,66.0,9.0,0.0,100.0,100.0,100.0,103.0,100.0,103.0,100.0,50.0,50.0,0.0,3.355000159353949,3.355000159353949,3.355000159353949,3.355000159353949,14.70000021904707,1.0,2.999929189682007,0.0,0.0,13.0,3.000000142492354,3.013000143109821,13.90000020712614,40.0,0.0,0.0,-6.671748161315918,0.0,0.0,0.0,1.0,75.0,1050.0,-23.0,98.0,0.0,11.0,0.0,0.0,11.0,10.0,1860.0,104.00745391845703,0.0,0.0,0.0,0.0,0.0,0.0,0.0,0.0,0.0,0.0,0.0,0.0,0.0,0.0,0.0,0.0,13.0,0.0,0.0,0.0,2.0,0
21.5310001373291,217.0,1067.0,52.0,55484.0,0.0,0.0,0.0,44.0,66.0,9.0,0.0,100.0,100.0,100.0,103.0,100.0,103.0,100.0,50.0,50.0,0.0,3.355000159353949,3.355000159353949,3.355000159353949,3.355000159353949,14.70000021904707,1.0,2.983154058456421,0.0,0.0,13.0,3.000000142492354,2.9520001402124763,13.90000020712614,10.0,0.0,0.0,-6.671748161315918,0.0,0.0,0.0,1.0,75.0,1050.0,-17.0,98.0,0.0,11.0,0.0,0.0,11.0,10.0,1860.0,104.59231567382812,0.0,0.0,0.0,0.0,0.0,0.0,0.0,0.0,0.0,0.0,0.0,0.0,0.0,0.0,0.0,0.0,13.0,0.0,0.0,0.0,2.0,0
21.597999572753906,217.0,1067.0,52.0,55484.0,0.0,0.0,0.0,44.0,66.0,9.0,0.0,100.0,100.0,100.0,103.0,100.0,103.0,100.0,50.0,50.0,0.0,3.355000159353949,3.355000159353949,3.355000159353949,3.355000159353949,14.70000021904707,1.0,2.983154058456421,0.0,0.0,13.0,3.000000142492354,3.0080001428723335,13.90000020712614,-60.0,0.0,0.0,-6.671748161315918,0.0,0.0,0.0,1.0,75.0,1050.0,-17.0,98.0,0.0,11.0,0.0,0.0,11.0,10.0,1860.0,104.59231567382812,0.0,0.0,0.0,0.0,0.0,0.0,0.0,0.0,0.0,0.0,0.0,0.0,0.0,0.0,0.0,0.0,13.0,0.0,0.0,0.0,2.0,0
21.66699981689453,217.0,1057.0,52.0,54964.0,0.0,0.0,0.0,44.0,66.0,9.0,0.0,100.0,100.0,100.0,103.0,100.0,103.0,100.0,50.0,50.0,0.0,3.355000159353949,3.355000159353949,3.355000159353949,3.355000159353949,14.70000021904707,1.0,2.955195903778076,0.0,0.0,13.0,3.000000142492354,3.0120001430623233,13.90000020712614,-60.0,0.0,0.0,-6.671748161315918,0.0,0.0,0.0,1.0,75.0,1050.0,-7.0,98.0,0.0,11.0,0.0,0.0,11.0,10.0,1860.0,105.58183288574219,0.0,0.0,0.0,0.0,0.0,0.0,0.0,0.0,0.0,0.0,0.0,0.0,0.0,0.0,0.0,0.0,13.0,0.0,0.0,0.0,2.0,0
21.73200035095215,218.0,1057.0,52.0,54964.0,0.0,0.0,0.0,44.0,66.0,9.0,0.0,100.0,100.0,100.0,103.0,100.0,103.0,100.0,50.0,50.0,0.0,3.355000159353949,3.355000159353949,3.355000159353949,3.355000159353949,14.70000021904707,1.0,2.955195903778076,0.0,0.0,13.0,3.000000142492354,3.016000143252313,13.90000020712614,-100.0,0.0,0.0,-6.671748161315918,0.0,0.0,0.0,1.0,77.0,1050.0,-7.0,98.0,0.0,11.0,0.0,0.0,11.0,10.0,1863.0,105.75212860107422,0.0,0.0,0.0,0.0,0.0,0.0,0.0,0.0,0.0,0.0,0.0,0.0,0.0,0.0,0.0,0.0,13.0,0.0,0.0,0.0,2.0,0
21.797000885009766,218.0,1058.0,52.0,55016.0,0.0,0.0,0.0,44.0,66.0,9.0,0.0,100.0,100.0,100.0,103.0,100.0,103.0,100.0,50.0,50.0,0.0,3.355000159353949,3.355000159353949,3.355000159353949,3.355000159353949,14.70000021904707,1.0,2.957991600036621,0.0,0.0,13.0,3.000000142492354,3.071000145864673,13.90000020712614,10.0,0.0,0.0,-6.671748161315918,0.0,0.0,0.0,1.0,77.0,1050.0,-8.0,98.0,0.0,11.0,0.0,0.0,11.0,10.0,1863.0,105.65217590332031,0.0,0.0,0.0,0.0,0.0,0.0,0.0,0.0,0.0,0.0,0.0,0.0,0.0,0.0,0.0,0.0,13.0,0.0,0.0,0.0,2.0,0
21.863000869750977,218.0,1057.0,52.0,54964.0,0.0,0.0,0.0,44.0,66.0,9.0,0.0,100.0,100.0,100.0,103.0,100.0,103.0,100.0,50.0,50.0,0.0,3.355000159353949,3.355000159353949,3.355000159353949,3.355000159353949,14.70000021904707,1.0,2.955195903778076,0.0,0.0,13.0,3.000000142492354,3.016000143252313,13.90000020712614,10.0,0.0,0.0,-6.671748161315918,0.0,0.0,0.0,1.0,77.0,1050.0,-7.0,98.0,0.0,11.0,0.0,0.0,11.0,10.0,1863.0,105.75212860107422,0.0,0.0,0.0,0.0,0.0,0.0,0.0,0.0,0.0,0.0,0.0,0.0,0.0,0.0,0.0,0.0,13.0,0.0,0.0,0.0,2.0,0
21.933000564575195,218.0,1057.0,52.0,54964.0,0.0,0.0,0.0,44.0,66.0,9.0,0.0,100.0,100.0,100.0,103.0,100.0,103.0,100.0,50.0,50.0,0.0,3.355000159353949,3.355000159353949,3.355000159353949,3.355000159353949,14.70000021904707,1.0,2.955195903778076,0.0,0.0,13.0,3.000000142492354,3.0150001432048157,13.90000020712614,-10.0,0.0,0.0,-6.671748161315918,0.0,0.0,0.0,1.0,77.0,1050.0,-7.0,98.0,0.0,11.0,0.0,0.0,11.0,10.0,1863.0,105.75212860107422,0.0,0.0,0.0,0.0,0.0,0.0,0.0,0.0,0.0,0.0,0.0,0.0,0.0,0.0,0.0,0.0,13.0,0.0,0.0,0.0,2.0,0
21.999000549316406,218.0,1057.0,52.0,54964.0,0.0,0.0,0.0,44.0,66.0,9.0,0.0,100.0,100.0,100.0,103.0,100.0,103.0,100.0,50.0,50.0,0.0,3.355000159353949,3.355000159353949,3.355000159353949,3.355000159353949,14.70000021904707,1.0,2.955195903778076,0.0,0.0,13.0,3.000000142492354,2.9830001416848972,13.90000020712614,0.0,0.0,0.0,-6.671748161315918,0.0,0.0,0.0,1.0,77.0,1050.0,-7.0,98.0,0.0,11.0,0.0,0.0,11.0,10.0,1863.0,105.75212860107422,0.0,0.0,0.0,0.0,0.0,0.0,0.0,0.0,0.0,0.0,0.0,0.0,0.0,0.0,0.0,0.0,13.0,0.0,0.0,0.0,2.0,0
22.06399917602539,218.0,1057.0,52.0,54964.0,0.0,0.0,0.0,44.0,66.0,9.0,0.0,100.0,100.0,100.0,103.0,100.0,103.0,100.0,50.0,50.0,0.0,3.355000159353949,3.355000159353949,3.355000159353949,3.355000159353949,14.70000021904707,1.0,2.955195903778076,0.0,0.0,13.0,3.000000142492354,3.016000143252313,13.90000020712614,0.0,0.0,0.0,-6.671748161315918,0.0,0.0,0.0,1.0,77.0,1050.0,-7.0,98.0,0.0,11.0,0.0,0.0,11.0,10.0,1863.0,105.75212860107422,0.0,0.0,0.0,0.0,0.0,0.0,0.0,0.0,0.0,0.0,0.0,0.0,0.0,0.0,0.0,0.0,13.0,0.0,0.0,0.0,2.0,0
22.134000778198242,218.0,1062.0,52.0,55224.0,0.0,0.0,0.0,44.0,66.0,9.0,0.0,100.0,100.0,100.0,103.0,100.0,103.0,100.0,50.0,50.0,0.0,3.355000159353949,3.355000159353949,3.355000159353949,3.355000159353949,14.70000021904707,1.0,2.969175100326538,0.0,0.0,13.0,3.000000142492354,3.13100014871452,13.90000020712614,50.0,0.0,0.0,-6.671748161315918,0.0,0.0,0.0,1.0,77.0,1050.0,-12.0,98.0,0.0,11.0,0.0,0.0,11.0,10.0,1863.0,105.25423431396484,0.0,0.0,0.0,0.0,0.0,0.0,0.0,0.0,0.0,0.0,0.0,0.0,0.0,0.0,0.0,0.0,13.0,0.0,0.0,0.0,2.0,0
22.200000762939453,218.0,1067.0,52.0,55484.0,0.0,0.0,0.0,44.0,66.0,9.0,0.0,100.0,100.0,100.0,103.0,100.0,103.0,100.0,50.0,50.0,0.0,3.355000159353949,3.355000159353949,3.355000159353949,3.355000159353949,14.70000021904707,1.0,2.983154058456421,0.0,0.0,13.0,3.000000142492354,3.0170001432998106,14.000000208616257,0.0,0.0,0.0,-6.671748161315918,0.0,0.0,0.0,1.0,77.0,1050.0,-17.0,98.0,0.0,11.0,0.0,0.0,11.0,10.0,1863.0,104.7610092163086,0.0,0.0,0.0,0.0,0.0,0.0,0.0,0.0,0.0,0.0,0.0,0.0,0.0,0.0,0.0,0.0,13.0,0.0,0.0,0.0,2.0,0
22.270000457763672,218.0,1067.0,52.0,55484.0,0.0,0.0,0.0,44.0,66.0,9.0,0.0,100.0,100.0,100.0,103.0,100.0,103.0,100.0,50.0,50.0,0.0,3.355000159353949,3.355000159353949,3.355000159353949,3.355000159353949,14.70000021904707,1.0,2.983154058456421,0.0,0.0,13.0,3.000000142492354,3.018000143347308,14.000000208616257,0.0,0.0,0.0,-6.671748161315918,0.0,0.0,0.0,1.0,77.0,1050.0,-17.0,98.0,0.0,11.0,0.0,0.0,11.0,10.0,1863.0,104.7610092163086,0.0,0.0,0.0,0.0,0.0,0.0,0.0,0.0,0.0,0.0,0.0,0.0,0.0,0.0,0.0,0.0,13.0,0.0,0.0,0.0,2.0,0
22.334999084472656,218.0,1067.0,52.0,55484.0,0.0,0.0,0.0,44.0,66.0,9.0,0.0,100.0,100.0,100.0,103.0,100.0,103.0,100.0,50.0,50.0,0.0,3.355000159353949,3.355000159353949,3.355000159353949,3.355000159353949,14.70000021904707,1.0,2.983154058456421,0.0,0.0,13.0,3.000000142492354,3.118000148097053,14.000000208616257,50.0,0.0,0.0,-6.671748161315918,0.0,0.0,0.0,1.0,75.0,1050.0,-17.0,98.0,0.0,11.0,0.0,0.0,11.0,10.0,1863.0,104.7610092163086,0.0,0.0,0.0,0.0,0.0,0.0,0.0,0.0,0.0,0.0,0.0,0.0,0.0,0.0,0.0,0.0,13.0,0.0,0.0,0.0,2.0,0
22.39900016784668,218.0,1067.0,52.0,55484.0,0.0,0.0,0.0,44.0,66.0,9.0,0.0,100.0,100.0,100.0,103.0,100.0,103.0,100.0,50.0,50.0,0.0,3.355000159353949,3.355000159353949,3.355000159353949,3.355000159353949,14.70000021904707,1.0,2.983154058456421,0.0,0.0,13.0,3.000000142492354,3.0210001434898004,14.000000208616257,0.0,0.0,0.0,-6.671748161315918,0.0,0.0,0.0,1.0,75.0,1050.0,-17.0,98.0,0.0,11.0,0.0,0.0,11.0,10.0,1863.0,104.7610092163086,0.0,0.0,0.0,0.0,0.0,0.0,0.0,0.0,0.0,0.0,0.0,0.0,0.0,0.0,0.0,0.0,13.0,0.0,0.0,0.0,2.0,0
22.465999603271484,218.0,1066.0,52.0,55432.0,0.0,0.0,0.0,44.0,66.0,9.0,0.0,100.0,100.0,100.0,103.0,100.0,103.0,100.0,50.0,50.0,0.0,3.355000159353949,3.355000159353949,3.355000159353949,3.355000159353949,14.70000021904707,1.0,2.980358362197876,0.0,0.0,13.0,3.000000142492354,3.0460001446772367,14.000000208616257,0.0,0.0,0.0,-6.671748161315918,0.0,0.0,0.0,1.0,75.0,1050.0,-16.0,98.0,0.0,11.0,0.0,0.0,11.0,10.0,1863.0,104.85928344726562,0.0,0.0,0.0,0.0,0.0,0.0,0.0,0.0,0.0,0.0,0.0,0.0,0.0,0.0,0.0,0.0,13.0,0.0,0.0,0.0,2.0,0
22.531999588012695,218.0,1066.0,52.0,55432.0,0.0,0.0,0.0,44.0,66.0,9.0,0.0,100.0,100.0,100.0,103.0,100.0,103.0,100.0,50.0,50.0,0.0,3.355000159353949,3.355000159353949,3.355000159353949,3.355000159353949,14.70000021904707,1.0,2.980358362197876,0.0,0.0,13.0,3.000000142492354,3.016000143252313,14.000000208616257,-10.0,0.0,0.0,-6.671748161315918,0.0,0.0,0.0,1.0,75.0,1050.0,-16.0,98.0,0.0,11.0,0.0,0.0,11.0,10.0,1863.0,104.85928344726562,0.0,0.0,0.0,0.0,0.0,0.0,0.0,0.0,0.0,0.0,0.0,0.0,0.0,0.0,0.0,0.0,13.0,0.0,0.0,0.0,2.0,0
22.60099983215332,218.0,1063.0,52.0,55276.0,0.0,0.0,0.0,44.0,66.0,9.0,0.0,100.0,100.0,100.0,103.0,100.0,103.0,100.0,50.0,50.0,0.0,3.355000159353949,3.355000159353949,3.355000159353949,3.355000159353949,14.70000021904707,1.0,2.971970796585083,0.0,0.0,13.0,3.000000142492354,3.02900014386978,14.000000208616257,-10.0,0.0,0.0,-6.671748161315918,0.0,0.0,0.0,1.0,75.0,1050.0,-13.0,98.0,0.0,11.0,0.0,0.0,11.0,10.0,1863.0,105.15522003173828,0.0,0.0,0.0,0.0,0.0,0.0,0.0,0.0,0.0,0.0,0.0,0.0,0.0,0.0,0.0,0.0,13.0,0.0,0.0,0.0,2.0,0
22.666000366210938,218.0,1061.0,52.0,55172.0,0.0,0.0,0.0,44.0,66.0,9.0,0.0,100.0,100.0,100.0,103.0,100.0,103.0,100.0,50.0,50.0,0.0,3.355000159353949,3.355000159353949,3.355000159353949,3.355000159353949,14.70000021904707,1.0,2.966379165649414,0.0,0.0,13.0,3.000000142492354,2.9660001408774406,14.000000208616257,-30.0,0.0,0.0,-6.671748161315918,0.0,0.0,0.0,1.0,76.0,1050.0,-11.0,98.0,0.0,11.0,0.0,0.0,11.0,10.0,1863.0,105.35343933105469,0.0,0.0,0.0,0.0,0.0,0.0,0.0,0.0,0.0,0.0,0.0,0.0,0.0,0.0,0.0,0.0,13.0,0.0,0.0,0.0,2.0,0
22.73200035095215,219.0,1061.0,52.0,55172.0,0.0,0.0,0.0,44.0,66.0,9.0,0.0,100.0,100.0,100.0,103.0,100.0,103.0,100.0,50.0,50.0,0.0,3.355000159353949,3.355000159353949,3.355000159353949,3.355000159353949,14.70000021904707,1.0,2.966379165649414,0.0,0.0,13.0,3.000000142492354,3.0260001437272877,14.000000208616257,-20.0,0.0,0.0,-6.671748161315918,0.0,0.0,0.0,1.0,76.0,1050.0,-11.0,98.0,0.0,11.0,0.0,0.0,11.0,10.0,1867.0,105.57964324951172,0.0,0.0,0.0,0.0,0.0,0.0,0.0,0.0,0.0,0.0,0.0,0.0,0.0,0.0,0.0,0.0,13.0,0.0,0.0,0.0,2.0,0
22.79800033569336,219.0,1055.0,52.0,54860.0,0.0,0.0,0.0,44.0,66.0,9.0,0.0,100.0,100.0,100.0,103.0,100.0,103.0,100.0,50.0,50.0,0.0,3.355000159353949,3.355000159353949,3.355000159353949,3.355000159353949,14.70000021904707,1.0,2.9496042728424072,0.0,0.0,13.0,3.000000142492354,3.213000152609311,14.000000208616257,-20.0,0.0,0.0,-6.671748161315918,0.0,0.0,0.0,1.0,76.0,1050.0,-5.0,98.0,0.0,11.0,0.0,0.0,11.0,10.0,1867.0,106.18009185791016,0.0,0.0,0.0,0.0,0.0,0.0,0.0,0.0,0.0,0.0,0.0,0.0,0.0,0.0,0.0,0.0,13.0,0.0,0.0,0.0,2.0,0
22.865999221801758,219.0,1055.0,52.0,54860.0,0.0,0.0,0.0,44.0,66.0,9.0,0.0,100.0,100.0,100.0,103.0,100.0,103.0,100.0,50.0,50.0,0.0,3.355000159353949,3.355000159353949,3.355000159353949,3.355000159353949,14.70000021904707,1.0,2.9496042728424072,0.0,0.0,13.0,3.000000142492354,3.018000143347308,14.000000208616257,-60.0,0.0,0.0,-6.671748161315918,0.0,0.0,0.0,1.0,76.0,1050.0,-5.0,98.0,0.0,11.0,0.0,0.0,11.0,10.0,1867.0,106.18009185791016,0.0,0.0,0.0,0.0,0.0,0.0,0.0,0.0,0.0,0.0,0.0,0.0,0.0,0.0,0.0,0.0,13.0,0.0,0.0,0.0,2.0,0
22.933000564575195,219.0,1059.0,52.0,55068.0,0.0,0.0,0.0,44.0,66.0,9.0,0.0,100.0,100.0,100.0,103.0,100.0,103.0,100.0,50.0,50.0,0.0,3.355000159353949,3.355000159353949,3.355000159353949,3.355000159353949,14.70000021904707,1.0,2.960787534713745,0.0,0.0,13.0,3.000000142492354,3.0860001465771347,14.000000208616257,40.0,0.0,0.0,-6.671748161315918,0.0,0.0,0.0,1.0,76.0,1050.0,-9.0,98.0,0.0,11.0,0.0,0.0,11.0,10.0,1867.0,105.77903747558594,0.0,0.0,0.0,0.0,0.0,0.0,0.0,0.0,0.0,0.0,0.0,0.0,0.0,0.0,0.0,0.0,13.0,0.0,0.0,0.0,2.0,0
22.996999740600586,219.0,1063.0,52.0,55276.0,0.0,0.0,0.0,44.0,66.0,9.0,0.0,100.0,100.0,100.0,103.0,100.0,103.0,100.0,50.0,50.0,0.0,3.355000159353949,3.355000159353949,3.355000159353949,3.355000159353949,14.70000021904707,1.0,2.971970796585083,0.0,0.0,13.0,3.000000142492354,2.998000142397359,14.000000208616257,40.0,0.0,0.0,-6.671748161315918,0.0,0.0,0.0,1.0,76.0,1050.0,-13.0,98.0,0.0,11.0,0.0,0.0,11.0,10.0,1867.0,105.38099670410156,0.0,0.0,0.0,0.0,0.0,0.0,0.0,0.0,0.0,0.0,0.0,0.0,0.0,0.0,0.0,0.0,13.0,0.0,0.0,0.0,2.0,0
23.06399917602539,219.0,1063.0,52.0,55276.0,0.0,0.0,0.0,44.0,66.0,9.0,0.0,100.0,100.0,100.0,103.0,100.0,103.0,100.0,50.0,50.0,0.0,3.355000159353949,3.355000159353949,3.355000159353949,3.355000159353949,14.70000021904707,1.0,2.971970796585083,0.0,0.0,13.0,3.000000142492354,3.0280001438222826,14.000000208616257,40.0,0.0,0.0,-6.671748161315918,0.0,0.0,0.0,1.0,76.0,1050.0,-13.0,98.0,0.0,11.0,0.0,0.0,11.0,10.0,1867.0,105.38099670410156,0.0,0.0,0.0,0.0,0.0,0.0,0.0,0.0,0.0,0.0,0.0,0.0,0.0,0.0,0.0,0.0,13.0,0.0,0.0,0.0,2.0,0
23.131999969482422,219.0,1066.0,52.0,55432.0,0.0,0.0,0.0,44.0,66.0,9.0,0.0,100.0,100.0,100.0,103.0,100.0,103.0,100.0,50.0,50.0,0.0,3.355000159353949,3.355000159353949,3.355000159353949,3.355000159353949,14.70000021904707,1.0,2.980358362197876,0.0,0.0,13.0,3.000000142492354,3.0900001467671245,14.000000208616257,30.0,0.0,0.0,-6.671748161315918,0.0,0.0,0.0,1.0,76.0,1050.0,-16.0,98.0,0.0,11.0,0.0,0.0,11.0,10.0,1867.0,105.08442687988281,0.0,0.0,0.0,0.0,0.0,0.0,0.0,0.0,0.0,0.0,0.0,0.0,0.0,0.0,0.0,0.0,13.0,0.0,0.0,0.0,2.0,0
23.198999404907227,219.0,1066.0,52.0,55432.0,0.0,0.0,0.0,44.0,66.0,9.0,0.0,100.0,100.0,100.0,103.0,100.0,103.0,100.0,50.0,50.0,0.0,3.355000159353949,3.355000159353949,3.355000159353949,3.355000159353949,14.70000021904707,1.0,2.980358362197876,0.0,0.0,13.0,3.000000142492354,3.018000143347308,14.000000208616257,30.0,0.0,0.0,-6.671748161315918,0.0,0.0,0.0,1.0,76.0,1050.0,-16.0,98.0,0.0,11.0,0.0,0.0,11.0,10.0,1867.0,105.08442687988281,0.0,0.0,0.0,0.0,0.0,0.0,0.0,0.0,0.0,0.0,0.0,0.0,0.0,0.0,0.0,0.0,13.0,0.0,0.0,0.0,2.0,0
23.263999938964844,219.0,1061.0,52.0,55172.0,0.0,0.0,0.0,44.0,66.0,9.0,0.0,100.0,100.0,100.0,103.0,100.0,103.0,100.0,50.0,50.0,0.0,3.355000159353949,3.355000159353949,3.355000159353949,3.355000159353949,14.70000021904707,1.0,2.966379165649414,0.0,0.0,13.0,3.000000142492354,3.073000145959668,14.000000208616257,0.0,0.0,0.0,-6.671748161315918,0.0,0.0,0.0,1.0,76.0,1050.0,-11.0,98.0,0.0,11.0,0.0,0.0,11.0,10.0,1867.0,105.57964324951172,0.0,0.0,0.0,0.0,0.0,0.0,0.0,0.0,0.0,0.0,0.0,0.0,0.0,0.0,0.0,0.0,13.0,0.0,0.0,0.0,2.0,0
23.33300018310547,219.0,1059.0,52.0,55068.0,0.0,0.0,0.0,44.0,66.0,9.0,0.0,100.0,100.0,100.0,103.0,100.0,103.0,100.0,50.0,50.0,0.0,3.355000159353949,3.355000159353949,3.355000159353949,3.355000159353949,14.70000021904707,1.0,2.960787534713745,0.0,0.0,13.0,3.000000142492354,3.016000143252313,14.000000208616257,-50.0,0.0,0.0,-6.671748161315918,0.0,0.0,0.0,1.0,76.0,1050.0,-9.0,98.0,0.0,11.0,0.0,0.0,11.0,10.0,1867.0,105.77903747558594,0.0,0.0,0.0,0.0,0.0,0.0,0.0,0.0,0.0,0.0,0.0,0.0,0.0,0.0,0.0,0.0,13.0,0.0,0.0,0.0,2.0,0
23.39900016784668,219.0,1059.0,52.0,55068.0,0.0,0.0,0.0,44.0,66.0,9.0,0.0,100.0,100.0,100.0,103.0,100.0,103.0,100.0,50.0,50.0,0.0,3.355000159353949,3.355000159353949,3.355000159353949,3.355000159353949,14.70000021904707,1.0,2.960787534713745,0.0,0.0,13.0,3.000000142492354,3.027000143774785,14.000000208616257,-50.0,0.0,0.0,-6.671748161315918,0.0,0.0,0.0,1.0,76.0,1050.0,-9.0,98.0,0.0,11.0,0.0,0.0,11.0,10.0,1867.0,105.77903747558594,0.0,0.0,0.0,0.0,0.0,0.0,0.0,0.0,0.0,0.0,0.0,0.0,0.0,0.0,0.0,0.0,13.0,0.0,0.0,0.0,2.0,0
23.46500015258789,219.0,1059.0,52.0,55068.0,0.0,0.0,0.0,44.0,66.0,9.0,0.0,100.0,100.0,100.0,103.0,100.0,103.0,100.0,50.0,50.0,0.0,3.355000159353949,3.355000159353949,3.355000159353949,3.355000159353949,14.70000021904707,1.0,2.960787534713745,0.0,0.0,13.0,3.000000142492354,2.998000142397359,14.000000208616257,-20.0,0.0,0.0,-6.671748161315918,0.0,0.0,0.0,1.0,76.0,1050.0,-9.0,98.0,0.0,11.0,0.0,0.0,11.0,10.0,1867.0,105.77903747558594,0.0,0.0,0.0,0.0,0.0,0.0,0.0,0.0,0.0,0.0,0.0,0.0,0.0,0.0,0.0,0.0,13.0,0.0,0.0,0.0,2.0,0
23.5310001373291,219.0,1059.0,52.0,55068.0,0.0,0.0,0.0,44.0,66.0,9.0,0.0,100.0,100.0,100.0,103.0,100.0,103.0,100.0,50.0,50.0,0.0,3.355000159353949,3.355000159353949,3.355000159353949,3.355000159353949,14.70000021904707,1.0,2.960787534713745,0.0,0.0,13.0,3.000000142492354,3.016000143252313,14.000000208616257,0.0,0.0,0.0,-6.671748161315918,0.0,0.0,0.0,1.0,76.0,1050.0,-9.0,98.0,0.0,11.0,0.0,0.0,11.0,10.0,1867.0,105.77903747558594,0.0,0.0,0.0,0.0,0.0,0.0,0.0,0.0,0.0,0.0,0.0,0.0,0.0,0.0,0.0,0.0,13.0,0.0,0.0,0.0,2.0,0
23.600000381469727,219.0,1062.0,52.0,55224.0,0.0,0.0,0.0,44.0,66.0,9.0,0.0,100.0,100.0,100.0,103.0,100.0,103.0,100.0,50.0,50.0,0.0,3.355000159353949,3.355000159353949,3.355000159353949,3.355000159353949,14.70000021904707,1.0,2.969175100326538,0.0,0.0,13.0,3.000000142492354,3.0480001447722316,14.000000208616257,0.0,0.0,0.0,-6.671748161315918,0.0,0.0,0.0,1.0,76.0,1050.0,-12.0,98.0,0.0,11.0,0.0,0.0,11.0,10.0,1867.0,105.480224609375,0.0,0.0,0.0,0.0,0.0,0.0,0.0,0.0,0.0,0.0,0.0,0.0,0.0,0.0,0.0,0.0,13.0,0.0,0.0,0.0,2.0,0
23.66699981689453,219.0,1065.0,52.0,55380.0,0.0,0.0,0.0,44.0,66.0,9.0,0.0,100.0,100.0,100.0,103.0,100.0,103.0,100.0,50.0,50.0,0.0,3.355000159353949,3.355000159353949,3.355000159353949,3.355000159353949,14.70000021904707,1.0,2.977562427520752,0.0,0.0,13.0,3.000000142492354,3.016000143252313,14.000000208616257,30.0,0.0,0.0,-6.671748161315918,0.0,0.0,0.0,1.0,76.0,1050.0,-15.0,98.0,0.0,11.0,0.0,0.0,11.0,10.0,1867.0,105.18309783935547,0.0,0.0,0.0,0.0,0.0,0.0,0.0,0.0,0.0,0.0,0.0,0.0,0.0,0.0,0.0,0.0,13.0,0.0,0.0,0.0,2.0,0
23.735000610351562,220.0,1065.0,52.0,55380.0,0.0,0.0,0.0,44.0,66.0,9.0,0.0,100.0,100.0,100.0,103.0,100.0,103.0,100.0,50.0,50.0,0.0,3.355000159353949,3.355000159353949,3.355000159353949,3.355000159353949,14.70000021904707,1.0,2.977562427520752,0.0,0.0,13.0,3.000000142492354,3.0230001435847953,14.000000208616257,30.0,0.0,0.0,-6.671748161315918,0.0,0.0,0.0,1.0,76.0,1050.0,-15.0,98.0,0.0,11.0,0.0,0.0,11.0,10.0,1867.0,105.18309783935547,0.0,0.0,0.0,0.0,0.0,0.0,0.0,0.0,0.0,0.0,0.0,0.0,0.0,0.0,0.0,0.0,13.0,0.0,0.0,0.0,2.0,0
23.801000595092773,220.0,1066.0,52.0,55432.0,0.0,0.0,0.0,44.0,66.0,9.0,0.0,100.0,100.0,100.0,103.0,100.0,103.0,100.0,50.0,50.0,0.0,3.355000159353949,3.355000159353949,3.355000159353949,3.355000159353949,14.70000021904707,1.0,2.980358362197876,0.0,0.0,13.0,3.000000142492354,2.9550001403549686,14.000000208616257,30.0,0.0,0.0,-6.671748161315918,0.0,0.0,0.0,1.0,76.0,1050.0,-16.0,98.0,0.0,11.0,0.0,0.0,11.0,10.0,1867.0,105.08442687988281,0.0,0.0,0.0,0.0,0.0,0.0,0.0,0.0,0.0,0.0,0.0,0.0,0.0,0.0,0.0,0.0,13.0,0.0,0.0,0.0,2.0,0
23.865999221801758,220.0,1066.0,52.0,55432.0,0.0,0.0,0.0,44.0,66.0,9.0,0.0,100.0,100.0,100.0,103.0,100.0,103.0,100.0,50.0,50.0,0.0,3.355000159353949,3.355000159353949,3.355000159353949,3.355000159353949,14.70000021904707,1.0,2.980358362197876,0.0,0.0,13.0,3.000000142492354,3.02900014386978,14.000000208616257,10.0,0.0,0.0,-6.671748161315918,0.0,0.0,0.0,1.0,74.0,1050.0,-16.0,98.0,0.0,11.0,0.0,0.0,11.0,10.0,1867.0,105.08442687988281,0.0,0.0,0.0,0.0,0.0,0.0,0.0,0.0,0.0,0.0,0.0,0.0,0.0,0.0,0.0,0.0,13.0,0.0,0.0,0.0,2.0,0
23.865999221801758,220.0,1061.0,52.0,55172.0,0.0,0.0,0.0,44.0,66.0,9.0,0.0,100.0,100.0,100.0,103.0,100.0,103.0,100.0,50.0,50.0,0.0,3.355000159353949,3.355000159353949,3.355000159353949,3.355000159353949,14.70000021904707,1.0,2.966379165649414,0.0,0.0,13.0,3.000000142492354,3.0920001468621194,14.000000208616257,-50.0,0.0,0.0,-6.671748161315918,0.0,0.0,0.0,1.0,74.0,1050.0,-11.0,98.0,0.0,11.0,0.0,0.0,11.0,10.0,1867.0,105.57964324951172,0.0,0.0,0.0,0.0,0.0,0.0,0.0,0.0,0.0,0.0,0.0,0.0,0.0,0.0,0.0,0.0,13.0,0.0,0.0,0.0,2.0,0
24.003000259399414,220.0,1064.0,52.0,55328.0,0.0,0.0,0.0,44.0,66.0,9.0,0.0,100.0,100.0,100.0,103.0,100.0,103.0,100.0,50.0,50.0,0.0,3.355000159353949,3.355000159353949,3.355000159353949,3.355000159353949,14.70000021904707,1.0,2.974766731262207,0.0,0.0,13.0,3.000000142492354,3.016000143252313,14.000000208616257,-50.0,0.0,0.0,-6.671748161315918,0.0,0.0,0.0,1.0,74.0,1050.0,-14.0,98.0,0.0,11.0,0.0,0.0,11.0,10.0,1867.0,105.28195190429688,0.0,0.0,0.0,0.0,0.0,0.0,0.0,0.0,0.0,0.0,0.0,0.0,0.0,0.0,0.0,0.0,13.0,0.0,0.0,0.0,2.0,0
24.06599998474121,220.0,1064.0,52.0,55328.0,0.0,0.0,0.0,44.0,66.0,9.0,0.0,100.0,100.0,100.0,103.0,100.0,103.0,100.0,50.0,50.0,0.0,3.355000159353949,3.355000159353949,3.355000159353949,3.355000159353949,14.70000021904707,1.0,2.974766731262207,0.0,0.0,13.0,3.000000142492354,3.0500001448672265,14.000000208616257,30.0,0.0,0.0,-6.671748161315918,0.0,0.0,0.0,1.0,74.0,1050.0,-14.0,98.0,0.0,11.0,0.0,0.0,11.0,10.0,1867.0,105.28195190429688,0.0,0.0,0.0,0.0,0.0,0.0,0.0,0.0,0.0,0.0,0.0,0.0,0.0,0.0,0.0,0.0,13.0,0.0,0.0,0.0,2.0,0
24.132999420166016,220.0,1062.0,52.0,55224.0,0.0,0.0,0.0,44.0,66.0,9.0,0.0,100.0,100.0,100.0,103.0,100.0,103.0,100.0,50.0,50.0,0.0,3.355000159353949,3.355000159353949,3.355000159353949,3.355000159353949,14.70000021904707,1.0,2.969175100326538,0.0,0.0,13.0,3.000000142492354,3.0970001470996067,14.000000208616257,-20.0,0.0,0.0,-6.671748161315918,0.0,0.0,0.0,1.0,75.0,1050.0,-12.0,98.0,0.0,11.0,0.0,0.0,11.0,10.0,1867.0,105.480224609375,0.0,0.0,0.0,0.0,0.0,0.0,0.0,0.0,0.0,0.0,0.0,0.0,0.0,0.0,0.0,0.0,13.0,0.0,0.0,0.0,2.0,0
24.20199966430664,220.0,1062.0,52.0,55224.0,0.0,0.0,0.0,44.0,66.0,9.0,0.0,100.0,100.0,100.0,103.0,100.0,103.0,100.0,50.0,50.0,0.0,3.355000159353949,3.355000159353949,3.355000159353949,3.355000159353949,14.70000021904707,1.0,2.969175100326538,0.0,0.0,13.0,3.000000142492354,3.022000143537298,14.000000208616257,-20.0,0.0,0.0,-6.671748161315918,0.0,0.0,0.0,1.0,75.0,1050.0,-12.0,98.0,0.0,11.0,0.0,0.0,11.0,10.0,1867.0,105.480224609375,0.0,0.0,0.0,0.0,0.0,0.0,0.0,0.0,0.0,0.0,0.0,0.0,0.0,0.0,0.0,0.0,13.0,0.0,0.0,0.0,2.0,0
24.26799964904785,220.0,1056.0,52.0,54912.0,0.0,0.0,0.0,44.0,66.0,9.0,0.0,100.0,100.0,100.0,103.0,100.0,103.0,100.0,50.0,50.0,0.0,3.355000159353949,3.355000159353949,3.355000159353949,3.355000159353949,14.70000021904707,1.0,2.952399969100952,0.0,0.0,13.0,3.000000142492354,3.0770001461496577,14.000000208616257,0.0,0.0,0.0,-6.671748161315918,0.0,0.0,0.0,1.0,75.0,1050.0,-6.0,98.0,0.0,11.0,0.0,0.0,11.0,10.0,1867.0,106.07954406738281,0.0,0.0,0.0,0.0,0.0,0.0,0.0,0.0,0.0,0.0,0.0,0.0,0.0,0.0,0.0,0.0,13.0,0.0,0.0,0.0,2.0,0
24.333999633789062,220.0,1056.0,52.0,54912.0,0.0,0.0,0.0,44.0,66.0,9.0,0.0,100.0,100.0,100.0,103.0,100.0,103.0,100.0,50.0,50.0,0.0,3.355000159353949,3.355000159353949,3.355000159353949,3.355000159353949,14.70000021904707,1.0,2.952399969100952,0.0,0.0,13.0,3.000000142492354,3.016000143252313,14.000000208616257,-60.0,0.0,0.0,-6.671748161315918,0.0,0.0,0.0,1.0,75.0,1050.0,-6.0,98.0,0.0,11.0,0.0,0.0,11.0,10.0,1867.0,106.07954406738281,0.0,0.0,0.0,0.0,0.0,0.0,0.0,0.0,0.0,0.0,0.0,0.0,0.0,0.0,0.0,0.0,13.0,0.0,0.0,0.0,2.0,0
24.399999618530273,220.0,1047.0,52.0,54444.0,0.0,0.0,0.0,44.0,66.0,9.0,0.0,100.0,100.0,100.0,103.0,100.0,103.0,100.0,50.0,50.0,0.0,3.355000159353949,3.355000159353949,3.355000159353949,3.355000159353949,14.70000021904707,1.0,2.9272375106811523,0.0,0.0,13.0,3.000000142492354,3.067000145674683,14.000000208616257,-60.0,0.0,0.0,-6.671748161315918,0.0,0.0,0.0,1.0,75.0,1050.0,3.0,98.0,0.0,11.0,0.0,0.0,11.0,10.0,1867.0,106.99140167236328,0.0,0.0,0.0,0.0,0.0,0.0,0.0,0.0,0.0,0.0,0.0,0.0,0.0,0.0,0.0,0.0,13.0,0.0,0.0,0.0,2.0,0
24.468000411987305,220.0,1048.0,52.0,54496.0,0.0,0.0,0.0,44.0,66.0,9.0,0.0,100.0,100.0,100.0,103.0,100.0,103.0,100.0,50.0,50.0,0.0,3.355000159353949,3.355000159353949,3.355000159353949,3.355000159353949,14.70000021904707,1.0,2.9300334453582764,0.0,0.0,13.0,3.000000142492354,3.047000144724734,14.000000208616257,-90.0,0.0,0.0,-6.671748161315918,0.0,0.0,0.0,1.0,77.0,1050.0,2.0,98.0,0.0,11.0,0.0,0.0,11.0,10.0,1867.0,106.88931274414062,0.0,0.0,0.0,0.0,0.0,0.0,0.0,0.0,0.0,0.0,0.0,0.0,0.0,0.0,0.0,0.0,13.0,0.0,0.0,0.0,2.0,0
24.534000396728516,220.0,1048.0,52.0,54496.0,0.0,0.0,0.0,44.0,66.0,9.0,0.0,100.0,100.0,100.0,103.0,100.0,103.0,100.0,50.0,50.0,0.0,3.355000159353949,3.355000159353949,3.355000159353949,3.355000159353949,14.70000021904707,1.0,2.9300334453582764,0.0,0.0,13.0,3.000000142492354,3.0230001435847953,14.000000208616257,10.0,0.0,0.0,-6.671748161315918,0.0,0.0,0.0,1.0,77.0,1050.0,2.0,98.0,0.0,11.0,0.0,0.0,11.0,10.0,1867.0,106.88931274414062,0.0,0.0,0.0,0.0,0.0,0.0,0.0,0.0,0.0,0.0,0.0,0.0,0.0,0.0,0.0,0.0,13.0,0.0,0.0,0.0,2.0,0
24.600000381469727,220.0,1047.0,53.0,55491.0,0.0,0.0,0.0,44.0,66.0,9.0,0.0,100.0,100.0,100.0,103.0,100.0,103.0,100.0,50.0,50.0,0.0,3.392000161111355,3.392000161111355,3.392000161111355,3.392000161111355,14.70000021904707,1.0,2.959520101547241,0.0,0.0,13.0,3.000000142492354,3.0860001465771347,14.000000208616257,10.0,0.0,0.0,-6.526710033416748,0.0,0.0,0.0,1.0,77.0,1050.0,3.0,98.0,0.0,11.0,0.0,0.0,11.0,10.0,1867.0,106.99140167236328,0.0,0.0,0.0,0.0,0.0,0.0,0.0,0.0,0.0,0.0,0.0,0.0,0.0,0.0,0.0,0.0,13.0,0.0,0.0,0.0,2.0,0
24.665000915527344,220.0,1047.0,53.0,55491.0,0.0,0.0,0.0,44.0,66.0,9.0,0.0,100.0,100.0,100.0,103.0,100.0,103.0,100.0,50.0,50.0,0.0,3.392000161111355,3.392000161111355,3.392000161111355,3.392000161111355,14.70000021904707,1.0,2.959520101547241,0.0,0.0,13.0,3.000000142492354,3.03300014405977,14.000000208616257,-10.0,0.0,0.0,-6.526710033416748,0.0,0.0,0.0,1.0,77.0,1050.0,3.0,98.0,0.0,11.0,0.0,0.0,11.0,10.0,1867.0,106.99140167236328,0.0,0.0,0.0,0.0,0.0,0.0,0.0,0.0,0.0,0.0,0.0,0.0,0.0,0.0,0.0,0.0,13.0,0.0,0.0,0.0,2.0,0
24.731000900268555,220.0,1050.0,53.0,55650.0,0.0,0.0,0.0,44.0,66.0,9.0,0.0,100.0,100.0,100.0,103.0,100.0,103.0,100.0,50.0,50.0,0.0,3.392000161111355,3.392000161111355,3.392000161111355,3.392000161111355,14.70000021904707,1.0,2.9679999351501465,0.0,0.0,13.0,3.000000142492354,3.07600014610216,14.000000208616257,-10.0,0.0,0.0,-6.526710033416748,0.0,0.0,0.0,1.0,77.0,1050.0,0.0,98.0,0.0,11.0,0.0,0.0,11.0,10.0,1867.0,106.68571472167969,0.0,0.0,0.0,0.0,0.0,0.0,0.0,0.0,0.0,0.0,0.0,0.0,0.0,0.0,0.0,0.0,13.0,0.0,0.0,0.0,2.0,0
24.799999237060547,221.0,1047.0,53.0,55491.0,0.0,0.0,0.0,44.0,66.0,9.0,0.0,100.0,100.0,100.0,103.0,100.0,103.0,100.0,50.0,50.0,0.0,3.392000161111355,3.392000161111355,3.392000161111355,3.392000161111355,14.70000021904707,1.0,2.959520101547241,0.0,0.0,13.0,3.000000142492354,3.016000143252313,14.000000208616257,30.0,0.0,0.0,-6.526710033416748,0.0,0.0,0.0,1.0,76.0,1050.0,3.0,98.0,0.0,11.0,0.0,0.0,11.0,10.0,1863.0,106.76217651367188,0.0,0.0,0.0,0.0,0.0,0.0,0.0,0.0,0.0,0.0,0.0,0.0,0.0,0.0,0.0,0.0,13.0,0.0,0.0,0.0,2.0,0
24.865999221801758,221.0,1047.0,53.0,55491.0,0.0,0.0,0.0,44.0,66.0,9.0,0.0,100.0,100.0,100.0,103.0,100.0,103.0,100.0,50.0,50.0,0.0,3.392000161111355,3.392000161111355,3.392000161111355,3.392000161111355,14.70000021904707,1.0,2.959520101547241,0.0,0.0,13.0,3.000000142492354,3.102000147337094,14.000000208616257,-30.0,0.0,0.0,-6.526710033416748,0.0,0.0,0.0,1.0,76.0,1050.0,3.0,98.0,0.0,11.0,0.0,0.0,11.0,10.0,1863.0,106.76217651367188,0.0,0.0,0.0,0.0,0.0,0.0,0.0,0.0,0.0,0.0,0.0,0.0,0.0,0.0,0.0,0.0,13.0,0.0,0.0,0.0,2.0,0
24.930999755859375,221.0,1050.0,53.0,55650.0,0.0,0.0,0.0,44.0,66.0,9.0,0.0,100.0,100.0,100.0,103.0,100.0,103.0,100.0,50.0,50.0,0.0,3.392000161111355,3.392000161111355,3.392000161111355,3.392000161111355,14.70000021904707,1.0,2.9679999351501465,0.0,0.0,13.0,3.000000142492354,3.0830001464346424,14.000000208616257,-30.0,0.0,0.0,-6.526710033416748,0.0,0.0,0.0,1.0,76.0,1050.0,0.0,98.0,0.0,11.0,0.0,0.0,11.0,10.0,1863.0,106.45714569091797,0.0,0.0,0.0,0.0,0.0,0.0,0.0,0.0,0.0,0.0,0.0,0.0,0.0,0.0,0.0,0.0,13.0,0.0,0.0,0.0,2.0,0
24.996999740600586,221.0,1050.0,53.0,55650.0,0.0,0.0,0.0,44.0,66.0,9.0,0.0,100.0,100.0,100.0,103.0,100.0,103.0,100.0,50.0,50.0,0.0,3.392000161111355,3.392000161111355,3.392000161111355,3.392000161111355,14.70000021904707,1.0,2.9679999351501465,0.0,0.0,13.0,3.000000142492354,3.0170001432998106,14.000000208616257,30.0,0.0,0.0,-6.526710033416748,0.0,0.0,0.0,1.0,76.0,1050.0,0.0,98.0,0.0,11.0,0.0,0.0,11.0,10.0,1863.0,106.45714569091797,0.0,0.0,0.0,0.0,0.0,0.0,0.0,0.0,0.0,0.0,0.0,0.0,0.0,0.0,0.0,0.0,13.0,0.0,0.0,0.0,2.0,0
25.06599998474121,221.0,1054.0,53.0,55862.0,0.0,0.0,0.0,44.0,66.0,9.0,0.0,100.0,100.0,100.0,103.0,100.0,103.0,100.0,50.0,50.0,0.0,3.392000161111355,3.392000161111355,3.392000161111355,3.392000161111355,14.70000021904707,1.0,2.979306697845459,0.0,0.0,13.0,3.000000142492354,3.0540001450572163,14.000000208616257,40.0,0.0,0.0,-6.526710033416748,0.0,0.0,0.0,1.0,76.0,1050.0,-4.0,98.0,0.0,11.0,0.0,0.0,11.0,10.0,1863.0,106.05313110351562,0.0,0.0,0.0,0.0,0.0,0.0,0.0,0.0,0.0,0.0,0.0,0.0,0.0,0.0,0.0,0.0,13.0,0.0,0.0,0.0,2.0,0
25.132999420166016,221.0,1054.0,53.0,55862.0,0.0,0.0,0.0,44.0,66.0,9.0,0.0,100.0,100.0,100.0,103.0,100.0,103.0,100.0,50.0,50.0,0.0,3.392000161111355,3.392000161111355,3.392000161111355,3.392000161111355,14.70000021904707,1.0,2.979306697845459,0.0,0.0,13.0,3.000000142492354,3.016000143252313,14.000000208616257,40.0,0.0,0.0,-6.526710033416748,0.0,0.0,0.0,1.0,76.0,1050.0,-4.0,98.0,0.0,11.0,0.0,0.0,11.0,10.0,1863.0,106.05313110351562,0.0,0.0,0.0,0.0,0.0,0.0,0.0,0.0,0.0,0.0,0.0,0.0,0.0,0.0,0.0,0.0,13.0,0.0,0.0,0.0,2.0,0
25.201000213623047,221.0,1054.0,53.0,55862.0,0.0,0.0,0.0,44.0,66.0,9.0,0.0,100.0,100.0,100.0,103.0,100.0,103.0,100.0,50.0,50.0,0.0,3.392000161111355,3.392000161111355,3.392000161111355,3.392000161111355,14.70000021904707,1.0,2.979306697845459,0.0,0.0,13.0,3.000000142492354,3.0570001451997086,14.000000208616257,0.0,0.0,0.0,-6.526710033416748,0.0,0.0,0.0,1.0,76.0,1050.0,-4.0,98.0,0.0,11.0,0.0,0.0,11.0,10.0,1863.0,106.05313110351562,0.0,0.0,0.0,0.0,0.0,0.0,0.0,0.0,0.0,0.0,0.0,0.0,0.0,0.0,0.0,0.0,13.0,0.0,0.0,0.0,2.0,0
25.267000198364258,221.0,1055.0,53.0,55915.0,0.0,0.0,0.0,44.0,66.0,9.0,0.0,100.0,100.0,100.0,103.0,100.0,103.0,100.0,50.0,50.0,0.0,3.392000161111355,3.392000161111355,3.392000161111355,3.392000161111355,14.70000021904707,1.0,2.982133388519287,0.0,0.0,13.0,3.000000142492354,2.998000142397359,14.000000208616257,0.0,0.0,0.0,-6.526710033416748,0.0,0.0,0.0,1.0,76.0,1050.0,-5.0,98.0,0.0,11.0,0.0,0.0,11.0,10.0,1863.0,105.95260620117188,0.0,0.0,0.0,0.0,0.0,0.0,0.0,0.0,0.0,0.0,0.0,0.0,0.0,0.0,0.0,0.0,13.0,0.0,0.0,0.0,2.0,0
25.333999633789062,221.0,1055.0,53.0,55915.0,0.0,0.0,0.0,44.0,66.0,9.0,0.0,100.0,100.0,100.0,103.0,100.0,103.0,100.0,50.0,50.0,0.0,3.392000161111355,3.392000161111355,3.392000161111355,3.392000161111355,14.70000021904707,1.0,2.982133388519287,0.0,0.0,13.0,3.000000142492354,3.0280001438222826,14.000000208616257,0.0,0.0,0.0,-6.526710033416748,0.0,0.0,0.0,1.0,76.0,1050.0,-5.0,98.0,0.0,11.0,0.0,0.0,11.0,10.0,1863.0,105.95260620117188,0.0,0.0,0.0,0.0,0.0,0.0,0.0,0.0,0.0,0.0,0.0,0.0,0.0,0.0,0.0,0.0,13.0,0.0,0.0,0.0,2.0,0
25.402000427246094,221.0,1053.0,53.0,55809.0,0.0,0.0,0.0,44.0,66.0,9.0,0.0,100.0,100.0,100.0,103.0,100.0,103.0,100.0,50.0,50.0,0.0,3.392000161111355,3.392000161111355,3.392000161111355,3.392000161111355,14.70000021904707,1.0,2.976480007171631,0.0,0.0,13.0,3.000000142492354,3.0370001442497596,14.000000208616257,10.0,0.0,0.0,-6.526710033416748,0.0,0.0,0.0,1.0,76.0,1050.0,-3.0,98.0,0.0,11.0,0.0,0.0,11.0,10.0,1863.0,106.15384674072266,0.0,0.0,0.0,0.0,0.0,0.0,0.0,0.0,0.0,0.0,0.0,0.0,0.0,0.0,0.0,0.0,13.0,0.0,0.0,0.0,2.0,0
25.468000411987305,221.0,1053.0,53.0,55809.0,0.0,0.0,0.0,44.0,66.0,9.0,0.0,100.0,100.0,100.0,103.0,100.0,103.0,100.0,50.0,50.0,0.0,3.392000161111355,3.392000161111355,3.392000161111355,3.392000161111355,14.70000021904707,1.0,2.976480007171631,0.0,0.0,13.0,3.000000142492354,3.016000143252313,14.000000208616257,-20.0,0.0,0.0,-6.526710033416748,0.0,0.0,0.0,1.0,76.0,1050.0,-3.0,98.0,0.0,11.0,0.0,0.0,11.0,10.0,1863.0,106.15384674072266,0.0,0.0,0.0,0.0,0.0,0.0,0.0,0.0,0.0,0.0,0.0,0.0,0.0,0.0,0.0,0.0,13.0,0.0,0.0,0.0,2.0,0
25.534000396728516,221.0,1055.0,53.0,55915.0,0.0,0.0,0.0,44.0,66.0,9.0,0.0,100.0,100.0,100.0,103.0,100.0,103.0,100.0,50.0,50.0,0.0,3.392000161111355,3.392000161111355,3.392000161111355,3.392000161111355,14.70000021904707,1.0,2.982133388519287,0.0,0.0,13.0,3.000000142492354,3.1190001481445506,14.000000208616257,-20.0,0.0,0.0,-6.526710033416748,0.0,0.0,0.0,1.0,76.0,1050.0,-5.0,98.0,0.0,11.0,0.0,0.0,11.0,10.0,1863.0,105.95260620117188,0.0,0.0,0.0,0.0,0.0,0.0,0.0,0.0,0.0,0.0,0.0,0.0,0.0,0.0,0.0,0.0,13.0,0.0,0.0,0.0,2.0,0
25.599000930786133,221.0,1056.0,53.0,55968.0,0.0,0.0,0.0,44.0,66.0,9.0,0.0,100.0,100.0,100.0,103.0,100.0,103.0,100.0,50.0,50.0,0.0,3.392000161111355,3.392000161111355,3.392000161111355,3.392000161111355,14.70000021904707,1.0,2.9849600791931152,0.0,0.0,13.0,3.000000142492354,3.0170001432998106,14.000000208616257,20.0,0.0,0.0,-6.526710033416748,0.0,0.0,0.0,1.0,76.0,1050.0,-6.0,98.0,0.0,11.0,0.0,0.0,11.0,10.0,1863.0,105.8522720336914,0.0,0.0,0.0,0.0,0.0,0.0,0.0,0.0,0.0,0.0,0.0,0.0,0.0,0.0,0.0,0.0,13.0,0.0,0.0,0.0,2.0,0
25.663999557495117,221.0,1056.0,52.0,54912.0,0.0,0.0,0.0,44.0,66.0,9.0,0.0,100.0,100.0,100.0,103.0,100.0,103.0,100.0,50.0,50.0,0.0,3.355000159353949,3.355000159353949,3.355000159353949,3.355000159353949,14.70000021904707,1.0,2.952399969100952,0.0,0.0,13.0,3.000000142492354,3.040000144392252,14.000000208616257,10.0,0.0,0.0,-6.671748161315918,0.0,0.0,0.0,1.0,76.0,1050.0,-6.0,98.0,0.0,11.0,0.0,0.0,11.0,10.0,1863.0,105.8522720336914,0.0,0.0,0.0,0.0,0.0,0.0,0.0,0.0,0.0,0.0,0.0,0.0,0.0,0.0,0.0,0.0,13.0,0.0,0.0,0.0,2.0,0
25.732999801635742,221.0,1051.0,52.0,54652.0,0.0,0.0,0.0,44.0,66.0,9.0,0.0,100.0,100.0,100.0,103.0,100.0,103.0,100.0,50.0,50.0,0.0,3.355000159353949,3.355000159353949,3.355000159353949,3.355000159353949,14.70000021904707,1.0,2.9384207725524902,0.0,0.0,13.0,3.000000142492354,3.122000148287043,14.000000208616257,10.0,0.0,0.0,-6.671748161315918,0.0,0.0,0.0,1.0,76.0,1050.0,-1.0,98.0,0.0,11.0,0.0,0.0,11.0,10.0,1863.0,106.35585021972656,0.0,0.0,0.0,0.0,0.0,0.0,0.0,0.0,0.0,0.0,0.0,0.0,0.0,0.0,0.0,0.0,13.0,0.0,0.0,0.0,2.0,0
25.801000595092773,222.0,1051.0,52.0,54652.0,0.0,0.0,0.0,44.0,66.0,9.0,0.0,100.0,100.0,100.0,103.0,100.0,103.0,100.0,50.0,50.0,0.0,3.355000159353949,3.355000159353949,3.355000159353949,3.355000159353949,14.70000021904707,1.0,2.9384207725524902,0.0,0.0,13.0,3.000000142492354,3.02500014367979,14.000000208616257,-50.0,0.0,0.0,-6.671748161315918,0.0,0.0,0.0,1.0,76.0,1050.0,-1.0,98.0,0.0,11.0,0.0,0.0,11.0,10.0,1863.0,106.35585021972656,0.0,0.0,0.0,0.0,0.0,0.0,0.0,0.0,0.0,0.0,0.0,0.0,0.0,0.0,0.0,0.0,13.0,0.0,0.0,0.0,2.0,0
25.865999221801758,222.0,1054.0,52.0,54808.0,0.0,0.0,0.0,44.0,66.0,9.0,0.0,100.0,100.0,100.0,103.0,100.0,103.0,100.0,50.0,50.0,0.0,3.355000159353949,3.355000159353949,3.355000159353949,3.355000159353949,14.70000021904707,1.0,2.946808338165283,0.0,0.0,13.0,3.000000142492354,3.0500001448672265,14.000000208616257,30.0,0.0,0.0,-6.671748161315918,0.0,0.0,0.0,1.0,76.0,1050.0,-4.0,98.0,0.0,11.0,0.0,0.0,11.0,10.0,1863.0,106.05313110351562,0.0,0.0,0.0,0.0,0.0,0.0,0.0,0.0,0.0,0.0,0.0,0.0,0.0,0.0,0.0,0.0,13.0,0.0,0.0,0.0,2.0,0
25.934999465942383,222.0,1054.0,52.0,54808.0,0.0,0.0,0.0,44.0,66.0,9.0,0.0,100.0,100.0,100.0,103.0,100.0,103.0,100.0,50.0,50.0,0.0,3.355000159353949,3.355000159353949,3.355000159353949,3.355000159353949,14.70000021904707,1.0,2.946808338165283,0.0,0.0,13.0,3.000000142492354,3.016000143252313,14.000000208616257,30.0,0.0,0.0,-6.671748161315918,0.0,0.0,0.0,1.0,76.0,1050.0,-4.0,98.0,0.0,11.0,0.0,0.0,11.0,10.0,1863.0,106.05313110351562,0.0,0.0,0.0,0.0,0.0,0.0,0.0,0.0,0.0,0.0,0.0,0.0,0.0,0.0,0.0,0.0,13.0,0.0,0.0,0.0,2.0,0
26.0,222.0,1054.0,52.0,54808.0,0.0,0.0,0.0,44.0,66.0,9.0,0.0,100.0,100.0,100.0,103.0,100.0,103.0,100.0,50.0,50.0,0.0,3.355000159353949,3.355000159353949,3.355000159353949,3.355000159353949,14.70000021904707,1.0,2.946808338165283,0.0,0.0,13.0,3.000000142492354,3.0230001435847953,14.000000208616257,0.0,0.0,0.0,-6.671748161315918,0.0,0.0,0.0,1.0,76.0,1050.0,-4.0,98.0,0.0,11.0,0.0,0.0,11.0,10.0,1863.0,106.05313110351562,0.0,0.0,0.0,0.0,0.0,0.0,0.0,0.0,0.0,0.0,0.0,0.0,0.0,0.0,0.0,0.0,13.0,0.0,0.0,0.0,2.0,0
26.06999969482422,222.0,1052.0,52.0,54704.0,0.0,0.0,0.0,44.0,66.0,9.0,0.0,100.0,100.0,100.0,103.0,100.0,103.0,100.0,50.0,50.0,0.0,3.355000159353949,3.355000159353949,3.355000159353949,3.355000159353949,14.70000021904707,1.0,2.9412167072296143,0.0,0.0,13.0,3.000000142492354,3.0120001430623233,14.000000208616257,-20.0,0.0,0.0,-6.671748161315918,0.0,0.0,0.0,1.0,76.0,1050.0,-2.0,98.0,0.0,11.0,0.0,0.0,11.0,10.0,1863.0,106.25475311279297,0.0,0.0,0.0,0.0,0.0,0.0,0.0,0.0,0.0,0.0,0.0,0.0,0.0,0.0,0.0,0.0,13.0,0.0,0.0,0.0,2.0,0
26.135000228881836,222.0,1052.0,52.0,54704.0,0.0,0.0,0.0,44.0,66.0,9.0,0.0,100.0,100.0,100.0,103.0,100.0,103.0,100.0,50.0,50.0,0.0,3.355000159353949,3.355000159353949,3.355000159353949,3.355000159353949,14.70000021904707,1.0,2.9412167072296143,0.0,0.0,13.0,3.000000142492354,3.0190001433948055,14.000000208616257,-20.0,0.0,0.0,-6.671748161315918,0.0,0.0,0.0,1.0,76.0,1050.0,-2.0,98.0,0.0,11.0,0.0,0.0,11.0,10.0,1863.0,106.25475311279297,0.0,0.0,0.0,0.0,0.0,0.0,0.0,0.0,0.0,0.0,0.0,0.0,0.0,0.0,0.0,0.0,13.0,0.0,0.0,0.0,2.0,0
26.201000213623047,222.0,1045.0,52.0,54340.0,0.0,0.0,0.0,44.0,66.0,9.0,0.0,100.0,100.0,100.0,103.0,100.0,103.0,100.0,50.0,50.0,0.0,3.355000159353949,3.355000159353949,3.355000159353949,3.355000159353949,14.70000021904707,1.0,2.9216458797454834,0.0,0.0,13.0,3.000000142492354,3.0960001470521092,14.000000208616257,0.0,0.0,0.0,-6.671748161315918,0.0,0.0,0.0,1.0,76.0,1050.0,5.0,98.0,0.0,11.0,0.0,0.0,11.0,10.0,1863.0,106.96650695800781,0.0,0.0,0.0,0.0,0.0,0.0,0.0,0.0,0.0,0.0,0.0,0.0,0.0,0.0,0.0,0.0,13.0,0.0,0.0,0.0,2.0,0
26.267000198364258,222.0,1045.0,52.0,54340.0,0.0,0.0,0.0,44.0,66.0,9.0,0.0,100.0,100.0,100.0,103.0,100.0,103.0,100.0,50.0,50.0,0.0,3.355000159353949,3.355000159353949,3.355000159353949,3.355000159353949,14.70000021904707,1.0,2.9216458797454834,0.0,0.0,13.0,3.000000142492354,3.0150001432048157,14.000000208616257,-70.0,0.0,0.0,-6.671748161315918,0.0,0.0,0.0,1.0,77.0,1050.0,5.0,98.0,0.0,11.0,0.0,0.0,11.0,10.0,1863.0,106.96650695800781,0.0,0.0,0.0,0.0,0.0,0.0,0.0,0.0,0.0,0.0,0.0,0.0,0.0,0.0,0.0,0.0,13.0,0.0,0.0,0.0,2.0,0
26.336000442504883,222.0,1047.0,53.0,55491.0,0.0,0.0,0.0,44.0,66.0,9.0,0.0,100.0,100.0,100.0,103.0,100.0,103.0,100.0,50.0,50.0,0.0,3.392000161111355,3.392000161111355,3.392000161111355,3.392000161111355,14.70000021904707,1.0,2.959520101547241,0.0,0.0,13.0,3.000000142492354,3.2250001531792805,14.000000208616257,-70.0,0.0,0.0,-6.526710033416748,0.0,0.0,0.0,1.0,77.0,1050.0,3.0,98.0,0.0,11.0,0.0,0.0,11.0,10.0,1863.0,106.76217651367188,0.0,0.0,0.0,0.0,0.0,0.0,0.0,0.0,0.0,0.0,0.0,0.0,0.0,0.0,0.0,0.0,13.0,0.0,0.0,0.0,2.0,0
26.400999069213867,222.0,1051.0,53.0,55703.0,0.0,0.0,0.0,44.0,66.0,9.0,0.0,100.0,100.0,100.0,103.0,100.0,103.0,100.0,50.0,50.0,0.0,3.392000161111355,3.392000161111355,3.392000161111355,3.392000161111355,14.70000021904707,1.0,2.9708266258239746,0.0,0.0,13.0,3.000000142492354,3.018000143347308,14.000000208616257,20.0,0.0,0.0,-6.526710033416748,0.0,0.0,0.0,1.0,77.0,1050.0,-1.0,98.0,0.0,11.0,0.0,0.0,11.0,10.0,1863.0,106.35585021972656,0.0,0.0,0.0,0.0,0.0,0.0,0.0,0.0,0.0,0.0,0.0,0.0,0.0,0.0,0.0,0.0,13.0,0.0,0.0,0.0,2.0,0
26.468000411987305,222.0,1051.0,53.0,55703.0,0.0,0.0,0.0,44.0,66.0,9.0,0.0,100.0,100.0,100.0,103.0,100.0,103.0,100.0,50.0,50.0,0.0,3.392000161111355,3.392000161111355,3.392000161111355,3.392000161111355,14.70000021904707,1.0,2.9708266258239746,0.0,0.0,13.0,3.000000142492354,3.0060001427773386,14.000000208616257,40.0,0.0,0.0,-6.526710033416748,0.0,0.0,0.0,1.0,77.0,1050.0,-1.0,98.0,0.0,11.0,0.0,0.0,11.0,10.0,1863.0,106.35585021972656,0.0,0.0,0.0,0.0,0.0,0.0,0.0,0.0,0.0,0.0,0.0,0.0,0.0,0.0,0.0,0.0,13.0,0.0,0.0,0.0,2.0,0
26.531999588012695,222.0,1051.0,53.0,55703.0,0.0,0.0,0.0,44.0,66.0,9.0,0.0,100.0,100.0,100.0,103.0,100.0,103.0,100.0,50.0,50.0,0.0,3.392000161111355,3.392000161111355,3.392000161111355,3.392000161111355,14.70000021904707,1.0,2.9708266258239746,0.0,0.0,13.0,3.000000142492354,3.0260001437272877,14.000000208616257,40.0,0.0,0.0,-6.526710033416748,0.0,0.0,0.0,1.0,77.0,1050.0,-1.0,98.0,0.0,11.0,0.0,0.0,11.0,10.0,1863.0,106.35585021972656,0.0,0.0,0.0,0.0,0.0,0.0,0.0,0.0,0.0,0.0,0.0,0.0,0.0,0.0,0.0,0.0,13.0,0.0,0.0,0.0,2.0,0
26.597999572753906,222.0,1051.0,53.0,55703.0,0.0,0.0,0.0,44.0,66.0,9.0,0.0,100.0,100.0,100.0,103.0,100.0,103.0,100.0,50.0,50.0,0.0,3.392000161111355,3.392000161111355,3.392000161111355,3.392000161111355,14.70000021904707,1.0,2.9708266258239746,0.0,0.0,13.0,3.000000142492354,3.0340001441072673,14.000000208616257,0.0,0.0,0.0,-6.526710033416748,0.0,0.0,0.0,1.0,76.0,1050.0,-1.0,98.0,0.0,11.0,0.0,0.0,11.0,10.0,1863.0,106.35585021972656,0.0,0.0,0.0,0.0,0.0,0.0,0.0,0.0,0.0,0.0,0.0,0.0,0.0,0.0,0.0,0.0,13.0,0.0,0.0,0.0,2.0,0
26.663999557495117,222.0,1057.0,53.0,56021.0,0.0,0.0,0.0,44.0,66.0,9.0,0.0,100.0,100.0,100.0,103.0,100.0,103.0,100.0,50.0,50.0,0.0,3.392000161111355,3.392000161111355,3.392000161111355,3.392000161111355,14.70000021904707,1.0,2.9877867698669434,0.0,0.0,13.0,3.000000142492354,3.1680001504719257,14.000000208616257,60.0,0.0,0.0,-6.526710033416748,0.0,0.0,0.0,1.0,76.0,1050.0,-7.0,98.0,0.0,11.0,0.0,0.0,11.0,10.0,1863.0,105.75212860107422,0.0,0.0,0.0,0.0,0.0,0.0,0.0,0.0,0.0,0.0,0.0,0.0,0.0,0.0,0.0,0.0,13.0,0.0,0.0,0.0,2.0,0
26.733999252319336,222.0,1058.0,53.0,56074.0,0.0,0.0,0.0,44.0,66.0,9.0,0.0,100.0,100.0,100.0,103.0,100.0,103.0,100.0,50.0,50.0,0.0,3.392000161111355,3.392000161111355,3.392000161111355,3.392000161111355,14.70000021904707,1.0,2.9906132221221924,0.0,0.0,13.0,3.000000142492354,3.0170001432998106,14.000000208616257,60.0,0.0,0.0,-6.526710033416748,0.0,0.0,0.0,1.0,76.0,1050.0,-8.0,98.0,0.0,11.0,0.0,0.0,11.0,10.0,1863.0,105.65217590332031,0.0,0.0,0.0,0.0,0.0,0.0,0.0,0.0,0.0,0.0,0.0,0.0,0.0,0.0,0.0,0.0,13.0,0.0,0.0,0.0,2.0,0
26.798999786376953,223.0,1058.0,53.0,56074.0,0.0,0.0,0.0,44.0,66.0,9.0,0.0,100.0,100.0,100.0,103.0,100.0,103.0,100.0,50.0,50.0,0.0,3.392000161111355,3.392000161111355,3.392000161111355,3.392000161111355,14.70000021904707,1.0,2.9906132221221924,0.0,0.0,13.0,3.000000142492354,3.0500001448672265,14.000000208616257,10.0,0.0,0.0,-6.526710033416748,0.0,0.0,0.0,1.0,76.0,1050.0,-8.0,98.0,0.0,11.0,0.0,0.0,11.0,10.0,1867.0,105.87902069091797,0.0,0.0,0.0,0.0,0.0,0.0,0.0,0.0,0.0,0.0,0.0,0.0,0.0,0.0,0.0,0.0,13.0,0.0,0.0,0.0,2.0,0
26.86400032043457,223.0,1060.0,52.0,55120.0,0.0,0.0,0.0,44.0,66.0,9.0,0.0,100.0,100.0,100.0,103.0,100.0,103.0,100.0,50.0,50.0,0.0,3.355000159353949,3.355000159353949,3.355000159353949,3.355000159353949,14.70000021904707,1.0,2.96358323097229,0.0,0.0,13.0,3.000000142492354,3.0860001465771347,14.000000208616257,20.0,0.0,0.0,-6.671748161315918,0.0,0.0,0.0,1.0,76.0,1050.0,-10.0,98.0,0.0,11.0,0.0,0.0,11.0,10.0,1867.0,105.67924499511719,0.0,0.0,0.0,0.0,0.0,0.0,0.0,0.0,0.0,0.0,0.0,0.0,0.0,0.0,0.0,0.0,13.0,0.0,0.0,0.0,2.0,0
26.93000030517578,223.0,1060.0,52.0,55120.0,0.0,0.0,0.0,44.0,66.0,9.0,0.0,100.0,100.0,100.0,103.0,100.0,103.0,100.0,50.0,50.0,0.0,3.355000159353949,3.355000159353949,3.355000159353949,3.355000159353949,14.70000021904707,1.0,2.96358323097229,0.0,0.0,13.0,3.000000142492354,3.0300001439172775,14.000000208616257,20.0,0.0,0.0,-6.671748161315918,0.0,0.0,0.0,1.0,75.0,1050.0,-10.0,98.0,0.0,11.0,0.0,0.0,11.0,10.0,1867.0,105.67924499511719,0.0,0.0,0.0,0.0,0.0,0.0,0.0,0.0,0.0,0.0,0.0,0.0,0.0,0.0,0.0,0.0,13.0,0.0,0.0,0.0,2.0,0
26.999000549316406,223.0,1052.0,52.0,54704.0,0.0,0.0,0.0,44.0,66.0,9.0,0.0,100.0,100.0,100.0,103.0,100.0,103.0,100.0,50.0,50.0,0.0,3.355000159353949,3.355000159353949,3.355000159353949,3.355000159353949,14.70000021904707,1.0,2.9412167072296143,0.0,0.0,13.0,3.000000142492354,3.140000149141997,14.000000208616257,-80.0,0.0,0.0,-6.671748161315918,0.0,0.0,0.0,1.0,75.0,1050.0,-2.0,98.0,0.0,11.0,0.0,0.0,11.0,10.0,1867.0,106.4828872680664,0.0,0.0,0.0,0.0,0.0,0.0,0.0,0.0,0.0,0.0,0.0,0.0,0.0,0.0,0.0,0.0,13.0,0.0,0.0,0.0,2.0,0
27.06399917602539,223.0,1052.0,52.0,54704.0,0.0,0.0,0.0,44.0,66.0,9.0,0.0,100.0,100.0,100.0,103.0,100.0,103.0,100.0,50.0,50.0,0.0,3.355000159353949,3.355000159353949,3.355000159353949,3.355000159353949,14.70000021904707,1.0,2.9412167072296143,0.0,0.0,13.0,3.000000142492354,3.0170001432998106,14.000000208616257,-80.0,0.0,0.0,-6.671748161315918,0.0,0.0,0.0,1.0,75.0,1050.0,-2.0,98.0,0.0,11.0,0.0,0.0,11.0,10.0,1867.0,106.4828872680664,0.0,0.0,0.0,0.0,0.0,0.0,0.0,0.0,0.0,0.0,0.0,0.0,0.0,0.0,0.0,0.0,13.0,0.0,0.0,0.0,2.0,0
27.131000518798828,223.0,1051.0,52.0,54652.0,0.0,0.0,0.0,44.0,66.0,9.0,0.0,100.0,100.0,100.0,103.0,100.0,103.0,100.0,50.0,50.0,0.0,3.355000159353949,3.355000159353949,3.355000159353949,3.355000159353949,14.70000021904707,1.0,2.9384207725524902,0.0,0.0,13.0,3.000000142492354,3.0570001451997086,14.000000208616257,0.0,0.0,0.0,-6.671748161315918,0.0,0.0,0.0,1.0,75.0,1050.0,-1.0,98.0,0.0,11.0,0.0,0.0,11.0,10.0,1867.0,106.5842056274414,0.0,0.0,0.0,0.0,0.0,0.0,0.0,0.0,0.0,0.0,0.0,0.0,0.0,0.0,0.0,0.0,13.0,0.0,0.0,0.0,2.0,0
27.200000762939453,223.0,1046.0,53.0,55438.0,0.0,0.0,0.0,44.0,66.0,9.0,0.0,100.0,100.0,100.0,103.0,100.0,103.0,100.0,50.0,50.0,0.0,3.392000161111355,3.392000161111355,3.392000161111355,3.392000161111355,14.70000021904707,1.0,2.956693410873413,0.0,0.0,13.0,3.000000142492354,3.0900001467671245,14.000000208616257,-10.0,0.0,0.0,-6.526710033416748,0.0,0.0,0.0,1.0,76.0,1050.0,4.0,98.0,0.0,11.0,0.0,0.0,11.0,10.0,1867.0,107.09368896484375,0.0,0.0,0.0,0.0,0.0,0.0,0.0,0.0,0.0,0.0,0.0,0.0,0.0,0.0,0.0,0.0,13.0,0.0,0.0,0.0,2.0,0
27.266000747680664,223.0,1046.0,52.0,54392.0,0.0,0.0,0.0,44.0,66.0,9.0,0.0,100.0,100.0,100.0,103.0,100.0,103.0,100.0,50.0,50.0,0.0,3.355000159353949,3.355000159353949,3.355000159353949,3.355000159353949,14.70000021904707,1.0,2.9244415760040283,0.0,0.0,13.0,3.000000142492354,3.0230001435847953,14.000000208616257,-10.0,0.0,0.0,-6.671748161315918,0.0,0.0,0.0,1.0,76.0,1050.0,4.0,98.0,0.0,11.0,0.0,0.0,11.0,10.0,1867.0,107.09368896484375,0.0,0.0,0.0,0.0,0.0,0.0,0.0,0.0,0.0,0.0,0.0,0.0,0.0,0.0,0.0,0.0,13.0,0.0,0.0,0.0,2.0,0
27.332000732421875,223.0,1047.0,53.0,55491.0,0.0,0.0,0.0,44.0,66.0,9.0,0.0,100.0,100.0,100.0,103.0,100.0,103.0,100.0,50.0,50.0,0.0,3.392000161111355,3.392000161111355,3.392000161111355,3.392000161111355,14.70000021904707,1.0,2.959520101547241,0.0,0.0,13.0,3.000000142492354,3.0440001445822418,13.90000020712614,-50.0,0.0,0.0,-6.526710033416748,0.0,0.0,0.0,1.0,76.0,1050.0,3.0,98.0,0.0,11.0,0.0,0.0,11.0,10.0,1867.0,106.99140167236328,0.0,0.0,0.0,0.0,0.0,0.0,0.0,0.0,0.0,0.0,0.0,0.0,0.0,0.0,0.0,0.0,13.0,0.0,0.0,0.0,2.0,0
27.400999069213867,223.0,1047.0,53.0,55491.0,0.0,0.0,0.0,44.0,66.0,9.0,0.0,100.0,100.0,100.0,103.0,100.0,103.0,100.0,50.0,50.0,0.0,3.392000161111355,3.392000161111355,3.392000161111355,3.392000161111355,14.70000021904707,1.0,2.959520101547241,0.0,0.0,13.0,3.000000142492354,3.0170001432998106,13.90000020712614,10.0,0.0,0.0,-6.526710033416748,0.0,0.0,0.0,1.0,76.0,1050.0,3.0,98.0,0.0,11.0,0.0,0.0,11.0,10.0,1867.0,106.99140167236328,0.0,0.0,0.0,0.0,0.0,0.0,0.0,0.0,0.0,0.0,0.0,0.0,0.0,0.0,0.0,0.0,13.0,0.0,0.0,0.0,2.0,0
27.466999053955078,223.0,1048.0,53.0,55544.0,0.0,0.0,0.0,44.0,66.0,9.0,0.0,100.0,100.0,100.0,103.0,100.0,103.0,100.0,50.0,50.0,0.0,3.392000161111355,3.392000161111355,3.392000161111355,3.392000161111355,14.70000021904707,1.0,2.9623465538024902,0.0,0.0,13.0,3.000000142492354,3.109000147669576,13.90000020712614,10.0,0.0,0.0,-6.526710033416748,0.0,0.0,0.0,1.0,76.0,1050.0,2.0,98.0,0.0,11.0,0.0,0.0,11.0,10.0,1867.0,106.88931274414062,0.0,0.0,0.0,0.0,0.0,0.0,0.0,0.0,0.0,0.0,0.0,0.0,0.0,0.0,0.0,0.0,13.0,0.0,0.0,0.0,2.0,0
27.533000946044922,223.0,1055.0,53.0,55915.0,0.0,0.0,0.0,44.0,66.0,9.0,0.0,100.0,100.0,100.0,103.0,100.0,103.0,100.0,50.0,50.0,0.0,3.392000161111355,3.392000161111355,3.392000161111355,3.392000161111355,14.70000021904707,1.0,2.982133388519287,0.0,0.0,13.0,3.000000142492354,3.0170001432998106,13.90000020712614,10.0,0.0,0.0,-6.526710033416748,0.0,0.0,0.0,1.0,76.0,1050.0,-5.0,98.0,0.0,11.0,0.0,0.0,11.0,10.0,1867.0,106.18009185791016,0.0,0.0,0.0,0.0,0.0,0.0,0.0,0.0,0.0,0.0,0.0,0.0,0.0,0.0,0.0,0.0,13.0,0.0,0.0,0.0,2.0,0
27.601999282836914,223.0,1055.0,53.0,55915.0,0.0,0.0,0.0,44.0,66.0,9.0,0.0,100.0,100.0,100.0,103.0,100.0,103.0,100.0,50.0,50.0,0.0,3.392000161111355,3.392000161111355,3.392000161111355,3.392000161111355,14.70000021904707,1.0,2.982133388519287,0.0,0.0,13.0,3.000000142492354,3.0350001441547647,13.90000020712614,70.0,0.0,0.0,-6.526710033416748,0.0,0.0,0.0,1.0,76.0,1050.0,-5.0,98.0,0.0,11.0,0.0,0.0,11.0,10.0,1867.0,106.18009185791016,0.0,0.0,0.0,0.0,0.0,0.0,0.0,0.0,0.0,0.0,0.0,0.0,0.0,0.0,0.0,0.0,13.0,0.0,0.0,0.0,2.0,0
27.66699981689453,223.0,1062.0,53.0,56286.0,0.0,0.0,0.0,44.0,66.0,9.0,0.0,100.0,100.0,100.0,103.0,100.0,103.0,100.0,50.0,50.0,0.0,3.392000161111355,3.392000161111355,3.392000161111355,3.392000161111355,14.70000021904707,1.0,3.001919984817505,0.0,0.0,13.0,3.000000142492354,2.9950001422548667,13.90000020712614,70.0,0.0,0.0,-6.526710033416748,0.0,0.0,0.0,1.0,76.0,1050.0,-12.0,98.0,0.0,11.0,0.0,0.0,11.0,10.0,1867.0,105.480224609375,0.0,0.0,0.0,0.0,0.0,0.0,0.0,0.0,0.0,0.0,0.0,0.0,0.0,0.0,0.0,0.0,13.0,0.0,0.0,0.0,2.0,0
27.733999252319336,223.0,1062.0,53.0,56286.0,0.0,0.0,0.0,44.0,66.0,9.0,0.0,100.0,100.0,100.0,103.0,100.0,103.0,100.0,50.0,50.0,0.0,3.392000161111355,3.392000161111355,3.392000161111355,3.392000161111355,14.70000021904707,1.0,3.001919984817505,0.0,0.0,13.0,3.000000142492354,3.016000143252313,13.90000020712614,70.0,0.0,0.0,-6.526710033416748,0.0,0.0,0.0,1.0,76.0,1050.0,-12.0,98.0,0.0,11.0,0.0,0.0,11.0,10.0,1867.0,105.480224609375,0.0,0.0,0.0,0.0,0.0,0.0,0.0,0.0,0.0,0.0,0.0,0.0,0.0,0.0,0.0,0.0,13.0,0.0,0.0,0.0,2.0,0
27.79800033569336,224.0,1059.0,53.0,56127.0,0.0,0.0,0.0,44.0,66.0,9.0,0.0,100.0,100.0,100.0,103.0,100.0,103.0,100.0,50.0,50.0,0.0,3.392000161111355,3.392000161111355,3.392000161111355,3.392000161111355,14.70000021904707,1.0,2.9934399127960205,0.0,0.0,13.0,3.000000142492354,3.1050001474795863,13.90000020712614,-30.0,0.0,0.0,-6.526710033416748,0.0,0.0,0.0,1.0,75.0,1050.0,-9.0,98.0,0.0,11.0,0.0,0.0,11.0,10.0,1866.0,105.72238159179688,0.0,0.0,0.0,0.0,0.0,0.0,0.0,0.0,0.0,0.0,0.0,0.0,0.0,0.0,0.0,0.0,13.0,0.0,0.0,0.0,2.0,0
27.86400032043457,224.0,1059.0,53.0,56127.0,0.0,0.0,0.0,44.0,66.0,9.0,0.0,100.0,100.0,100.0,103.0,100.0,103.0,100.0,50.0,50.0,0.0,3.392000161111355,3.392000161111355,3.392000161111355,3.392000161111355,14.70000021904707,1.0,2.9934399127960205,0.0,0.0,13.0,3.000000142492354,3.0170001432998106,13.90000020712614,-30.0,0.0,0.0,-6.526710033416748,0.0,0.0,0.0,1.0,75.0,1050.0,-9.0,98.0,0.0,11.0,0.0,0.0,11.0,10.0,1866.0,105.72238159179688,0.0,0.0,0.0,0.0,0.0,0.0,0.0,0.0,0.0,0.0,0.0,0.0,0.0,0.0,0.0,0.0,13.0,0.0,0.0,0.0,2.0,0
27.93400001525879,224.0,1057.0,52.0,54964.0,0.0,0.0,0.0,44.0,66.0,9.0,0.0,100.0,100.0,100.0,103.0,100.0,103.0,100.0,50.0,50.0,0.0,3.355000159353949,3.355000159353949,3.355000159353949,3.355000159353949,14.70000021904707,1.0,2.955195903778076,0.0,0.0,13.0,3.000000142492354,3.0140001431573182,13.90000020712614,-20.0,0.0,0.0,-6.671748161315918,0.0,0.0,0.0,1.0,75.0,1050.0,-7.0,98.0,0.0,11.0,0.0,0.0,11.0,10.0,1866.0,105.92242431640625,0.0,0.0,0.0,0.0,0.0,0.0,0.0,0.0,0.0,0.0,0.0,0.0,0.0,0.0,0.0,0.0,13.0,0.0,0.0,0.0,2.0,0
27.999000549316406,224.0,1052.0,52.0,54704.0,0.0,0.0,0.0,44.0,66.0,9.0,0.0,100.0,100.0,100.0,103.0,100.0,103.0,100.0,50.0,50.0,0.0,3.355000159353949,3.355000159353949,3.355000159353949,3.355000159353949,14.70000021904707,1.0,2.9412167072296143,0.0,0.0,13.0,3.000000142492354,3.0010001425398514,13.90000020712614,0.0,0.0,0.0,-6.671748161315918,0.0,0.0,0.0,1.0,75.0,1050.0,-2.0,98.0,0.0,11.0,0.0,0.0,11.0,10.0,1866.0,106.42585754394531,0.0,0.0,0.0,0.0,0.0,0.0,0.0,0.0,0.0,0.0,0.0,0.0,0.0,0.0,0.0,0.0,13.0,0.0,0.0,0.0,2.0,0
28.06399917602539,224.0,1052.0,52.0,54704.0,0.0,0.0,0.0,44.0,66.0,9.0,0.0,100.0,100.0,100.0,103.0,100.0,103.0,100.0,50.0,50.0,0.0,3.355000159353949,3.355000159353949,3.355000159353949,3.355000159353949,14.70000021904707,1.0,2.9412167072296143,0.0,0.0,13.0,3.000000142492354,3.0240001436322927,14.000000208616257,0.0,0.0,0.0,-6.671748161315918,0.0,0.0,0.0,1.0,75.0,1050.0,-2.0,98.0,0.0,11.0,0.0,0.0,11.0,10.0,1866.0,106.42585754394531,0.0,0.0,0.0,0.0,0.0,0.0,0.0,0.0,0.0,0.0,0.0,0.0,0.0,0.0,0.0,0.0,13.0,0.0,0.0,0.0,2.0,0
28.06399917602539,224.0,1047.0,52.0,54444.0,0.0,0.0,0.0,44.0,66.0,9.0,0.0,100.0,100.0,100.0,103.0,100.0,103.0,100.0,50.0,50.0,0.0,3.355000159353949,3.355000159353949,3.355000159353949,3.355000159353949,14.70000021904707,1.0,2.9272375106811523,0.0,0.0,13.0,3.000000142492354,3.051000144914724,14.000000208616257,-50.0,0.0,0.0,-6.671748161315918,0.0,0.0,0.0,1.0,76.0,1050.0,3.0,98.0,0.0,11.0,0.0,0.0,11.0,10.0,1866.0,106.93409729003906,0.0,0.0,0.0,0.0,0.0,0.0,0.0,0.0,0.0,0.0,0.0,0.0,0.0,0.0,0.0,0.0,13.0,0.0,0.0,0.0,2.0,0
28.201000213623047,224.0,1047.0,52.0,54444.0,0.0,0.0,0.0,44.0,66.0,9.0,0.0,100.0,100.0,100.0,103.0,100.0,103.0,100.0,50.0,50.0,0.0,3.355000159353949,3.355000159353949,3.355000159353949,3.355000159353949,14.70000021904707,1.0,2.9272375106811523,0.0,0.0,13.0,3.000000142492354,3.013000143109821,14.000000208616257,-50.0,0.0,0.0,-6.671748161315918,0.0,0.0,0.0,1.0,76.0,1050.0,3.0,98.0,0.0,11.0,0.0,0.0,11.0,10.0,1866.0,106.93409729003906,0.0,0.0,0.0,0.0,0.0,0.0,0.0,0.0,0.0,0.0,0.0,0.0,0.0,0.0,0.0,0.0,13.0,0.0,0.0,0.0,2.0,0
28.264999389648438,224.0,1053.0,52.0,54756.0,0.0,0.0,0.0,44.0,66.0,9.0,0.0,100.0,100.0,100.0,103.0,100.0,103.0,100.0,50.0,50.0,0.0,3.355000159353949,3.355000159353949,3.355000159353949,3.355000159353949,14.70000021904707,1.0,2.944012403488159,0.0,0.0,13.0,3.000000142492354,3.0460001446772367,14.000000208616257,-50.0,0.0,0.0,-6.671748161315918,0.0,0.0,0.0,1.0,76.0,1050.0,-3.0,98.0,0.0,11.0,0.0,0.0,11.0,10.0,1866.0,106.32478332519531,0.0,0.0,0.0,0.0,0.0,0.0,0.0,0.0,0.0,0.0,0.0,0.0,0.0,0.0,0.0,0.0,13.0,0.0,0.0,0.0,2.0,0
28.33099937438965,224.0,1050.0,52.0,54600.0,0.0,0.0,0.0,44.0,66.0,9.0,0.0,100.0,100.0,100.0,103.0,100.0,103.0,100.0,50.0,50.0,0.0,3.355000159353949,3.355000159353949,3.355000159353949,3.355000159353949,14.70000021904707,1.0,2.9356250762939453,0.0,0.0,13.0,3.000000142492354,3.016000143252313,14.000000208616257,60.0,0.0,0.0,-6.671748161315918,0.0,0.0,0.0,1.0,76.0,1050.0,0.0,98.0,0.0,11.0,0.0,0.0,11.0,10.0,1866.0,106.62857055664062,0.0,0.0,0.0,0.0,0.0,0.0,0.0,0.0,0.0,0.0,0.0,0.0,0.0,0.0,0.0,0.0,13.0,0.0,0.0,0.0,2.0,0
28.399999618530273,224.0,1050.0,52.0,54600.0,0.0,0.0,0.0,44.0,66.0,9.0,0.0,100.0,100.0,100.0,103.0,100.0,103.0,100.0,50.0,50.0,0.0,3.355000159353949,3.355000159353949,3.355000159353949,3.355000159353949,14.70000021904707,1.0,2.9356250762939453,0.0,0.0,13.0,3.000000142492354,3.02500014367979,14.000000208616257,-30.0,0.0,0.0,-6.671748161315918,0.0,0.0,0.0,1.0,76.0,1050.0,0.0,98.0,0.0,11.0,0.0,0.0,11.0,10.0,1866.0,106.62857055664062,0.0,0.0,0.0,0.0,0.0,0.0,0.0,0.0,0.0,0.0,0.0,0.0,0.0,0.0,0.0,0.0,13.0,0.0,0.0,0.0,2.0,0
28.46500015258789,224.0,1050.0,52.0,54600.0,0.0,0.0,0.0,44.0,66.0,9.0,0.0,100.0,100.0,100.0,103.0,100.0,103.0,100.0,50.0,50.0,0.0,3.355000159353949,3.355000159353949,3.355000159353949,3.355000159353949,14.70000021904707,1.0,2.9356250762939453,0.0,0.0,13.0,3.000000142492354,2.9410001396900043,14.000000208616257,-30.0,0.0,0.0,-6.671748161315918,0.0,0.0,0.0,1.0,76.0,1050.0,0.0,98.0,0.0,11.0,0.0,0.0,11.0,10.0,1866.0,106.62857055664062,0.0,0.0,0.0,0.0,0.0,0.0,0.0,0.0,0.0,0.0,0.0,0.0,0.0,0.0,0.0,0.0,13.0,0.0,0.0,0.0,2.0,0
28.5310001373291,224.0,1050.0,52.0,54600.0,0.0,0.0,0.0,44.0,66.0,9.0,0.0,100.0,100.0,100.0,103.0,100.0,103.0,100.0,50.0,50.0,0.0,3.355000159353949,3.355000159353949,3.355000159353949,3.355000159353949,14.70000021904707,1.0,2.9356250762939453,0.0,0.0,13.0,3.000000142492354,3.020000143442303,14.000000208616257,0.0,0.0,0.0,-6.671748161315918,0.0,0.0,0.0,1.0,76.0,1050.0,0.0,98.0,0.0,11.0,0.0,0.0,11.0,10.0,1866.0,106.62857055664062,0.0,0.0,0.0,0.0,0.0,0.0,0.0,0.0,0.0,0.0,0.0,0.0,0.0,0.0,0.0,0.0,13.0,0.0,0.0,0.0,2.0,0
28.60099983215332,224.0,1049.0,52.0,54548.0,0.0,0.0,0.0,44.0,66.0,9.0,0.0,100.0,100.0,100.0,103.0,100.0,103.0,100.0,50.0,50.0,0.0,3.355000159353949,3.355000159353949,3.355000159353949,3.355000159353949,14.70000021904707,1.0,2.9328291416168213,0.0,0.0,13.0,3.000000142492354,3.1650001503294334,14.000000208616257,-10.0,0.0,0.0,-6.671748161315918,0.0,0.0,0.0,1.0,76.0,1050.0,1.0,98.0,0.0,11.0,0.0,0.0,11.0,10.0,1866.0,106.73021697998047,0.0,0.0,0.0,0.0,0.0,0.0,0.0,0.0,0.0,0.0,0.0,0.0,0.0,0.0,0.0,0.0,13.0,0.0,0.0,0.0,2.0,0
28.666000366210938,224.0,1049.0,52.0,54548.0,0.0,0.0,0.0,44.0,66.0,9.0,0.0,100.0,100.0,100.0,103.0,100.0,103.0,100.0,50.0,50.0,0.0,3.355000159353949,3.355000159353949,3.355000159353949,3.355000159353949,14.70000021904707,1.0,2.9328291416168213,0.0,0.0,13.0,3.000000142492354,3.0170001432998106,14.000000208616257,-10.0,0.0,0.0,-6.671748161315918,0.0,0.0,0.0,1.0,76.0,1050.0,1.0,98.0,0.0,11.0,0.0,0.0,11.0,10.0,1866.0,106.73021697998047,0.0,0.0,0.0,0.0,0.0,0.0,0.0,0.0,0.0,0.0,0.0,0.0,0.0,0.0,0.0,0.0,13.0,0.0,0.0,0.0,2.0,0
28.73200035095215,224.0,1049.0,52.0,54548.0,0.0,0.0,0.0,44.0,66.0,9.0,0.0,100.0,100.0,100.0,103.0,100.0,103.0,100.0,50.0,50.0,0.0,3.355000159353949,3.355000159353949,3.355000159353949,3.355000159353949,14.70000021904707,1.0,2.9328291416168213,0.0,0.0,13.0,3.000000142492354,3.0140001431573182,14.000000208616257,0.0,0.0,0.0,-6.671748161315918,0.0,0.0,0.0,1.0,76.0,1050.0,1.0,98.0,0.0,11.0,0.0,0.0,11.0,10.0,1866.0,106.73021697998047,0.0,0.0,0.0,0.0,0.0,0.0,0.0,0.0,0.0,0.0,0.0,0.0,0.0,0.0,0.0,0.0,13.0,0.0,0.0,0.0,2.0,0
28.798999786376953,225.0,1049.0,53.0,55597.0,0.0,0.0,0.0,44.0,66.0,9.0,0.0,100.0,100.0,100.0,103.0,100.0,103.0,100.0,50.0,50.0,0.0,3.392000161111355,3.392000161111355,3.392000161111355,3.392000161111355,14.70000021904707,1.0,2.9651732444763184,0.0,0.0,13.0,3.000000142492354,3.0970001470996067,14.000000208616257,0.0,0.0,0.0,-6.526710033416748,0.0,0.0,0.0,1.0,76.0,1050.0,1.0,98.0,0.0,11.0,0.0,0.0,11.0,10.0,1867.0,106.78741455078125,0.0,0.0,0.0,0.0,0.0,0.0,0.0,0.0,0.0,0.0,0.0,0.0,0.0,0.0,0.0,0.0,13.0,0.0,0.0,0.0,2.0,0
28.867000579833984,225.0,1049.0,53.0,55597.0,0.0,0.0,0.0,44.0,66.0,9.0,0.0,100.0,100.0,100.0,103.0,100.0,103.0,100.0,50.0,50.0,0.0,3.392000161111355,3.392000161111355,3.392000161111355,3.392000161111355,14.70000021904707,1.0,2.9651732444763184,0.0,0.0,13.0,3.000000142492354,3.0340001441072673,14.000000208616257,0.0,0.0,0.0,-6.526710033416748,0.0,0.0,0.0,1.0,76.0,1050.0,1.0,98.0,0.0,11.0,0.0,0.0,11.0,10.0,1867.0,106.78741455078125,0.0,0.0,0.0,0.0,0.0,0.0,0.0,0.0,0.0,0.0,0.0,0.0,0.0,0.0,0.0,0.0,13.0,0.0,0.0,0.0,2.0,0
28.867000579833984,225.0,1053.0,53.0,55809.0,0.0,0.0,0.0,44.0,66.0,9.0,0.0,100.0,100.0,100.0,103.0,100.0,103.0,100.0,50.0,50.0,0.0,3.392000161111355,3.392000161111355,3.392000161111355,3.392000161111355,14.70000021904707,1.0,2.976480007171631,0.0,0.0,13.0,3.000000142492354,3.104000147432089,14.000000208616257,0.0,0.0,0.0,-6.526710033416748,0.0,0.0,0.0,1.0,76.0,1050.0,-3.0,98.0,0.0,11.0,0.0,0.0,11.0,10.0,1867.0,106.38176727294922,0.0,0.0,0.0,0.0,0.0,0.0,0.0,0.0,0.0,0.0,0.0,0.0,0.0,0.0,0.0,0.0,13.0,0.0,0.0,0.0,2.0,0
28.99799919128418,225.0,1053.0,53.0,55809.0,0.0,0.0,0.0,44.0,66.0,9.0,0.0,100.0,100.0,100.0,103.0,100.0,103.0,100.0,50.0,50.0,0.0,3.392000161111355,3.392000161111355,3.392000161111355,3.392000161111355,14.70000021904707,1.0,2.976480007171631,0.0,0.0,13.0,3.000000142492354,3.027000143774785,14.000000208616257,40.0,0.0,0.0,-6.526710033416748,0.0,0.0,0.0,1.0,76.0,1050.0,-3.0,98.0,0.0,11.0,0.0,0.0,11.0,10.0,1867.0,106.38176727294922,0.0,0.0,0.0,0.0,0.0,0.0,0.0,0.0,0.0,0.0,0.0,0.0,0.0,0.0,0.0,0.0,13.0,0.0,0.0,0.0,2.0,0
29.06399917602539,225.0,1059.0,53.0,56127.0,0.0,0.0,0.0,44.0,66.0,9.0,0.0,100.0,100.0,100.0,103.0,100.0,103.0,100.0,50.0,50.0,0.0,3.392000161111355,3.392000161111355,3.392000161111355,3.392000161111355,14.70000021904707,1.0,2.9934399127960205,0.0,0.0,13.0,3.000000142492354,3.177000150899403,14.000000208616257,40.0,0.0,0.0,-6.526710033416748,0.0,0.0,0.0,1.0,76.0,1050.0,-9.0,98.0,0.0,11.0,0.0,0.0,11.0,10.0,1867.0,105.77903747558594,0.0,0.0,0.0,0.0,0.0,0.0,0.0,0.0,0.0,0.0,0.0,0.0,0.0,0.0,0.0,0.0,13.0,0.0,0.0,0.0,2.0,0
29.132999420166016,225.0,1061.0,53.0,56233.0,0.0,0.0,0.0,44.0,66.0,9.0,0.0,100.0,100.0,100.0,103.0,100.0,103.0,100.0,50.0,50.0,0.0,3.392000161111355,3.392000161111355,3.392000161111355,3.392000161111355,14.70000021904707,1.0,2.9990932941436768,0.0,0.0,13.0,3.000000142492354,3.018000143347308,14.000000208616257,60.0,0.0,0.0,-6.526710033416748,0.0,0.0,0.0,1.0,76.0,1050.0,-11.0,98.0,0.0,11.0,0.0,0.0,11.0,10.0,1867.0,105.57964324951172,0.0,0.0,0.0,0.0,0.0,0.0,0.0,0.0,0.0,0.0,0.0,0.0,0.0,0.0,0.0,0.0,13.0,0.0,0.0,0.0,2.0,0
29.198999404907227,225.0,1061.0,52.0,55172.0,0.0,0.0,0.0,44.0,66.0,9.0,0.0,100.0,100.0,100.0,103.0,100.0,103.0,100.0,50.0,50.0,0.0,3.355000159353949,3.355000159353949,3.355000159353949,3.355000159353949,14.70000021904707,1.0,2.966379165649414,0.0,0.0,13.0,3.000000142492354,3.020000143442303,14.000000208616257,20.0,0.0,0.0,-6.671748161315918,0.0,0.0,0.0,1.0,76.0,1050.0,-11.0,98.0,0.0,11.0,0.0,0.0,11.0,10.0,1867.0,105.57964324951172,0.0,0.0,0.0,0.0,0.0,0.0,0.0,0.0,0.0,0.0,0.0,0.0,0.0,0.0,0.0,0.0,13.0,0.0,0.0,0.0,2.0,0
29.263999938964844,225.0,1060.0,52.0,55120.0,0.0,0.0,0.0,44.0,66.0,9.0,0.0,100.0,100.0,100.0,103.0,100.0,103.0,100.0,50.0,50.0,0.0,3.355000159353949,3.355000159353949,3.355000159353949,3.355000159353949,14.70000021904707,1.0,2.96358323097229,0.0,0.0,13.0,3.000000142492354,3.129000148619525,14.000000208616257,20.0,0.0,0.0,-6.671748161315918,0.0,0.0,0.0,1.0,76.0,1050.0,-10.0,98.0,0.0,11.0,0.0,0.0,11.0,10.0,1867.0,105.67924499511719,0.0,0.0,0.0,0.0,0.0,0.0,0.0,0.0,0.0,0.0,0.0,0.0,0.0,0.0,0.0,0.0,13.0,0.0,0.0,0.0,2.0,0
29.33300018310547,225.0,1060.0,52.0,55120.0,0.0,0.0,0.0,44.0,66.0,9.0,0.0,100.0,100.0,100.0,103.0,100.0,103.0,100.0,50.0,50.0,0.0,3.355000159353949,3.355000159353949,3.355000159353949,3.355000159353949,14.70000021904707,1.0,2.96358323097229,0.0,0.0,13.0,3.000000142492354,3.016000143252313,14.000000208616257,-10.0,0.0,0.0,-6.671748161315918,0.0,0.0,0.0,1.0,74.0,1050.0,-10.0,98.0,0.0,11.0,0.0,0.0,11.0,10.0,1867.0,105.67924499511719,0.0,0.0,0.0,0.0,0.0,0.0,0.0,0.0,0.0,0.0,0.0,0.0,0.0,0.0,0.0,0.0,13.0,0.0,0.0,0.0,2.0,0
29.399999618530273,225.0,1061.0,52.0,55172.0,0.0,0.0,0.0,44.0,66.0,9.0,0.0,100.0,100.0,100.0,103.0,100.0,103.0,100.0,50.0,50.0,0.0,3.355000159353949,3.355000159353949,3.355000159353949,3.355000159353949,14.70000021904707,1.0,2.966379165649414,0.0,0.0,13.0,3.000000142492354,3.1170001480495557,14.000000208616257,-10.0,0.0,0.0,-6.671748161315918,0.0,0.0,0.0,1.0,74.0,1050.0,-11.0,98.0,0.0,11.0,0.0,0.0,11.0,10.0,1867.0,105.57964324951172,0.0,0.0,0.0,0.0,0.0,0.0,0.0,0.0,0.0,0.0,0.0,0.0,0.0,0.0,0.0,0.0,13.0,0.0,0.0,0.0,2.0,0
29.46500015258789,225.0,1061.0,52.0,55172.0,0.0,0.0,0.0,44.0,66.0,9.0,0.0,100.0,100.0,100.0,103.0,100.0,103.0,100.0,50.0,50.0,0.0,3.355000159353949,3.355000159353949,3.355000159353949,3.355000159353949,14.70000021904707,1.0,2.966379165649414,0.0,0.0,13.0,3.000000142492354,3.0170001432998106,14.000000208616257,10.0,0.0,0.0,-6.671748161315918,0.0,0.0,0.0,1.0,74.0,1050.0,-11.0,98.0,0.0,11.0,0.0,0.0,11.0,10.0,1867.0,105.57964324951172,0.0,0.0,0.0,0.0,0.0,0.0,0.0,0.0,0.0,0.0,0.0,0.0,0.0,0.0,0.0,0.0,13.0,0.0,0.0,0.0,2.0,0
29.5310001373291,225.0,1061.0,52.0,55172.0,0.0,0.0,0.0,44.0,66.0,9.0,0.0,100.0,100.0,100.0,103.0,100.0,103.0,100.0,50.0,50.0,0.0,3.355000159353949,3.355000159353949,3.355000159353949,3.355000159353949,14.70000021904707,1.0,2.966379165649414,0.0,0.0,13.0,3.000000142492354,3.0230001435847953,14.000000208616257,0.0,0.0,0.0,-6.671748161315918,0.0,0.0,0.0,1.0,74.0,1050.0,-11.0,98.0,0.0,11.0,0.0,0.0,11.0,10.0,1867.0,105.57964324951172,0.0,0.0,0.0,0.0,0.0,0.0,0.0,0.0,0.0,0.0,0.0,0.0,0.0,0.0,0.0,0.0,13.0,0.0,0.0,0.0,2.0,0
29.5310001373291,225.0,1058.0,52.0,55016.0,0.0,0.0,0.0,44.0,66.0,9.0,0.0,100.0,100.0,100.0,103.0,100.0,103.0,100.0,50.0,50.0,0.0,3.355000159353949,3.355000159353949,3.355000159353949,3.355000159353949,14.70000021904707,1.0,2.957991600036621,0.0,0.0,13.0,3.000000142492354,2.934000139357522,14.000000208616257,0.0,0.0,0.0,-6.671748161315918,0.0,0.0,0.0,1.0,74.0,1050.0,-8.0,98.0,0.0,11.0,0.0,0.0,11.0,10.0,1867.0,105.87902069091797,0.0,0.0,0.0,0.0,0.0,0.0,0.0,0.0,0.0,0.0,0.0,0.0,0.0,0.0,0.0,0.0,13.0,0.0,0.0,0.0,2.0,0
29.600000381469727,225.0,1058.0,52.0,55016.0,0.0,0.0,0.0,44.0,66.0,9.0,0.0,100.0,100.0,100.0,103.0,100.0,103.0,100.0,50.0,50.0,0.0,3.355000159353949,3.355000159353949,3.355000159353949,3.355000159353949,14.70000021904707,1.0,2.957991600036621,0.0,0.0,13.0,3.000000142492354,3.0010001425398514,14.000000208616257,-30.0,0.0,0.0,-6.671748161315918,0.0,0.0,0.0,1.0,75.0,1050.0,-8.0,98.0,0.0,11.0,0.0,0.0,11.0,10.0,1867.0,105.87902069091797,0.0,0.0,0.0,0.0,0.0,0.0,0.0,0.0,0.0,0.0,0.0,0.0,0.0,0.0,0.0,0.0,13.0,0.0,0.0,0.0,2.0,0
29.731000900268555,225.0,1054.0,52.0,54808.0,0.0,0.0,0.0,44.0,66.0,9.0,0.0,100.0,100.0,100.0,103.0,100.0,103.0,100.0,50.0,50.0,0.0,3.355000159353949,3.355000159353949,3.355000159353949,3.355000159353949,14.70000021904707,1.0,2.946808338165283,0.0,0.0,13.0,3.000000142492354,3.002000142587349,14.000000208616257,-40.0,0.0,0.0,-6.671748161315918,0.0,0.0,0.0,1.0,75.0,1050.0,-4.0,98.0,0.0,11.0,0.0,0.0,11.0,10.0,1867.0,106.28083801269531,0.0,0.0,0.0,0.0,0.0,0.0,0.0,0.0,0.0,0.0,0.0,0.0,0.0,0.0,0.0,0.0,13.0,0.0,0.0,0.0,2.0,0
29.797000885009766,225.0,1054.0,52.0,54808.0,0.0,0.0,0.0,44.0,66.0,9.0,0.0,100.0,100.0,100.0,103.0,100.0,103.0,100.0,50.0,50.0,0.0,3.355000159353949,3.355000159353949,3.355000159353949,3.355000159353949,14.70000021904707,1.0,2.946808338165283,0.0,0.0,13.0,3.000000142492354,3.0150001432048157,14.000000208616257,-40.0,0.0,0.0,-6.671748161315918,0.0,0.0,0.0,1.0,75.0,1050.0,-4.0,98.0,0.0,11.0,0.0,0.0,11.0,10.0,1867.0,106.28083801269531,0.0,0.0,0.0,0.0,0.0,0.0,0.0,0.0,0.0,0.0,0.0,0.0,0.0,0.0,0.0,0.0,13.0,0.0,0.0,0.0,2.0,0
29.867000579833984,226.0,1054.0,52.0,54808.0,0.0,0.0,0.0,44.0,66.0,9.0,0.0,100.0,100.0,100.0,103.0,100.0,103.0,100.0,50.0,50.0,0.0,3.355000159353949,3.355000159353949,3.355000159353949,3.355000159353949,14.70000021904707,1.0,2.946808338165283,0.0,0.0,13.0,3.000000142492354,3.153000149759464,14.000000208616257,0.0,0.0,0.0,-6.671748161315918,0.0,0.0,0.0,1.0,75.0,1050.0,-4.0,98.0,0.0,11.0,0.0,0.0,11.0,10.0,1861.0,105.93927764892578,0.0,0.0,0.0,0.0,0.0,0.0,0.0,0.0,0.0,0.0,0.0,0.0,0.0,0.0,0.0,0.0,13.0,0.0,0.0,0.0,2.0,0
29.933000564575195,226.0,1054.0,52.0,54808.0,0.0,0.0,0.0,44.0,66.0,9.0,0.0,100.0,100.0,100.0,103.0,100.0,103.0,100.0,50.0,50.0,0.0,3.355000159353949,3.355000159353949,3.355000159353949,3.355000159353949,14.70000021904707,1.0,2.946808338165283,0.0,0.0,13.0,3.000000142492354,3.0260001437272877,14.000000208616257,0.0,0.0,0.0,-6.671748161315918,0.0,0.0,0.0,1.0,75.0,1050.0,-4.0,98.0,0.0,11.0,0.0,0.0,11.0,10.0,1861.0,105.93927764892578,0.0,0.0,0.0,0.0,0.0,0.0,0.0,0.0,0.0,0.0,0.0,0.0,0.0,0.0,0.0,0.0,13.0,0.0,0.0,0.0,2.0,0
30.00200080871582,226.0,1054.0,52.0,54808.0,0.0,0.0,0.0,44.0,66.0,9.0,0.0,100.0,100.0,100.0,103.0,100.0,103.0,100.0,50.0,50.0,0.0,3.355000159353949,3.355000159353949,3.355000159353949,3.355000159353949,14.70000021904707,1.0,2.946808338165283,0.0,0.0,13.0,3.000000142492354,3.0230001435847953,14.000000208616257,0.0,0.0,0.0,-6.671748161315918,0.0,0.0,0.0,1.0,75.0,1050.0,-4.0,98.0,0.0,11.0,0.0,0.0,11.0,10.0,1861.0,105.93927764892578,0.0,0.0,0.0,0.0,0.0,0.0,0.0,0.0,0.0,0.0,0.0,0.0,0.0,0.0,0.0,0.0,13.0,0.0,0.0,0.0,2.0,0
30.06800079345703,226.0,1050.0,52.0,54600.0,0.0,0.0,0.0,44.0,66.0,9.0,0.0,100.0,100.0,100.0,103.0,100.0,103.0,100.0,50.0,50.0,0.0,3.355000159353949,3.355000159353949,3.355000159353949,3.355000159353949,14.70000021904707,1.0,2.9356250762939453,0.0,0.0,13.0,3.000000142492354,3.0610001453896984,14.000000208616257,0.0,0.0,0.0,-6.671748161315918,0.0,0.0,0.0,1.0,75.0,1050.0,0.0,98.0,0.0,11.0,0.0,0.0,11.0,10.0,1861.0,106.34285736083984,0.0,0.0,0.0,0.0,0.0,0.0,0.0,0.0,0.0,0.0,0.0,0.0,0.0,0.0,0.0,0.0,13.0,0.0,0.0,0.0,2.0,0
30.132999420166016,226.0,1050.0,52.0,54600.0,0.0,0.0,0.0,44.0,66.0,9.0,0.0,100.0,100.0,100.0,103.0,100.0,103.0,100.0,50.0,50.0,0.0,3.355000159353949,3.355000159353949,3.355000159353949,3.355000159353949,14.70000021904707,1.0,2.9356250762939453,0.0,0.0,13.0,3.000000142492354,3.0170001432998106,14.000000208616257,-40.0,0.0,0.0,-6.671748161315918,0.0,0.0,0.0,1.0,75.0,1050.0,0.0,98.0,0.0,11.0,0.0,0.0,11.0,10.0,1861.0,106.34285736083984,0.0,0.0,0.0,0.0,0.0,0.0,0.0,0.0,0.0,0.0,0.0,0.0,0.0,0.0,0.0,0.0,13.0,0.0,0.0,0.0,2.0,0
30.197999954223633,226.0,1045.0,52.0,54340.0,0.0,0.0,0.0,44.0,66.0,9.0,0.0,100.0,100.0,100.0,103.0,100.0,103.0,100.0,50.0,50.0,0.0,3.355000159353949,3.355000159353949,3.355000159353949,3.355000159353949,14.70000021904707,1.0,2.9216458797454834,0.0,0.0,13.0,3.000000142492354,3.027000143774785,14.000000208616257,-40.0,0.0,0.0,-6.671748161315918,0.0,0.0,0.0,1.0,75.0,1050.0,5.0,98.0,0.0,11.0,0.0,0.0,11.0,10.0,1861.0,106.85167694091797,0.0,0.0,0.0,0.0,0.0,0.0,0.0,0.0,0.0,0.0,0.0,0.0,0.0,0.0,0.0,0.0,13.0,0.0,0.0,0.0,2.0,0
30.264999389648438,226.0,1042.0,52.0,54184.0,0.0,0.0,0.0,44.0,66.0,9.0,0.0,100.0,100.0,100.0,103.0,100.0,103.0,100.0,50.0,50.0,0.0,3.355000159353949,3.355000159353949,3.355000159353949,3.355000159353949,14.70000021904707,1.0,2.9132583141326904,0.0,0.0,13.0,3.000000142492354,3.016000143252313,14.000000208616257,-50.0,0.0,0.0,-6.671748161315918,0.0,0.0,0.0,1.0,76.0,1050.0,8.0,98.0,0.0,11.0,0.0,0.0,11.0,10.0,1861.0,107.15930938720703,0.0,0.0,0.0,0.0,0.0,0.0,0.0,0.0,0.0,0.0,0.0,0.0,0.0,0.0,0.0,0.0,13.0,0.0,0.0,0.0,2.0,0
30.33300018310547,226.0,1042.0,52.0,54184.0,0.0,0.0,0.0,44.0,66.0,9.0,0.0,100.0,100.0,100.0,103.0,100.0,103.0,100.0,50.0,50.0,0.0,3.355000159353949,3.355000159353949,3.355000159353949,3.355000159353949,14.70000021904707,1.0,2.9132583141326904,0.0,0.0,13.0,3.000000142492354,3.03300014405977,14.000000208616257,-30.0,0.0,0.0,-6.671748161315918,0.0,0.0,0.0,1.0,76.0,1050.0,8.0,98.0,0.0,11.0,0.0,0.0,11.0,10.0,1861.0,107.15930938720703,0.0,0.0,0.0,0.0,0.0,0.0,0.0,0.0,0.0,0.0,0.0,0.0,0.0,0.0,0.0,0.0,13.0,0.0,0.0,0.0,2.0,0
30.399999618530273,226.0,1037.0,53.0,54961.0,0.0,0.0,0.0,44.0,66.0,9.0,0.0,100.0,100.0,100.0,103.0,100.0,103.0,100.0,50.0,50.0,0.0,3.392000161111355,3.392000161111355,3.392000161111355,3.392000161111355,14.70000021904707,1.0,2.931253433227539,0.0,0.0,13.0,3.000000142492354,3.1670001504244283,14.000000208616257,-30.0,0.0,0.0,-6.526710033416748,0.0,0.0,0.0,1.0,76.0,1050.0,13.0,98.0,0.0,11.0,0.0,0.0,11.0,10.0,1861.0,107.67598724365234,0.0,0.0,0.0,0.0,0.0,0.0,0.0,0.0,0.0,0.0,0.0,0.0,0.0,0.0,0.0,0.0,13.0,0.0,0.0,0.0,2.0,0
30.4689998626709,226.0,1037.0,53.0,54961.0,0.0,0.0,0.0,44.0,66.0,9.0,0.0,100.0,100.0,100.0,103.0,100.0,103.0,100.0,50.0,50.0,0.0,3.392000161111355,3.392000161111355,3.392000161111355,3.392000161111355,14.70000021904707,1.0,2.931253433227539,0.0,0.0,13.0,3.000000142492354,3.031000143964775,14.000000208616257,-50.0,0.0,0.0,-6.526710033416748,0.0,0.0,0.0,1.0,76.0,1050.0,13.0,98.0,0.0,11.0,0.0,0.0,11.0,10.0,1861.0,107.67598724365234,0.0,0.0,0.0,0.0,0.0,0.0,0.0,0.0,0.0,0.0,0.0,0.0,0.0,0.0,0.0,0.0,13.0,0.0,0.0,0.0,2.0,0
30.534000396728516,226.0,1039.0,53.0,55067.0,0.0,0.0,0.0,44.0,66.0,9.0,0.0,100.0,100.0,100.0,103.0,100.0,103.0,100.0,50.0,50.0,0.0,3.392000161111355,3.392000161111355,3.392000161111355,3.392000161111355,14.70000021904707,1.0,2.936906576156616,0.0,0.0,13.0,3.000000142492354,3.109000147669576,14.000000208616257,20.0,0.0,0.0,-6.526710033416748,0.0,0.0,0.0,1.0,78.0,1050.0,11.0,98.0,0.0,11.0,0.0,0.0,11.0,10.0,1861.0,107.46871948242188,0.0,0.0,0.0,0.0,0.0,0.0,0.0,0.0,0.0,0.0,0.0,0.0,0.0,0.0,0.0,0.0,13.0,0.0,0.0,0.0,2.0,0
30.600000381469727,226.0,1039.0,53.0,55067.0,0.0,0.0,0.0,44.0,66.0,9.0,0.0,100.0,100.0,100.0,103.0,100.0,103.0,100.0,50.0,50.0,0.0,3.392000161111355,3.392000161111355,3.392000161111355,3.392000161111355,14.70000021904707,1.0,2.936906576156616,0.0,0.0,13.0,3.000000142492354,3.0170001432998106,14.000000208616257,20.0,0.0,0.0,-6.526710033416748,0.0,0.0,0.0,1.0,78.0,1050.0,11.0,98.0,0.0,11.0,0.0,0.0,11.0,10.0,1861.0,107.46871948242188,0.0,0.0,0.0,0.0,0.0,0.0,0.0,0.0,0.0,0.0,0.0,0.0,0.0,0.0,0.0,0.0,13.0,0.0,0.0,0.0,2.0,0
30.665000915527344,226.0,1043.0,53.0,55279.0,0.0,0.0,0.0,44.0,66.0,9.0,0.0,100.0,100.0,100.0,103.0,100.0,103.0,100.0,50.0,50.0,0.0,3.392000161111355,3.392000161111355,3.392000161111355,3.392000161111355,14.70000021904707,1.0,2.9482133388519287,0.0,0.0,13.0,3.000000142492354,3.069000145769678,14.000000208616257,40.0,0.0,0.0,-6.526710033416748,0.0,0.0,0.0,1.0,78.0,1050.0,7.0,98.0,0.0,11.0,0.0,0.0,11.0,10.0,1861.0,107.05656433105469,0.0,0.0,0.0,0.0,0.0,0.0,0.0,0.0,0.0,0.0,0.0,0.0,0.0,0.0,0.0,0.0,13.0,0.0,0.0,0.0,2.0,0
30.733999252319336,226.0,1040.0,53.0,55120.0,0.0,0.0,0.0,44.0,66.0,9.0,0.0,100.0,100.0,100.0,103.0,100.0,103.0,100.0,50.0,50.0,0.0,3.392000161111355,3.392000161111355,3.392000161111355,3.392000161111355,14.70000021904707,1.0,2.9397332668304443,0.0,0.0,13.0,3.000000142492354,3.2270001532742754,14.000000208616257,-30.0,0.0,0.0,-6.526710033416748,0.0,0.0,0.0,1.0,78.0,1050.0,10.0,98.0,0.0,11.0,0.0,0.0,11.0,10.0,1861.0,107.36538696289062,0.0,0.0,0.0,0.0,0.0,0.0,0.0,0.0,0.0,0.0,0.0,0.0,0.0,0.0,0.0,0.0,13.0,0.0,0.0,0.0,2.0,0
30.799999237060547,226.0,1040.0,53.0,55120.0,0.0,0.0,0.0,44.0,66.0,9.0,0.0,100.0,100.0,100.0,103.0,100.0,103.0,100.0,50.0,50.0,0.0,3.392000161111355,3.392000161111355,3.392000161111355,3.392000161111355,14.70000021904707,1.0,2.9397332668304443,0.0,0.0,13.0,3.000000142492354,3.0410001444397494,14.000000208616257,-30.0,0.0,0.0,-6.526710033416748,0.0,0.0,0.0,1.0,78.0,1050.0,10.0,98.0,0.0,11.0,0.0,0.0,11.0,10.0,1861.0,107.36538696289062,0.0,0.0,0.0,0.0,0.0,0.0,0.0,0.0,0.0,0.0,0.0,0.0,0.0,0.0,0.0,0.0,13.0,0.0,0.0,0.0,2.0,0
30.867000579833984,227.0,1047.0,53.0,55491.0,0.0,0.0,0.0,44.0,66.0,9.0,0.0,100.0,100.0,100.0,103.0,100.0,103.0,100.0,50.0,50.0,0.0,3.392000161111355,3.392000161111355,3.392000161111355,3.392000161111355,14.70000021904707,1.0,2.959520101547241,0.0,0.0,13.0,3.000000142492354,3.115000147954561,14.000000208616257,0.0,0.0,0.0,-6.526710033416748,0.0,0.0,0.0,1.0,77.0,1050.0,3.0,98.0,0.0,11.0,0.0,0.0,11.0,10.0,1864.0,106.8194808959961,0.0,0.0,0.0,0.0,0.0,0.0,0.0,0.0,0.0,0.0,0.0,0.0,0.0,0.0,0.0,0.0,13.0,0.0,0.0,0.0,2.0,0
30.867000579833984,227.0,1047.0,53.0,55491.0,0.0,0.0,0.0,44.0,66.0,9.0,0.0,100.0,100.0,100.0,103.0,100.0,103.0,100.0,50.0,50.0,0.0,3.392000161111355,3.392000161111355,3.392000161111355,3.392000161111355,14.70000021904707,1.0,2.959520101547241,0.0,0.0,13.0,3.000000142492354,3.0170001432998106,14.000000208616257,70.0,0.0,0.0,-6.526710033416748,0.0,0.0,0.0,1.0,77.0,1050.0,3.0,98.0,0.0,11.0,0.0,0.0,11.0,10.0,1864.0,106.8194808959961,0.0,0.0,0.0,0.0,0.0,0.0,0.0,0.0,0.0,0.0,0.0,0.0,0.0,0.0,0.0,0.0,13.0,0.0,0.0,0.0,2.0,0
31.000999450683594,227.0,1054.0,53.0,55862.0,0.0,0.0,0.0,44.0,66.0,9.0,0.0,100.0,100.0,100.0,103.0,100.0,103.0,100.0,50.0,50.0,0.0,3.392000161111355,3.392000161111355,3.392000161111355,3.392000161111355,14.70000021904707,1.0,2.979306697845459,0.0,0.0,13.0,3.000000142492354,3.2470001542242244,14.000000208616257,70.0,0.0,0.0,-6.526710033416748,0.0,0.0,0.0,1.0,77.0,1050.0,-4.0,98.0,0.0,11.0,0.0,0.0,11.0,10.0,1864.0,106.11005401611328,0.0,0.0,0.0,0.0,0.0,0.0,0.0,0.0,0.0,0.0,0.0,0.0,0.0,0.0,0.0,0.0,13.0,0.0,0.0,0.0,2.0,0
31.000999450683594,227.0,1061.0,53.0,56233.0,0.0,0.0,0.0,44.0,66.0,9.0,0.0,100.0,100.0,100.0,103.0,100.0,103.0,100.0,50.0,50.0,0.0,3.392000161111355,3.392000161111355,3.392000161111355,3.392000161111355,14.70000021904707,1.0,2.9990932941436768,0.0,0.0,13.0,3.000000142492354,3.0190001433948055,14.000000208616257,70.0,0.0,0.0,-6.526710033416748,0.0,0.0,0.0,1.0,77.0,1050.0,-11.0,98.0,0.0,11.0,0.0,0.0,11.0,10.0,1864.0,105.40998840332031,0.0,0.0,0.0,0.0,0.0,0.0,0.0,0.0,0.0,0.0,0.0,0.0,0.0,0.0,0.0,0.0,13.0,0.0,0.0,0.0,2.0,0
31.131000518798828,227.0,1061.0,53.0,56233.0,0.0,0.0,0.0,44.0,66.0,9.0,0.0,100.0,100.0,100.0,103.0,100.0,103.0,100.0,50.0,50.0,0.0,3.392000161111355,3.392000161111355,3.392000161111355,3.392000161111355,14.70000021904707,1.0,2.9990932941436768,0.0,0.0,13.0,3.000000142492354,3.03300014405977,14.000000208616257,70.0,0.0,0.0,-6.526710033416748,0.0,0.0,0.0,1.0,74.0,1050.0,-11.0,98.0,0.0,11.0,0.0,0.0,11.0,10.0,1864.0,105.40998840332031,0.0,0.0,0.0,0.0,0.0,0.0,0.0,0.0,0.0,0.0,0.0,0.0,0.0,0.0,0.0,0.0,13.0,0.0,0.0,0.0,2.0,0
31.131000518798828,227.0,1063.0,52.0,55276.0,0.0,0.0,0.0,44.0,66.0,9.0,0.0,100.0,100.0,100.0,103.0,100.0,103.0,100.0,50.0,50.0,0.0,3.355000159353949,3.355000159353949,3.355000159353949,3.355000159353949,14.70000021904707,1.0,2.971970796585083,0.0,0.0,13.0,3.000000142492354,3.100000147242099,14.000000208616257,70.0,0.0,0.0,-6.671748161315918,0.0,0.0,0.0,1.0,74.0,1050.0,-13.0,98.0,0.0,11.0,0.0,0.0,11.0,10.0,1864.0,105.21166229248047,0.0,0.0,0.0,0.0,0.0,0.0,0.0,0.0,0.0,0.0,0.0,0.0,0.0,0.0,0.0,0.0,13.0,0.0,0.0,0.0,2.0,0
31.197999954223633,227.0,1063.0,52.0,55276.0,0.0,0.0,0.0,44.0,66.0,9.0,0.0,100.0,100.0,100.0,103.0,100.0,103.0,100.0,50.0,50.0,0.0,3.355000159353949,3.355000159353949,3.355000159353949,3.355000159353949,14.70000021904707,1.0,2.971970796585083,0.0,0.0,13.0,3.000000142492354,3.0210001434898004,14.000000208616257,20.0,0.0,0.0,-6.671748161315918,0.0,0.0,0.0,1.0,74.0,1050.0,-13.0,98.0,0.0,11.0,0.0,0.0,11.0,10.0,1864.0,105.21166229248047,0.0,0.0,0.0,0.0,0.0,0.0,0.0,0.0,0.0,0.0,0.0,0.0,0.0,0.0,0.0,0.0,13.0,0.0,0.0,0.0,2.0,0
31.33300018310547,227.0,1067.0,52.0,55484.0,0.0,0.0,0.0,44.0,66.0,9.0,0.0,100.0,100.0,100.0,103.0,100.0,103.0,100.0,50.0,50.0,0.0,3.355000159353949,3.355000159353949,3.355000159353949,3.355000159353949,14.70000021904707,1.0,2.983154058456421,0.0,0.0,13.0,3.000000142492354,3.002000142587349,14.000000208616257,40.0,0.0,0.0,-6.671748161315918,0.0,0.0,0.0,1.0,74.0,1050.0,-17.0,98.0,0.0,11.0,0.0,0.0,11.0,10.0,1864.0,104.81724548339844,0.0,0.0,0.0,0.0,0.0,0.0,0.0,0.0,0.0,0.0,0.0,0.0,0.0,0.0,0.0,0.0,13.0,0.0,0.0,0.0,2.0,0
31.39900016784668,227.0,1084.0,52.0,56368.0,0.0,0.0,0.0,44.0,66.0,9.0,0.0,100.0,100.0,100.0,103.0,100.0,103.0,100.0,50.0,50.0,0.0,3.355000159353949,3.355000159353949,3.355000159353949,3.355000159353949,14.70000021904707,1.0,3.0306832790374756,0.0,0.0,13.0,3.000000142492354,3.0150001432048157,14.000000208616257,40.0,0.0,0.0,-6.671748161315918,0.0,0.0,0.0,1.0,74.0,1050.0,-34.0,98.0,0.0,11.0,0.0,0.0,11.0,10.0,1864.0,103.17343139648438,0.0,0.0,0.0,0.0,0.0,0.0,0.0,0.0,0.0,0.0,0.0,0.0,0.0,0.0,0.0,0.0,13.0,0.0,0.0,0.0,2.0,0
31.468000411987305,227.0,1084.0,51.0,55284.0,0.0,0.0,0.0,44.0,66.0,9.0,0.0,100.0,100.0,100.0,103.0,100.0,103.0,100.0,50.0,50.0,0.0,3.282000155886635,3.282000155886635,3.282000155886635,3.282000155886635,14.70000021904707,1.0,2.964740037918091,0.0,0.0,13.0,3.000000142492354,3.067000145674683,14.000000208616257,170.0,0.0,0.0,-6.81678581237793,0.0,0.0,0.0,1.0,71.0,1050.0,-34.0,98.0,0.0,11.0,0.0,0.0,11.0,10.0,1864.0,103.17343139648438,0.0,0.0,0.0,0.0,0.0,0.0,0.0,0.0,0.0,0.0,0.0,0.0,0.0,0.0,0.0,0.0,13.0,0.0,0.0,0.0,2.0,0
31.533000946044922,227.0,1152.0,49.0,56448.0,0.0,0.0,0.0,44.0,66.0,9.0,0.0,100.0,100.0,100.0,103.0,100.0,103.0,100.0,50.0,50.0,0.0,3.208000152371824,3.208000152371824,3.208000152371824,3.208000152371824,14.70000021904707,1.0,3.0796799659729004,0.0,0.0,13.0,3.000000142492354,3.129000148619525,14.000000208616257,680.0,0.0,0.0,-7.1068620681762695,0.0,0.0,0.0,1.0,71.0,1050.0,-102.0,98.0,0.0,11.0,0.0,0.0,11.0,10.0,1864.0,97.08333587646484,0.0,0.0,0.0,0.0,0.0,0.0,0.0,0.0,0.0,0.0,0.0,0.0,0.0,0.0,0.0,0.0,13.0,0.0,0.0,0.0,2.0,0
31.600000381469727,227.0,1152.0,49.0,56448.0,0.0,0.0,0.0,44.0,66.0,9.0,0.0,100.0,100.0,100.0,103.0,100.0,103.0,100.0,50.0,50.0,0.0,3.208000152371824,3.208000152371824,3.208000152371824,3.208000152371824,14.70000021904707,1.0,3.0796799659729004,0.0,0.0,13.0,3.000000142492354,3.016000143252313,14.000000208616257,680.0,0.0,0.0,-7.1068620681762695,0.0,0.0,0.0,1.0,71.0,1050.0,-102.0,98.0,0.0,11.0,0.0,0.0,11.0,10.0,1864.0,97.08333587646484,0.0,0.0,0.0,0.0,0.0,0.0,0.0,0.0,0.0,0.0,0.0,0.0,0.0,0.0,0.0,0.0,13.0,0.0,0.0,0.0,2.0,0
31.667999267578125,227.0,1189.0,47.0,55883.0,0.0,0.0,0.0,44.0,66.0,9.0,0.0,100.0,100.0,100.0,103.0,100.0,103.0,100.0,50.0,50.0,0.0,3.098000147147104,3.098000147147104,3.098000147147104,3.098000147147104,14.70000021904707,1.0,3.0696017742156982,0.0,0.0,13.0,3.000000142492354,3.016000143252313,14.000000208616257,370.0,0.0,0.0,-7.396937847137451,0.0,0.0,0.0,1.0,71.0,1050.0,-139.0,98.0,0.0,11.0,0.0,0.0,11.0,10.0,1864.0,94.06224060058594,0.0,0.0,0.0,0.0,0.0,0.0,0.0,0.0,0.0,0.0,0.0,0.0,0.0,0.0,0.0,0.0,13.0,0.0,0.0,0.0,2.0,0
31.735000610351562,227.0,1226.0,46.0,56396.0,0.0,0.0,0.0,44.0,66.0,9.0,0.0,100.0,100.0,100.0,103.0,100.0,103.0,100.0,50.0,50.0,0.0,3.062000145437196,3.062000145437196,3.062000145437196,3.062000145437196,14.70000021904707,1.0,3.128343343734741,0.0,0.0,13.0,3.000000142492354,3.1170001480495557,14.000000208616257,370.0,0.0,0.0,-7.541975975036621,0.0,0.0,0.0,1.0,71.0,1050.0,-176.0,98.0,0.0,11.0,0.0,0.0,11.0,10.0,1864.0,91.2234878540039,0.0,0.0,0.0,0.0,0.0,0.0,0.0,0.0,0.0,0.0,0.0,0.0,0.0,0.0,0.0,0.0,13.0,0.0,0.0,0.0,2.0,0
31.799999237060547,227.0,1247.0,43.0,53621.0,0.0,0.0,0.0,44.0,66.0,9.0,0.0,100.0,100.0,100.0,103.0,100.0,103.0,100.0,50.0,50.0,0.0,2.916000138502568,2.916000138502568,2.916000138502568,2.916000138502568,14.70000021904707,1.0,3.030210018157959,0.0,0.0,13.0,3.000000142492354,3.0170001432998106,14.000000208616257,370.0,0.0,0.0,-7.977089881896973,0.0,0.0,0.0,1.0,49.0,1050.0,-197.0,98.0,0.0,11.0,0.0,0.0,11.0,10.0,1864.0,89.68724822998047,0.0,0.0,0.0,0.0,0.0,0.0,0.0,0.0,0.0,0.0,0.0,0.0,0.0,0.0,0.0,0.0,13.0,0.0,0.0,0.0,2.0,0
31.864999771118164,228.0,1247.0,40.0,49880.0,0.0,0.0,0.0,44.0,66.0,9.0,0.0,100.0,100.0,100.0,103.0,100.0,103.0,100.0,50.0,50.0,0.0,2.768000131472945,2.768000131472945,2.768000131472945,2.768000131472945,14.70000021904707,1.0,2.876413345336914,0.0,0.0,13.0,3.000000142492354,3.005000142729841,14.000000208616257,210.0,0.0,0.0,-8.412203788757324,0.0,0.0,0.0,1.0,49.0,1050.0,-197.0,98.0,0.0,11.0,0.0,0.0,11.0,10.0,1880.0,90.45709991455078,0.0,0.0,0.0,0.0,0.0,0.0,0.0,0.0,0.0,0.0,0.0,0.0,0.0,0.0,0.0,0.0,13.0,0.0,0.0,0.0,2.0,0
31.930999755859375,228.0,1255.0,38.0,47690.0,0.0,0.0,0.0,44.0,66.0,9.0,0.0,100.0,100.0,100.0,103.0,100.0,103.0,100.0,50.0,50.0,0.0,2.6950001280056313,2.6950001280056313,2.6950001280056313,2.6950001280056313,14.70000021904707,1.0,2.8185207843780518,0.0,0.0,13.0,3.000000142492354,2.909000138170086,14.000000208616257,210.0,0.0,0.0,-8.702280044555664,0.0,0.0,0.0,1.0,49.0,1050.0,-205.0,98.0,0.0,11.0,0.0,0.0,11.0,10.0,1880.0,89.88047790527344,0.0,0.0,0.0,0.0,0.0,0.0,0.0,0.0,0.0,0.0,0.0,0.0,0.0,0.0,0.0,0.0,13.0,0.0,0.0,0.0,2.0,0
32.00199890136719,228.0,1224.0,38.0,46512.0,0.0,0.0,0.0,44.0,66.0,9.0,0.0,100.0,100.0,100.0,103.0,100.0,103.0,100.0,50.0,50.0,0.0,2.6950001280056313,2.6950001280056313,2.6950001280056313,2.6950001280056313,14.70000021904707,1.0,2.7488999366760254,0.0,0.0,13.0,3.000000142492354,2.9590001405449584,14.000000208616257,80.0,0.0,0.0,-8.702280044555664,0.0,0.0,0.0,1.0,49.0,1050.0,-174.0,98.0,0.0,11.0,0.0,0.0,11.0,10.0,1880.0,92.1568603515625,0.0,0.0,0.0,0.0,0.0,0.0,0.0,0.0,0.0,0.0,0.0,0.0,0.0,0.0,0.0,0.0,13.0,0.0,0.0,0.0,2.0,0
32.066001892089844,228.0,1224.0,38.0,46512.0,0.0,0.0,0.0,44.0,66.0,9.0,0.0,100.0,100.0,100.0,103.0,100.0,103.0,100.0,50.0,50.0,0.0,2.6950001280056313,2.6950001280056313,2.6950001280056313,2.6950001280056313,14.70000021904707,1.0,2.7488999366760254,0.0,0.0,13.0,3.000000142492354,2.9920001421123743,14.000000208616257,-310.0,0.0,0.0,-8.702280044555664,0.0,0.0,0.0,1.0,48.0,1050.0,-174.0,98.0,0.0,11.0,0.0,0.0,11.0,10.0,1880.0,92.1568603515625,0.0,0.0,0.0,0.0,0.0,0.0,0.0,0.0,0.0,0.0,0.0,0.0,0.0,0.0,0.0,0.0,13.0,0.0,0.0,0.0,2.0,0
32.13100051879883,228.0,1199.0,37.0,44363.0,0.0,0.0,0.0,44.0,66.0,9.0,0.0,100.0,100.0,100.0,103.0,100.0,103.0,100.0,50.0,50.0,0.0,2.6220001245383173,2.6220001245383173,2.6220001245383173,2.6220001245383173,14.70000021904707,1.0,2.6198151111602783,0.0,0.0,13.0,3.000000142492354,2.9730001412099227,14.000000208616257,-310.0,0.0,0.0,-8.847317695617676,0.0,0.0,0.0,1.0,48.0,1050.0,-149.0,98.0,0.0,11.0,0.0,0.0,11.0,10.0,1880.0,94.07839965820312,0.0,0.0,0.0,0.0,0.0,0.0,0.0,0.0,0.0,0.0,0.0,0.0,0.0,0.0,0.0,0.0,13.0,0.0,0.0,0.0,2.0,0
32.20100021362305,228.0,1169.0,37.0,43253.0,0.0,0.0,0.0,44.0,66.0,9.0,0.0,100.0,100.0,100.0,103.0,100.0,103.0,100.0,50.0,50.0,0.0,2.6220001245383173,2.6220001245383173,2.6220001245383173,2.6220001245383173,14.70000021904707,1.0,2.554265022277832,0.0,0.0,13.0,3.000000142492354,2.9410001396900043,14.000000208616257,-250.0,0.0,0.0,-8.847317695617676,0.0,0.0,0.0,1.0,48.0,1050.0,-119.0,98.0,0.0,11.0,0.0,0.0,11.0,10.0,1880.0,96.49272918701172,0.0,0.0,0.0,0.0,0.0,0.0,0.0,0.0,0.0,0.0,0.0,0.0,0.0,0.0,0.0,0.0,13.0,0.0,0.0,0.0,2.0,0
32.26599884033203,228.0,1169.0,37.0,43253.0,0.0,0.0,0.0,44.0,66.0,9.0,0.0,100.0,100.0,100.0,103.0,100.0,103.0,100.0,50.0,50.0,0.0,2.6220001245383173,2.6220001245383173,2.6220001245383173,2.6220001245383173,14.70000021904707,1.0,2.554265022277832,0.0,0.0,13.0,3.000000142492354,3.0060001427773386,14.000000208616257,-300.0,0.0,0.0,-8.847317695617676,0.0,0.0,0.0,1.0,48.0,1050.0,-119.0,98.0,0.0,11.0,0.0,0.0,11.0,10.0,1880.0,96.49272918701172,0.0,0.0,0.0,0.0,0.0,0.0,0.0,0.0,0.0,0.0,0.0,0.0,0.0,0.0,0.0,0.0,13.0,0.0,0.0,0.0,2.0,0
32.332000732421875,228.0,1156.0,37.0,42772.0,0.0,0.0,0.0,44.0,66.0,9.0,0.0,100.0,100.0,100.0,103.0,100.0,103.0,100.0,50.0,50.0,0.0,2.6220001245383173,2.6220001245383173,2.6220001245383173,2.6220001245383173,14.70000021904707,1.0,2.525860071182251,0.0,0.0,13.0,3.000000142492354,3.0010001425398514,14.000000208616257,-300.0,0.0,0.0,-8.847317695617676,0.0,0.0,0.0,1.0,48.0,1050.0,-106.0,98.0,0.0,11.0,0.0,0.0,11.0,10.0,1880.0,97.5778579711914,0.0,0.0,0.0,0.0,0.0,0.0,0.0,0.0,0.0,0.0,0.0,0.0,0.0,0.0,0.0,0.0,13.0,0.0,0.0,0.0,2.0,0
32.332000732421875,228.0,1156.0,38.0,43928.0,0.0,0.0,0.0,44.0,66.0,9.0,0.0,100.0,100.0,100.0,103.0,100.0,103.0,100.0,50.0,50.0,0.0,2.6950001280056313,2.6950001280056313,2.6950001280056313,2.6950001280056313,14.70000021904707,1.0,2.5961833000183105,0.0,0.0,13.0,3.000000142492354,3.0150001432048157,14.000000208616257,-130.0,0.0,0.0,-8.702280044555664,0.0,0.0,0.0,1.0,56.0,1050.0,-106.0,98.0,0.0,11.0,0.0,0.0,11.0,10.0,1880.0,97.5778579711914,0.0,0.0,0.0,0.0,0.0,0.0,0.0,0.0,0.0,0.0,0.0,0.0,0.0,0.0,0.0,0.0,13.0,0.0,0.0,0.0,2.0,0
32.46699905395508,228.0,1138.0,39.0,44382.0,0.0,0.0,0.0,44.0,66.0,9.0,0.0,100.0,100.0,100.0,103.0,100.0,103.0,100.0,50.0,50.0,0.0,2.732000129763037,2.732000129763037,2.732000129763037,2.732000129763037,14.70000021904707,1.0,2.5908467769622803,0.0,0.0,13.0,3.000000142492354,3.02500014367979,14.000000208616257,-180.0,0.0,0.0,-8.557242393493652,0.0,0.0,0.0,1.0,56.0,1050.0,-88.0,98.0,0.0,11.0,0.0,0.0,11.0,10.0,1880.0,99.12126159667969,0.0,0.0,0.0,0.0,0.0,0.0,0.0,0.0,0.0,0.0,0.0,0.0,0.0,0.0,0.0,0.0,13.0,0.0,0.0,0.0,2.0,0
32.53300094604492,228.0,1127.0,39.0,43953.0,0.0,0.0,0.0,44.0,66.0,9.0,0.0,100.0,100.0,100.0,103.0,100.0,103.0,100.0,50.0,50.0,0.0,2.732000129763037,2.732000129763037,2.732000129763037,2.732000129763037,14.70000021904707,1.0,2.565803289413452,0.0,0.0,13.0,3.000000142492354,2.9130001383600757,14.000000208616257,-180.0,0.0,0.0,-8.557242393493652,0.0,0.0,0.0,1.0,56.0,1050.0,-77.0,98.0,0.0,11.0,0.0,0.0,11.0,10.0,1880.0,100.08872985839844,0.0,0.0,0.0,0.0,0.0,0.0,0.0,0.0,0.0,0.0,0.0,0.0,0.0,0.0,0.0,0.0,13.0,0.0,0.0,0.0,2.0,0
32.597999572753906,228.0,1127.0,40.0,45080.0,0.0,0.0,0.0,44.0,66.0,9.0,0.0,100.0,100.0,100.0,103.0,100.0,103.0,100.0,50.0,50.0,0.0,2.768000131472945,2.768000131472945,2.768000131472945,2.768000131472945,14.70000021904707,1.0,2.5996134281158447,0.0,0.0,13.0,3.000000142492354,3.0170001432998106,14.000000208616257,-110.0,0.0,0.0,-8.412203788757324,0.0,0.0,0.0,1.0,56.0,1050.0,-77.0,98.0,0.0,11.0,0.0,0.0,11.0,10.0,1880.0,100.08872985839844,0.0,0.0,0.0,0.0,0.0,0.0,0.0,0.0,0.0,0.0,0.0,0.0,0.0,0.0,0.0,0.0,13.0,0.0,0.0,0.0,2.0,0
32.667999267578125,228.0,1130.0,40.0,45200.0,0.0,0.0,0.0,44.0,66.0,9.0,0.0,100.0,100.0,100.0,103.0,100.0,103.0,100.0,50.0,50.0,0.0,2.768000131472945,2.768000131472945,2.768000131472945,2.768000131472945,14.70000021904707,1.0,2.6065332889556885,0.0,0.0,13.0,3.000000142492354,2.9770001413999125,14.000000208616257,30.0,0.0,0.0,-8.412203788757324,0.0,0.0,0.0,1.0,58.0,1050.0,-80.0,98.0,0.0,11.0,0.0,0.0,11.0,10.0,1880.0,99.82300567626953,0.0,0.0,0.0,0.0,0.0,0.0,0.0,0.0,0.0,0.0,0.0,0.0,0.0,0.0,0.0,0.0,13.0,0.0,0.0,0.0,2.0,0
32.733001708984375,228.0,1135.0,40.0,45400.0,0.0,0.0,0.0,44.0,66.0,9.0,0.0,100.0,100.0,100.0,103.0,100.0,103.0,100.0,50.0,50.0,0.0,2.768000131472945,2.768000131472945,2.768000131472945,2.768000131472945,14.70000021904707,1.0,2.6180665493011475,0.0,0.0,13.0,3.000000142492354,3.058000145247206,14.000000208616257,30.0,0.0,0.0,-8.412203788757324,0.0,0.0,0.0,1.0,58.0,1050.0,-85.0,98.0,0.0,11.0,0.0,0.0,11.0,10.0,1880.0,99.38326263427734,0.0,0.0,0.0,0.0,0.0,0.0,0.0,0.0,0.0,0.0,0.0,0.0,0.0,0.0,0.0,0.0,13.0,0.0,0.0,0.0,2.0,0
32.79899978637695,228.0,1135.0,40.0,45400.0,0.0,0.0,0.0,44.0,66.0,9.0,0.0,100.0,100.0,100.0,103.0,100.0,103.0,100.0,50.0,50.0,0.0,2.768000131472945,2.768000131472945,2.768000131472945,2.768000131472945,14.70000021904707,1.0,2.6180665493011475,0.0,0.0,13.0,3.000000142492354,3.0120001430623233,14.000000208616257,50.0,0.0,0.0,-8.412203788757324,0.0,0.0,0.0,1.0,58.0,1050.0,-85.0,98.0,0.0,11.0,0.0,0.0,11.0,10.0,1880.0,99.38326263427734,0.0,0.0,0.0,0.0,0.0,0.0,0.0,0.0,0.0,0.0,0.0,0.0,0.0,0.0,0.0,0.0,13.0,0.0,0.0,0.0,2.0,0
32.86600112915039,229.0,1144.0,41.0,46904.0,0.0,0.0,0.0,44.0,66.0,9.0,0.0,100.0,100.0,100.0,103.0,100.0,103.0,100.0,50.0,50.0,0.0,2.805000133230351,2.805000133230351,2.805000133230351,2.805000133230351,14.70000021904707,1.0,2.674099922180176,0.0,0.0,13.0,3.000000142492354,3.113000147859566,14.000000208616257,90.0,0.0,0.0,-8.267166137695312,0.0,0.0,0.0,1.0,58.0,1050.0,-94.0,98.0,0.0,11.0,0.0,0.0,11.0,10.0,1910.0,100.1748275756836,0.0,0.0,0.0,0.0,0.0,0.0,0.0,0.0,0.0,0.0,0.0,0.0,0.0,0.0,0.0,0.0,13.0,0.0,0.0,0.0,2.0,0
32.86600112915039,229.0,1154.0,41.0,47314.0,0.0,0.0,0.0,44.0,66.0,9.0,0.0,100.0,100.0,100.0,103.0,100.0,103.0,100.0,50.0,50.0,0.0,2.805000133230351,2.805000133230351,2.805000133230351,2.805000133230351,14.70000021904707,1.0,2.697474956512451,0.0,0.0,13.0,3.000000142492354,3.0170001432998106,14.000000208616257,90.0,0.0,0.0,-8.267166137695312,0.0,0.0,0.0,1.0,58.0,1050.0,-104.0,98.0,0.0,11.0,0.0,0.0,11.0,10.0,1910.0,99.3067626953125,0.0,0.0,0.0,0.0,0.0,0.0,0.0,0.0,0.0,0.0,0.0,0.0,0.0,0.0,0.0,0.0,13.0,0.0,0.0,0.0,2.0,0
33.0,229.0,1154.0,41.0,47314.0,0.0,0.0,0.0,44.0,66.0,9.0,0.0,100.0,100.0,100.0,103.0,100.0,103.0,100.0,50.0,50.0,0.0,2.805000133230351,2.805000133230351,2.805000133230351,2.805000133230351,14.70000021904707,1.0,2.697474956512451,0.0,0.0,13.0,3.000000142492354,3.036000144202262,14.000000208616257,100.0,0.0,0.0,-8.267166137695312,0.0,0.0,0.0,1.0,53.0,1050.0,-104.0,98.0,0.0,11.0,0.0,0.0,11.0,10.0,1910.0,99.3067626953125,0.0,0.0,0.0,0.0,0.0,0.0,0.0,0.0,0.0,0.0,0.0,0.0,0.0,0.0,0.0,0.0,13.0,0.0,0.0,0.0,2.0,0
33.064998626708984,229.0,1168.0,39.0,45552.0,0.0,0.0,0.0,44.0,66.0,9.0,0.0,100.0,100.0,100.0,103.0,100.0,103.0,100.0,50.0,50.0,0.0,2.732000129763037,2.732000129763037,2.732000129763037,2.732000129763037,14.70000021904707,1.0,2.659146785736084,0.0,0.0,13.0,3.000000142492354,2.9280001390725374,14.000000208616257,140.0,0.0,0.0,-8.557242393493652,0.0,0.0,0.0,1.0,53.0,1050.0,-118.0,98.0,0.0,11.0,0.0,0.0,11.0,10.0,1910.0,98.11643981933594,0.0,0.0,0.0,0.0,0.0,0.0,0.0,0.0,0.0,0.0,0.0,0.0,0.0,0.0,0.0,0.0,13.0,0.0,0.0,0.0,2.0,0
33.13199996948242,229.0,1164.0,39.0,45396.0,0.0,0.0,0.0,44.0,66.0,9.0,0.0,100.0,100.0,100.0,103.0,100.0,103.0,100.0,50.0,50.0,0.0,2.732000129763037,2.732000129763037,2.732000129763037,2.732000129763037,14.70000021904707,1.0,2.6500399112701416,0.0,0.0,13.0,3.000000142492354,3.0140001431573182,14.000000208616257,140.0,0.0,0.0,-8.557242393493652,0.0,0.0,0.0,1.0,53.0,1050.0,-114.0,98.0,0.0,11.0,0.0,0.0,11.0,10.0,1910.0,98.45360565185547,0.0,0.0,0.0,0.0,0.0,0.0,0.0,0.0,0.0,0.0,0.0,0.0,0.0,0.0,0.0,0.0,13.0,0.0,0.0,0.0,2.0,0
33.20000076293945,229.0,1164.0,39.0,45396.0,0.0,0.0,0.0,44.0,66.0,9.0,0.0,100.0,100.0,100.0,103.0,100.0,103.0,100.0,50.0,50.0,0.0,2.732000129763037,2.732000129763037,2.732000129763037,2.732000129763037,14.70000021904707,1.0,2.6500399112701416,0.0,0.0,13.0,3.000000142492354,3.0150001432048157,14.000000208616257,-40.0,0.0,0.0,-8.557242393493652,0.0,0.0,0.0,1.0,53.0,1050.0,-114.0,98.0,0.0,11.0,0.0,0.0,11.0,10.0,1910.0,98.45360565185547,0.0,0.0,0.0,0.0,0.0,0.0,0.0,0.0,0.0,0.0,0.0,0.0,0.0,0.0,0.0,0.0,13.0,0.0,0.0,0.0,2.0,0
33.26499938964844,229.0,1158.0,39.0,45162.0,0.0,0.0,0.0,44.0,66.0,9.0,0.0,100.0,100.0,100.0,103.0,100.0,103.0,100.0,50.0,50.0,0.0,2.732000129763037,2.732000129763037,2.732000129763037,2.732000129763037,14.70000021904707,1.0,2.6363799571990967,0.0,0.0,13.0,3.000000142492354,2.8600001358427107,14.000000208616257,-60.0,0.0,0.0,-8.557242393493652,0.0,0.0,0.0,1.0,51.0,1050.0,-108.0,98.0,0.0,11.0,0.0,0.0,11.0,10.0,1910.0,98.96372985839844,0.0,0.0,0.0,0.0,0.0,0.0,0.0,0.0,0.0,0.0,0.0,0.0,0.0,0.0,0.0,0.0,13.0,0.0,0.0,0.0,2.0,0
33.332000732421875,229.0,1158.0,39.0,45162.0,0.0,0.0,0.0,44.0,66.0,9.0,0.0,100.0,100.0,100.0,103.0,100.0,103.0,100.0,50.0,50.0,0.0,2.732000129763037,2.732000129763037,2.732000129763037,2.732000129763037,14.70000021904707,1.0,2.6363799571990967,0.0,0.0,13.0,3.000000142492354,3.0150001432048157,14.000000208616257,-60.0,0.0,0.0,-8.557242393493652,0.0,0.0,0.0,1.0,51.0,1050.0,-108.0,98.0,0.0,11.0,0.0,0.0,11.0,10.0,1910.0,98.96372985839844,0.0,0.0,0.0,0.0,0.0,0.0,0.0,0.0,0.0,0.0,0.0,0.0,0.0,0.0,0.0,0.0,13.0,0.0,0.0,0.0,2.0,0
33.39699935913086,229.0,1147.0,39.0,44733.0,0.0,0.0,0.0,44.0,66.0,9.0,0.0,100.0,100.0,100.0,103.0,100.0,103.0,100.0,50.0,50.0,0.0,2.732000129763037,2.732000129763037,2.732000129763037,2.732000129763037,14.70000021904707,1.0,2.6113367080688477,0.0,0.0,13.0,3.000000142492354,3.0150001432048157,14.000000208616257,-110.0,0.0,0.0,-8.557242393493652,0.0,0.0,0.0,1.0,51.0,1050.0,-97.0,98.0,0.0,11.0,0.0,0.0,11.0,10.0,1910.0,99.9128189086914,0.0,0.0,0.0,0.0,0.0,0.0,0.0,0.0,0.0,0.0,0.0,0.0,0.0,0.0,0.0,0.0,13.0,0.0,0.0,0.0,2.0,0
33.46699905395508,229.0,1136.0,39.0,44304.0,0.0,0.0,0.0,44.0,66.0,9.0,0.0,100.0,100.0,100.0,103.0,100.0,103.0,100.0,50.0,50.0,0.0,2.732000129763037,2.732000129763037,2.732000129763037,2.732000129763037,14.70000021904707,1.0,2.5862932205200195,0.0,0.0,13.0,3.000000142492354,2.9170001385500655,14.000000208616257,-110.0,0.0,0.0,-8.557242393493652,0.0,0.0,0.0,1.0,51.0,1050.0,-86.0,98.0,0.0,11.0,0.0,0.0,11.0,10.0,1910.0,100.88027954101562,0.0,0.0,0.0,0.0,0.0,0.0,0.0,0.0,0.0,0.0,0.0,0.0,0.0,0.0,0.0,0.0,13.0,0.0,0.0,0.0,2.0,0
33.5359992980957,229.0,1136.0,39.0,44304.0,0.0,0.0,0.0,44.0,66.0,9.0,0.0,100.0,100.0,100.0,103.0,100.0,103.0,100.0,50.0,50.0,0.0,2.732000129763037,2.732000129763037,2.732000129763037,2.732000129763037,14.70000021904707,1.0,2.5862932205200195,0.0,0.0,13.0,3.000000142492354,3.0150001432048157,14.000000208616257,-110.0,0.0,0.0,-8.557242393493652,0.0,0.0,0.0,1.0,51.0,1050.0,-86.0,98.0,0.0,11.0,0.0,0.0,11.0,10.0,1910.0,100.88027954101562,0.0,0.0,0.0,0.0,0.0,0.0,0.0,0.0,0.0,0.0,0.0,0.0,0.0,0.0,0.0,0.0,13.0,0.0,0.0,0.0,2.0,0
33.60300064086914,229.0,1133.0,39.0,44187.0,0.0,0.0,0.0,44.0,66.0,9.0,0.0,100.0,100.0,100.0,103.0,100.0,103.0,100.0,50.0,50.0,0.0,2.732000129763037,2.732000129763037,2.732000129763037,2.732000129763037,14.70000021904707,1.0,2.579463243484497,0.0,0.0,13.0,3.000000142492354,2.9460001399274915,14.000000208616257,-30.0,0.0,0.0,-8.557242393493652,0.0,0.0,0.0,1.0,54.0,1050.0,-83.0,98.0,0.0,11.0,0.0,0.0,11.0,10.0,1910.0,101.14739990234375,0.0,0.0,0.0,0.0,0.0,0.0,0.0,0.0,0.0,0.0,0.0,0.0,0.0,0.0,0.0,0.0,13.0,0.0,0.0,0.0,2.0,0
33.667999267578125,229.0,1127.0,39.0,43953.0,0.0,0.0,0.0,44.0,66.0,9.0,0.0,100.0,100.0,100.0,103.0,100.0,103.0,100.0,50.0,50.0,0.0,2.732000129763037,2.732000129763037,2.732000129763037,2.732000129763037,14.70000021904707,1.0,2.565803289413452,0.0,0.0,13.0,3.000000142492354,2.8390001348452643,14.000000208616257,-60.0,0.0,0.0,-8.557242393493652,0.0,0.0,0.0,1.0,54.0,1050.0,-77.0,98.0,0.0,11.0,0.0,0.0,11.0,10.0,1910.0,101.6858901977539,0.0,0.0,0.0,0.0,0.0,0.0,0.0,0.0,0.0,0.0,0.0,0.0,0.0,0.0,0.0,0.0,13.0,0.0,0.0,0.0,2.0,0
33.667999267578125,229.0,1127.0,39.0,43953.0,0.0,0.0,0.0,44.0,66.0,9.0,0.0,100.0,100.0,100.0,103.0,100.0,103.0,100.0,50.0,50.0,0.0,2.732000129763037,2.732000129763037,2.732000129763037,2.732000129763037,14.70000021904707,1.0,2.565803289413452,0.0,0.0,13.0,3.000000142492354,3.0030001426348463,14.000000208616257,-60.0,0.0,0.0,-8.557242393493652,0.0,0.0,0.0,1.0,54.0,1050.0,-77.0,98.0,0.0,11.0,0.0,0.0,11.0,10.0,1910.0,101.6858901977539,0.0,0.0,0.0,0.0,0.0,0.0,0.0,0.0,0.0,0.0,0.0,0.0,0.0,0.0,0.0,0.0,13.0,0.0,0.0,0.0,2.0,0
33.79800033569336,229.0,1119.0,39.0,43641.0,0.0,0.0,0.0,44.0,66.0,9.0,0.0,100.0,100.0,100.0,103.0,100.0,103.0,100.0,50.0,50.0,0.0,2.732000129763037,2.732000129763037,2.732000129763037,2.732000129763037,14.70000021904707,1.0,2.5475900173187256,0.0,0.0,13.0,3.000000142492354,2.9660001408774406,14.000000208616257,-80.0,0.0,0.0,-8.557242393493652,0.0,0.0,0.0,1.0,54.0,1050.0,-69.0,98.0,0.0,11.0,0.0,0.0,11.0,10.0,1910.0,102.41287231445312,0.0,0.0,0.0,0.0,0.0,0.0,0.0,0.0,0.0,0.0,0.0,0.0,0.0,0.0,0.0,0.0,13.0,0.0,0.0,0.0,2.0,0
33.86399841308594,229.0,1119.0,40.0,44760.0,0.0,0.0,0.0,44.0,66.0,9.0,0.0,100.0,100.0,100.0,103.0,100.0,103.0,100.0,50.0,50.0,0.0,2.768000131472945,2.768000131472945,2.768000131472945,2.768000131472945,14.70000021904707,1.0,2.581160068511963,0.0,0.0,13.0,3.000000142492354,3.016000143252313,14.000000208616257,-80.0,0.0,0.0,-8.412203788757324,0.0,0.0,0.0,1.0,54.0,1050.0,-69.0,98.0,0.0,11.0,0.0,0.0,11.0,10.0,1910.0,102.41287231445312,0.0,0.0,0.0,0.0,0.0,0.0,0.0,0.0,0.0,0.0,0.0,0.0,0.0,0.0,0.0,0.0,13.0,0.0,0.0,0.0,2.0,0
33.93299865722656,230.0,1112.0,40.0,44480.0,0.0,0.0,0.0,44.0,66.0,9.0,0.0,100.0,100.0,100.0,103.0,100.0,103.0,100.0,50.0,50.0,0.0,2.768000131472945,2.768000131472945,2.768000131472945,2.768000131472945,14.70000021904707,1.0,2.5650134086608887,0.0,0.0,13.0,3.000000142492354,3.0350001441547647,13.90000020712614,0.0,0.0,0.0,-8.412203788757324,0.0,0.0,0.0,1.0,54.0,1050.0,-62.0,98.0,0.0,11.0,0.0,0.0,11.0,10.0,1911.0,103.11151123046875,0.0,0.0,0.0,0.0,0.0,0.0,0.0,0.0,0.0,0.0,0.0,0.0,0.0,0.0,0.0,0.0,13.0,0.0,0.0,0.0,2.0,0
34.0,230.0,1118.0,40.0,44720.0,0.0,0.0,0.0,44.0,66.0,9.0,0.0,100.0,100.0,100.0,103.0,100.0,103.0,100.0,50.0,50.0,0.0,2.768000131472945,2.768000131472945,2.768000131472945,2.768000131472945,14.70000021904707,1.0,2.5788533687591553,0.0,0.0,13.0,3.000000142492354,3.040000144392252,13.90000020712614,-70.0,0.0,0.0,-8.412203788757324,0.0,0.0,0.0,1.0,54.0,1050.0,-68.0,98.0,0.0,11.0,0.0,0.0,11.0,10.0,1911.0,102.55813598632812,0.0,0.0,0.0,0.0,0.0,0.0,0.0,0.0,0.0,0.0,0.0,0.0,0.0,0.0,0.0,0.0,13.0,0.0,0.0,0.0,2.0,0
34.06399917602539,230.0,1118.0,40.0,44720.0,0.0,0.0,0.0,44.0,66.0,9.0,0.0,100.0,100.0,100.0,103.0,100.0,103.0,100.0,50.0,50.0,0.0,2.768000131472945,2.768000131472945,2.768000131472945,2.768000131472945,14.70000021904707,1.0,2.5788533687591553,0.0,0.0,13.0,3.000000142492354,3.0080001428723335,13.90000020712614,-70.0,0.0,0.0,-8.412203788757324,0.0,0.0,0.0,1.0,54.0,1050.0,-68.0,98.0,0.0,11.0,0.0,0.0,11.0,10.0,1911.0,102.55813598632812,0.0,0.0,0.0,0.0,0.0,0.0,0.0,0.0,0.0,0.0,0.0,0.0,0.0,0.0,0.0,0.0,13.0,0.0,0.0,0.0,2.0,0
34.130001068115234,230.0,1122.0,40.0,44880.0,0.0,0.0,0.0,44.0,66.0,9.0,0.0,100.0,100.0,100.0,103.0,100.0,103.0,100.0,50.0,50.0,0.0,2.768000131472945,2.768000131472945,2.768000131472945,2.768000131472945,14.70000021904707,1.0,2.5880799293518066,0.0,0.0,13.0,3.000000142492354,2.925000138930045,14.000000208616257,60.0,0.0,0.0,-8.412203788757324,0.0,0.0,0.0,1.0,54.0,1050.0,-72.0,98.0,0.0,11.0,0.0,0.0,11.0,10.0,1911.0,102.19251251220703,0.0,0.0,0.0,0.0,0.0,0.0,0.0,0.0,0.0,0.0,0.0,0.0,0.0,0.0,0.0,0.0,13.0,0.0,0.0,0.0,2.0,0
34.19599914550781,230.0,1118.0,40.0,44720.0,0.0,0.0,0.0,44.0,66.0,9.0,0.0,100.0,100.0,100.0,103.0,100.0,103.0,100.0,50.0,50.0,0.0,2.768000131472945,2.768000131472945,2.768000131472945,2.768000131472945,14.70000021904707,1.0,2.5788533687591553,0.0,0.0,13.0,3.000000142492354,3.0140001431573182,14.000000208616257,40.0,0.0,0.0,-8.412203788757324,0.0,0.0,0.0,1.0,53.0,1050.0,-68.0,98.0,0.0,11.0,0.0,0.0,11.0,10.0,1911.0,102.55813598632812,0.0,0.0,0.0,0.0,0.0,0.0,0.0,0.0,0.0,0.0,0.0,0.0,0.0,0.0,0.0,0.0,13.0,0.0,0.0,0.0,2.0,0
34.26499938964844,230.0,1118.0,40.0,44720.0,0.0,0.0,0.0,44.0,66.0,9.0,0.0,100.0,100.0,100.0,103.0,100.0,103.0,100.0,50.0,50.0,0.0,2.768000131472945,2.768000131472945,2.768000131472945,2.768000131472945,14.70000021904707,1.0,2.5788533687591553,0.0,0.0,13.0,3.000000142492354,3.0230001435847953,14.000000208616257,40.0,0.0,0.0,-8.412203788757324,0.0,0.0,0.0,1.0,53.0,1050.0,-68.0,98.0,0.0,11.0,0.0,0.0,11.0,10.0,1911.0,102.55813598632812,0.0,0.0,0.0,0.0,0.0,0.0,0.0,0.0,0.0,0.0,0.0,0.0,0.0,0.0,0.0,0.0,13.0,0.0,0.0,0.0,2.0,0
34.26499938964844,230.0,1125.0,40.0,45000.0,0.0,0.0,0.0,44.0,66.0,9.0,0.0,100.0,100.0,100.0,103.0,100.0,103.0,100.0,50.0,50.0,0.0,2.768000131472945,2.768000131472945,2.768000131472945,2.768000131472945,14.70000021904707,1.0,2.5950000286102295,0.0,0.0,13.0,3.000000142492354,3.0860001465771347,14.000000208616257,-40.0,0.0,0.0,-8.412203788757324,0.0,0.0,0.0,1.0,53.0,1050.0,-75.0,98.0,0.0,11.0,0.0,0.0,11.0,10.0,1911.0,101.91999816894531,0.0,0.0,0.0,0.0,0.0,0.0,0.0,0.0,0.0,0.0,0.0,0.0,0.0,0.0,0.0,0.0,13.0,0.0,0.0,0.0,2.0,0
34.4010009765625,230.0,1125.0,40.0,45000.0,0.0,0.0,0.0,44.0,66.0,9.0,0.0,100.0,100.0,100.0,103.0,100.0,103.0,100.0,50.0,50.0,0.0,2.768000131472945,2.768000131472945,2.768000131472945,2.768000131472945,14.70000021904707,1.0,2.5950000286102295,0.0,0.0,13.0,3.000000142492354,3.0150001432048157,13.90000020712614,70.0,0.0,0.0,-8.412203788757324,0.0,0.0,0.0,1.0,53.0,1050.0,-75.0,98.0,0.0,11.0,0.0,0.0,11.0,10.0,1911.0,101.91999816894531,0.0,0.0,0.0,0.0,0.0,0.0,0.0,0.0,0.0,0.0,0.0,0.0,0.0,0.0,0.0,0.0,13.0,0.0,0.0,0.0,2.0,0
34.465999603271484,230.0,1125.0,40.0,45000.0,0.0,0.0,0.0,44.0,66.0,9.0,0.0,100.0,100.0,100.0,103.0,100.0,103.0,100.0,50.0,50.0,0.0,2.768000131472945,2.768000131472945,2.768000131472945,2.768000131472945,14.70000021904707,1.0,2.5950000286102295,0.0,0.0,13.0,3.000000142492354,2.916000138502568,13.90000020712614,70.0,0.0,0.0,-8.412203788757324,0.0,0.0,0.0,1.0,53.0,1050.0,-75.0,98.0,0.0,11.0,0.0,0.0,11.0,10.0,1911.0,101.91999816894531,0.0,0.0,0.0,0.0,0.0,0.0,0.0,0.0,0.0,0.0,0.0,0.0,0.0,0.0,0.0,0.0,13.0,0.0,0.0,0.0,2.0,0
34.53099822998047,230.0,1127.0,39.0,43953.0,0.0,0.0,0.0,44.0,66.0,9.0,0.0,100.0,100.0,100.0,103.0,100.0,103.0,100.0,50.0,50.0,0.0,2.732000129763037,2.732000129763037,2.732000129763037,2.732000129763037,14.70000021904707,1.0,2.565803289413452,0.0,0.0,13.0,3.000000142492354,2.976000141352415,13.90000020712614,0.0,0.0,0.0,-8.557242393493652,0.0,0.0,0.0,1.0,52.0,1050.0,-77.0,98.0,0.0,11.0,0.0,0.0,11.0,10.0,1911.0,101.73912811279297,0.0,0.0,0.0,0.0,0.0,0.0,0.0,0.0,0.0,0.0,0.0,0.0,0.0,0.0,0.0,0.0,13.0,0.0,0.0,0.0,2.0,0
34.597999572753906,230.0,1127.0,39.0,43953.0,0.0,0.0,0.0,44.0,66.0,9.0,0.0,100.0,100.0,100.0,103.0,100.0,103.0,100.0,50.0,50.0,0.0,2.732000129763037,2.732000129763037,2.732000129763037,2.732000129763037,14.70000021904707,1.0,2.565803289413452,0.0,0.0,13.0,3.000000142492354,3.016000143252313,13.90000020712614,20.0,0.0,0.0,-8.557242393493652,0.0,0.0,0.0,1.0,52.0,1050.0,-77.0,98.0,0.0,11.0,0.0,0.0,11.0,10.0,1911.0,101.73912811279297,0.0,0.0,0.0,0.0,0.0,0.0,0.0,0.0,0.0,0.0,0.0,0.0,0.0,0.0,0.0,0.0,13.0,0.0,0.0,0.0,2.0,0
34.66699981689453,230.0,1128.0,39.0,43992.0,0.0,0.0,0.0,44.0,66.0,9.0,0.0,100.0,100.0,100.0,103.0,100.0,103.0,100.0,50.0,50.0,0.0,2.732000129763037,2.732000129763037,2.732000129763037,2.732000129763037,14.70000021904707,1.0,2.568079948425293,0.0,0.0,13.0,3.000000142492354,2.9320001392625272,13.90000020712614,20.0,0.0,0.0,-8.557242393493652,0.0,0.0,0.0,1.0,52.0,1050.0,-78.0,98.0,0.0,11.0,0.0,0.0,11.0,10.0,1911.0,101.64893341064453,0.0,0.0,0.0,0.0,0.0,0.0,0.0,0.0,0.0,0.0,0.0,0.0,0.0,0.0,0.0,0.0,13.0,0.0,0.0,0.0,2.0,0
34.733001708984375,230.0,1115.0,39.0,43485.0,0.0,0.0,0.0,44.0,66.0,9.0,0.0,100.0,100.0,100.0,103.0,100.0,103.0,100.0,50.0,50.0,0.0,2.732000129763037,2.732000129763037,2.732000129763037,2.732000129763037,14.70000021904707,1.0,2.5384833812713623,0.0,0.0,13.0,3.000000142492354,2.9410001396900043,13.90000020712614,10.0,0.0,0.0,-8.557242393493652,0.0,0.0,0.0,1.0,52.0,1050.0,-65.0,98.0,0.0,11.0,0.0,0.0,11.0,10.0,1911.0,102.8340835571289,0.0,0.0,0.0,0.0,0.0,0.0,0.0,0.0,0.0,0.0,0.0,0.0,0.0,0.0,0.0,0.0,13.0,0.0,0.0,0.0,2.0,0
34.801998138427734,230.0,1115.0,39.0,43485.0,0.0,0.0,0.0,44.0,66.0,9.0,0.0,100.0,100.0,100.0,103.0,100.0,103.0,100.0,50.0,50.0,0.0,2.732000129763037,2.732000129763037,2.732000129763037,2.732000129763037,14.70000021904707,1.0,2.5384833812713623,0.0,0.0,13.0,3.000000142492354,3.0210001434898004,13.90000020712614,-130.0,0.0,0.0,-8.557242393493652,0.0,0.0,0.0,1.0,52.0,1050.0,-65.0,98.0,0.0,11.0,0.0,0.0,11.0,10.0,1911.0,102.8340835571289,0.0,0.0,0.0,0.0,0.0,0.0,0.0,0.0,0.0,0.0,0.0,0.0,0.0,0.0,0.0,0.0,13.0,0.0,0.0,0.0,2.0,0
34.867000579833984,230.0,1117.0,39.0,43563.0,0.0,0.0,0.0,44.0,66.0,9.0,0.0,100.0,100.0,100.0,103.0,100.0,103.0,100.0,50.0,50.0,0.0,2.732000129763037,2.732000129763037,2.732000129763037,2.732000129763037,14.70000021904707,1.0,2.543036699295044,0.0,0.0,13.0,3.000000142492354,2.9130001383600757,13.90000020712614,-130.0,0.0,0.0,-8.557242393493652,0.0,0.0,0.0,1.0,52.0,1050.0,-67.0,98.0,0.0,11.0,0.0,0.0,11.0,10.0,1911.0,102.64995574951172,0.0,0.0,0.0,0.0,0.0,0.0,0.0,0.0,0.0,0.0,0.0,0.0,0.0,0.0,0.0,0.0,13.0,0.0,0.0,0.0,2.0,0
34.93299865722656,231.0,1117.0,39.0,43563.0,0.0,0.0,0.0,44.0,66.0,9.0,0.0,100.0,100.0,100.0,103.0,100.0,103.0,100.0,50.0,50.0,0.0,2.732000129763037,2.732000129763037,2.732000129763037,2.732000129763037,14.70000021904707,1.0,2.543036699295044,0.0,0.0,13.0,3.000000142492354,3.0150001432048157,13.90000020712614,20.0,0.0,0.0,-8.557242393493652,0.0,0.0,0.0,1.0,52.0,1050.0,-67.0,98.0,0.0,11.0,0.0,0.0,11.0,10.0,1905.0,102.3276596069336,0.0,0.0,0.0,0.0,0.0,0.0,0.0,0.0,0.0,0.0,0.0,0.0,0.0,0.0,0.0,0.0,13.0,0.0,0.0,0.0,2.0,0
35.0,231.0,1115.0,39.0,43485.0,0.0,0.0,0.0,44.0,66.0,9.0,0.0,100.0,100.0,100.0,103.0,100.0,103.0,100.0,50.0,50.0,0.0,2.732000129763037,2.732000129763037,2.732000129763037,2.732000129763037,14.70000021904707,1.0,2.5384833812713623,0.0,0.0,13.0,3.000000142492354,3.0150001432048157,13.90000020712614,-20.0,0.0,0.0,-8.557242393493652,0.0,0.0,0.0,1.0,52.0,1050.0,-65.0,98.0,0.0,11.0,0.0,0.0,11.0,10.0,1905.0,102.5112075805664,0.0,0.0,0.0,0.0,0.0,0.0,0.0,0.0,0.0,0.0,0.0,0.0,0.0,0.0,0.0,0.0,13.0,0.0,0.0,0.0,2.0,0
35.069000244140625,231.0,1113.0,39.0,43407.0,0.0,0.0,0.0,44.0,66.0,9.0,0.0,100.0,100.0,100.0,103.0,100.0,103.0,100.0,50.0,50.0,0.0,2.732000129763037,2.732000129763037,2.732000129763037,2.732000129763037,14.70000021904707,1.0,2.5339300632476807,0.0,0.0,13.0,3.000000142492354,3.0370001442497596,13.90000020712614,-20.0,0.0,0.0,-8.557242393493652,0.0,0.0,0.0,1.0,52.0,1050.0,-63.0,98.0,0.0,11.0,0.0,0.0,11.0,10.0,1905.0,102.69541931152344,0.0,0.0,0.0,0.0,0.0,0.0,0.0,0.0,0.0,0.0,0.0,0.0,0.0,0.0,0.0,0.0,13.0,0.0,0.0,0.0,2.0,0
35.13399887084961,231.0,1113.0,39.0,43407.0,0.0,0.0,0.0,44.0,66.0,9.0,0.0,100.0,100.0,100.0,103.0,100.0,103.0,100.0,50.0,50.0,0.0,2.732000129763037,2.732000129763037,2.732000129763037,2.732000129763037,14.70000021904707,1.0,2.5339300632476807,0.0,0.0,13.0,3.000000142492354,3.0190001433948055,13.90000020712614,-20.0,0.0,0.0,-8.557242393493652,0.0,0.0,0.0,1.0,52.0,1050.0,-63.0,98.0,0.0,11.0,0.0,0.0,11.0,10.0,1905.0,102.69541931152344,0.0,0.0,0.0,0.0,0.0,0.0,0.0,0.0,0.0,0.0,0.0,0.0,0.0,0.0,0.0,0.0,13.0,0.0,0.0,0.0,2.0,0
35.19900131225586,231.0,1121.0,39.0,43719.0,0.0,0.0,0.0,44.0,66.0,9.0,0.0,100.0,100.0,100.0,103.0,100.0,103.0,100.0,50.0,50.0,0.0,2.732000129763037,2.732000129763037,2.732000129763037,2.732000129763037,14.70000021904707,1.0,2.5521433353424072,0.0,0.0,13.0,3.000000142492354,2.878000136697665,14.000000208616257,80.0,0.0,0.0,-8.557242393493652,0.0,0.0,0.0,1.0,52.0,1050.0,-71.0,98.0,0.0,11.0,0.0,0.0,11.0,10.0,1905.0,101.96253204345703,0.0,0.0,0.0,0.0,0.0,0.0,0.0,0.0,0.0,0.0,0.0,0.0,0.0,0.0,0.0,0.0,13.0,0.0,0.0,0.0,2.0,0
35.263999938964844,231.0,1120.0,39.0,43680.0,0.0,0.0,0.0,44.0,66.0,9.0,0.0,100.0,100.0,100.0,103.0,100.0,103.0,100.0,50.0,50.0,0.0,2.732000129763037,2.732000129763037,2.732000129763037,2.732000129763037,14.70000021904707,1.0,2.5498666763305664,0.0,0.0,13.0,3.000000142492354,3.0140001431573182,14.000000208616257,80.0,0.0,0.0,-8.557242393493652,0.0,0.0,0.0,1.0,52.0,1050.0,-70.0,98.0,0.0,11.0,0.0,0.0,11.0,10.0,1905.0,102.05357360839844,0.0,0.0,0.0,0.0,0.0,0.0,0.0,0.0,0.0,0.0,0.0,0.0,0.0,0.0,0.0,0.0,13.0,0.0,0.0,0.0,2.0,0
35.334999084472656,231.0,1120.0,39.0,43680.0,0.0,0.0,0.0,44.0,66.0,9.0,0.0,100.0,100.0,100.0,103.0,100.0,103.0,100.0,50.0,50.0,0.0,2.732000129763037,2.732000129763037,2.732000129763037,2.732000129763037,14.70000021904707,1.0,2.5498666763305664,0.0,0.0,13.0,3.000000142492354,3.02900014386978,14.000000208616257,-10.0,0.0,0.0,-8.557242393493652,0.0,0.0,0.0,1.0,52.0,1050.0,-70.0,98.0,0.0,11.0,0.0,0.0,11.0,10.0,1905.0,102.05357360839844,0.0,0.0,0.0,0.0,0.0,0.0,0.0,0.0,0.0,0.0,0.0,0.0,0.0,0.0,0.0,0.0,13.0,0.0,0.0,0.0,2.0,0
35.400001525878906,231.0,1120.0,39.0,43680.0,0.0,0.0,0.0,44.0,66.0,9.0,0.0,100.0,100.0,100.0,103.0,100.0,103.0,100.0,50.0,50.0,0.0,2.732000129763037,2.732000129763037,2.732000129763037,2.732000129763037,14.70000021904707,1.0,2.5498666763305664,0.0,0.0,13.0,3.000000142492354,2.9840001417323947,14.000000208616257,0.0,0.0,0.0,-8.557242393493652,0.0,0.0,0.0,1.0,50.0,1050.0,-70.0,98.0,0.0,11.0,0.0,0.0,11.0,10.0,1905.0,102.05357360839844,0.0,0.0,0.0,0.0,0.0,0.0,0.0,0.0,0.0,0.0,0.0,0.0,0.0,0.0,0.0,0.0,13.0,0.0,0.0,0.0,2.0,0
35.400001525878906,231.0,1120.0,39.0,43680.0,0.0,0.0,0.0,44.0,66.0,9.0,0.0,100.0,100.0,100.0,103.0,100.0,103.0,100.0,50.0,50.0,0.0,2.732000129763037,2.732000129763037,2.732000129763037,2.732000129763037,14.70000021904707,1.0,2.5498666763305664,0.0,0.0,13.0,3.000000142492354,3.016000143252313,14.000000208616257,0.0,0.0,0.0,-8.557242393493652,0.0,0.0,0.0,1.0,50.0,1050.0,-70.0,98.0,0.0,11.0,0.0,0.0,11.0,10.0,1905.0,102.05357360839844,0.0,0.0,0.0,0.0,0.0,0.0,0.0,0.0,0.0,0.0,0.0,0.0,0.0,0.0,0.0,0.0,13.0,0.0,0.0,0.0,2.0,0
35.53200149536133,231.0,1119.0,39.0,43641.0,0.0,0.0,0.0,44.0,66.0,9.0,0.0,100.0,100.0,100.0,103.0,100.0,103.0,100.0,50.0,50.0,0.0,2.732000129763037,2.732000129763037,2.732000129763037,2.732000129763037,14.70000021904707,1.0,2.5475900173187256,0.0,0.0,13.0,3.000000142492354,3.0390001443447545,14.000000208616257,-10.0,0.0,0.0,-8.557242393493652,0.0,0.0,0.0,1.0,50.0,1050.0,-69.0,98.0,0.0,11.0,0.0,0.0,11.0,10.0,1905.0,102.144775390625,0.0,0.0,0.0,0.0,0.0,0.0,0.0,0.0,0.0,0.0,0.0,0.0,0.0,0.0,0.0,0.0,13.0,0.0,0.0,0.0,2.0,0
35.60100173950195,231.0,1111.0,39.0,43329.0,0.0,0.0,0.0,44.0,66.0,9.0,0.0,100.0,100.0,100.0,103.0,100.0,103.0,100.0,50.0,50.0,0.0,2.732000129763037,2.732000129763037,2.732000129763037,2.732000129763037,14.70000021904707,1.0,2.529376745223999,0.0,0.0,13.0,3.000000142492354,2.9590001405449584,14.000000208616257,-80.0,0.0,0.0,-8.557242393493652,0.0,0.0,0.0,1.0,50.0,1050.0,-61.0,98.0,0.0,11.0,0.0,0.0,11.0,10.0,1905.0,102.88028717041016,0.0,0.0,0.0,0.0,0.0,0.0,0.0,0.0,0.0,0.0,0.0,0.0,0.0,0.0,0.0,0.0,13.0,0.0,0.0,0.0,2.0,0
35.66699981689453,231.0,1111.0,39.0,43329.0,0.0,0.0,0.0,44.0,66.0,9.0,0.0,100.0,100.0,100.0,103.0,100.0,103.0,100.0,50.0,50.0,0.0,2.732000129763037,2.732000129763037,2.732000129763037,2.732000129763037,14.70000021904707,1.0,2.529376745223999,0.0,0.0,13.0,3.000000142492354,3.018000143347308,14.000000208616257,-80.0,0.0,0.0,-8.557242393493652,0.0,0.0,0.0,1.0,50.0,1050.0,-61.0,98.0,0.0,11.0,0.0,0.0,11.0,10.0,1905.0,102.88028717041016,0.0,0.0,0.0,0.0,0.0,0.0,0.0,0.0,0.0,0.0,0.0,0.0,0.0,0.0,0.0,0.0,13.0,0.0,0.0,0.0,2.0,0
35.736000061035156,231.0,1108.0,39.0,43212.0,0.0,0.0,0.0,44.0,66.0,9.0,0.0,100.0,100.0,100.0,103.0,100.0,103.0,100.0,50.0,50.0,0.0,2.732000129763037,2.732000129763037,2.732000129763037,2.732000129763037,14.70000021904707,1.0,2.5225467681884766,0.0,0.0,13.0,3.000000142492354,3.062000145437196,14.000000208616257,-30.0,0.0,0.0,-8.557242393493652,0.0,0.0,0.0,1.0,51.0,1050.0,-58.0,98.0,0.0,11.0,0.0,0.0,11.0,10.0,1905.0,103.15884399414062,0.0,0.0,0.0,0.0,0.0,0.0,0.0,0.0,0.0,0.0,0.0,0.0,0.0,0.0,0.0,0.0,13.0,0.0,0.0,0.0,2.0,0
35.80099868774414,231.0,1108.0,39.0,43212.0,0.0,0.0,0.0,44.0,66.0,9.0,0.0,100.0,100.0,100.0,103.0,100.0,103.0,100.0,50.0,50.0,0.0,2.732000129763037,2.732000129763037,2.732000129763037,2.732000129763037,14.70000021904707,1.0,2.5225467681884766,0.0,0.0,13.0,3.000000142492354,3.016000143252313,14.000000208616257,0.0,0.0,0.0,-8.557242393493652,0.0,0.0,0.0,1.0,51.0,1050.0,-58.0,98.0,0.0,11.0,0.0,0.0,11.0,10.0,1905.0,103.15884399414062,0.0,0.0,0.0,0.0,0.0,0.0,0.0,0.0,0.0,0.0,0.0,0.0,0.0,0.0,0.0,0.0,13.0,0.0,0.0,0.0,2.0,0
35.86800003051758,231.0,1102.0,39.0,42978.0,0.0,0.0,0.0,44.0,66.0,9.0,0.0,100.0,100.0,100.0,103.0,100.0,103.0,100.0,50.0,50.0,0.0,2.732000129763037,2.732000129763037,2.732000129763037,2.732000129763037,14.70000021904707,1.0,2.5088865756988525,0.0,0.0,13.0,3.000000142492354,3.036000144202262,14.000000208616257,0.0,0.0,0.0,-8.557242393493652,0.0,0.0,0.0,1.0,51.0,1050.0,-52.0,98.0,0.0,11.0,0.0,0.0,11.0,10.0,1905.0,103.72050476074219,0.0,0.0,0.0,0.0,0.0,0.0,0.0,0.0,0.0,0.0,0.0,0.0,0.0,0.0,0.0,0.0,13.0,0.0,0.0,0.0,2.0,0
35.93299865722656,232.0,1103.0,39.0,43017.0,0.0,0.0,0.0,44.0,66.0,9.0,0.0,100.0,100.0,100.0,103.0,100.0,103.0,100.0,50.0,50.0,0.0,2.732000129763037,2.732000129763037,2.732000129763037,2.732000129763037,14.70000021904707,1.0,2.5111632347106934,0.0,0.0,13.0,3.000000142492354,3.0550001451047137,14.000000208616257,-60.0,0.0,0.0,-8.557242393493652,0.0,0.0,0.0,1.0,51.0,1050.0,-53.0,98.0,0.0,11.0,0.0,0.0,11.0,10.0,1914.0,104.11605072021484,0.0,0.0,0.0,0.0,0.0,0.0,0.0,0.0,0.0,0.0,0.0,0.0,0.0,0.0,0.0,0.0,13.0,0.0,0.0,0.0,2.0,0
35.99700164794922,232.0,1103.0,39.0,43017.0,0.0,0.0,0.0,44.0,66.0,9.0,0.0,100.0,100.0,100.0,103.0,100.0,103.0,100.0,50.0,50.0,0.0,2.732000129763037,2.732000129763037,2.732000129763037,2.732000129763037,14.70000021904707,1.0,2.5111632347106934,0.0,0.0,13.0,3.000000142492354,3.016000143252313,14.000000208616257,10.0,0.0,0.0,-8.557242393493652,0.0,0.0,0.0,1.0,51.0,1050.0,-53.0,98.0,0.0,11.0,0.0,0.0,11.0,10.0,1914.0,104.11605072021484,0.0,0.0,0.0,0.0,0.0,0.0,0.0,0.0,0.0,0.0,0.0,0.0,0.0,0.0,0.0,0.0,13.0,0.0,0.0,0.0,2.0,0
36.06700134277344,232.0,1108.0,39.0,43212.0,0.0,0.0,0.0,44.0,66.0,9.0,0.0,100.0,100.0,100.0,103.0,100.0,103.0,100.0,50.0,50.0,0.0,2.732000129763037,2.732000129763037,2.732000129763037,2.732000129763037,14.70000021904707,1.0,2.5225467681884766,0.0,0.0,13.0,3.000000142492354,3.0860001465771347,14.000000208616257,10.0,0.0,0.0,-8.557242393493652,0.0,0.0,0.0,1.0,50.0,1050.0,-58.0,98.0,0.0,11.0,0.0,0.0,11.0,10.0,1914.0,103.64620971679688,0.0,0.0,0.0,0.0,0.0,0.0,0.0,0.0,0.0,0.0,0.0,0.0,0.0,0.0,0.0,0.0,13.0,0.0,0.0,0.0,2.0,0
36.132999420166016,232.0,1107.0,39.0,43173.0,0.0,0.0,0.0,44.0,66.0,9.0,0.0,100.0,100.0,100.0,103.0,100.0,103.0,100.0,50.0,50.0,0.0,2.732000129763037,2.732000129763037,2.732000129763037,2.732000129763037,14.70000021904707,1.0,2.5202701091766357,0.0,0.0,13.0,3.000000142492354,2.8990001376951113,14.000000208616257,50.0,0.0,0.0,-8.557242393493652,0.0,0.0,0.0,1.0,50.0,1050.0,-57.0,98.0,0.0,11.0,0.0,0.0,11.0,10.0,1914.0,103.73983764648438,0.0,0.0,0.0,0.0,0.0,0.0,0.0,0.0,0.0,0.0,0.0,0.0,0.0,0.0,0.0,0.0,13.0,0.0,0.0,0.0,2.0,0
36.20199966430664,232.0,1107.0,39.0,43173.0,0.0,0.0,0.0,44.0,66.0,9.0,0.0,100.0,100.0,100.0,103.0,100.0,103.0,100.0,50.0,50.0,0.0,2.732000129763037,2.732000129763037,2.732000129763037,2.732000129763037,14.70000021904707,1.0,2.5202701091766357,0.0,0.0,13.0,3.000000142492354,3.0260001437272877,14.000000208616257,-10.0,0.0,0.0,-8.557242393493652,0.0,0.0,0.0,1.0,50.0,1050.0,-57.0,98.0,0.0,11.0,0.0,0.0,11.0,10.0,1914.0,103.73983764648438,0.0,0.0,0.0,0.0,0.0,0.0,0.0,0.0,0.0,0.0,0.0,0.0,0.0,0.0,0.0,0.0,13.0,0.0,0.0,0.0,2.0,0
36.26900100708008,232.0,1102.0,39.0,42978.0,0.0,0.0,0.0,44.0,66.0,9.0,0.0,100.0,100.0,100.0,103.0,100.0,103.0,100.0,50.0,50.0,0.0,2.732000129763037,2.732000129763037,2.732000129763037,2.732000129763037,14.70000021904707,1.0,2.5088865756988525,0.0,0.0,13.0,3.000000142492354,3.129000148619525,14.000000208616257,-10.0,0.0,0.0,-8.557242393493652,0.0,0.0,0.0,1.0,50.0,1050.0,-52.0,98.0,0.0,11.0,0.0,0.0,11.0,10.0,1914.0,104.21052551269531,0.0,0.0,0.0,0.0,0.0,0.0,0.0,0.0,0.0,0.0,0.0,0.0,0.0,0.0,0.0,0.0,13.0,0.0,0.0,0.0,2.0,0
36.33300018310547,232.0,1102.0,39.0,42978.0,0.0,0.0,0.0,44.0,66.0,9.0,0.0,100.0,100.0,100.0,103.0,100.0,103.0,100.0,50.0,50.0,0.0,2.732000129763037,2.732000129763037,2.732000129763037,2.732000129763037,14.70000021904707,1.0,2.5088865756988525,0.0,0.0,13.0,3.000000142492354,3.016000143252313,14.000000208616257,-50.0,0.0,0.0,-8.557242393493652,0.0,0.0,0.0,1.0,50.0,1050.0,-52.0,98.0,0.0,11.0,0.0,0.0,11.0,10.0,1914.0,104.21052551269531,0.0,0.0,0.0,0.0,0.0,0.0,0.0,0.0,0.0,0.0,0.0,0.0,0.0,0.0,0.0,0.0,13.0,0.0,0.0,0.0,2.0,0
36.39899826049805,232.0,1101.0,39.0,42939.0,0.0,0.0,0.0,44.0,66.0,9.0,0.0,100.0,100.0,100.0,103.0,100.0,103.0,100.0,50.0,50.0,0.0,2.732000129763037,2.732000129763037,2.732000129763037,2.732000129763037,14.70000021904707,1.0,2.5066099166870117,0.0,0.0,13.0,3.000000142492354,3.107000147574581,14.000000208616257,-50.0,0.0,0.0,-8.557242393493652,0.0,0.0,0.0,1.0,50.0,1050.0,-51.0,98.0,0.0,11.0,0.0,0.0,11.0,10.0,1914.0,104.30517578125,0.0,0.0,0.0,0.0,0.0,0.0,0.0,0.0,0.0,0.0,0.0,0.0,0.0,0.0,0.0,0.0,13.0,0.0,0.0,0.0,2.0,0
36.465999603271484,232.0,1098.0,39.0,42822.0,0.0,0.0,0.0,44.0,66.0,9.0,0.0,100.0,100.0,100.0,103.0,100.0,103.0,100.0,50.0,50.0,0.0,2.732000129763037,2.732000129763037,2.732000129763037,2.732000129763037,14.70000021904707,1.0,2.4997799396514893,0.0,0.0,13.0,3.000000142492354,3.0370001442497596,14.000000208616257,-10.0,0.0,0.0,-8.557242393493652,0.0,0.0,0.0,1.0,50.0,1050.0,-48.0,98.0,0.0,11.0,0.0,0.0,11.0,10.0,1914.0,104.59016418457031,0.0,0.0,0.0,0.0,0.0,0.0,0.0,0.0,0.0,0.0,0.0,0.0,0.0,0.0,0.0,0.0,13.0,0.0,0.0,0.0,2.0,0
36.53499984741211,232.0,1098.0,39.0,42822.0,0.0,0.0,0.0,44.0,66.0,9.0,0.0,100.0,100.0,100.0,103.0,100.0,103.0,100.0,50.0,50.0,0.0,2.732000129763037,2.732000129763037,2.732000129763037,2.732000129763037,14.70000021904707,1.0,2.4997799396514893,0.0,0.0,13.0,3.000000142492354,3.0240001436322927,14.000000208616257,-30.0,0.0,0.0,-8.557242393493652,0.0,0.0,0.0,1.0,50.0,1050.0,-48.0,98.0,0.0,11.0,0.0,0.0,11.0,10.0,1914.0,104.59016418457031,0.0,0.0,0.0,0.0,0.0,0.0,0.0,0.0,0.0,0.0,0.0,0.0,0.0,0.0,0.0,0.0,13.0,0.0,0.0,0.0,2.0,0
36.5989990234375,232.0,1108.0,39.0,43212.0,0.0,0.0,0.0,44.0,66.0,9.0,0.0,100.0,100.0,100.0,103.0,100.0,103.0,100.0,50.0,50.0,0.0,2.732000129763037,2.732000129763037,2.732000129763037,2.732000129763037,14.70000021904707,1.0,2.5225467681884766,0.0,0.0,13.0,3.000000142492354,2.976000141352415,14.000000208616257,-30.0,0.0,0.0,-8.557242393493652,0.0,0.0,0.0,1.0,50.0,1050.0,-58.0,98.0,0.0,11.0,0.0,0.0,11.0,10.0,1914.0,103.64620971679688,0.0,0.0,0.0,0.0,0.0,0.0,0.0,0.0,0.0,0.0,0.0,0.0,0.0,0.0,0.0,0.0,13.0,0.0,0.0,0.0,2.0,0
36.66699981689453,232.0,1108.0,39.0,43212.0,0.0,0.0,0.0,44.0,66.0,9.0,0.0,100.0,100.0,100.0,103.0,100.0,103.0,100.0,50.0,50.0,0.0,2.732000129763037,2.732000129763037,2.732000129763037,2.732000129763037,14.70000021904707,1.0,2.5225467681884766,0.0,0.0,13.0,3.000000142492354,3.0150001432048157,14.000000208616257,100.0,0.0,0.0,-8.557242393493652,0.0,0.0,0.0,1.0,48.0,1050.0,-58.0,98.0,0.0,11.0,0.0,0.0,11.0,10.0,1914.0,103.64620971679688,0.0,0.0,0.0,0.0,0.0,0.0,0.0,0.0,0.0,0.0,0.0,0.0,0.0,0.0,0.0,0.0,13.0,0.0,0.0,0.0,2.0,0
36.73500061035156,232.0,1101.0,39.0,42939.0,0.0,0.0,0.0,44.0,66.0,9.0,0.0,100.0,100.0,100.0,103.0,100.0,103.0,100.0,50.0,50.0,0.0,2.732000129763037,2.732000129763037,2.732000129763037,2.732000129763037,14.70000021904707,1.0,2.5066099166870117,0.0,0.0,13.0,3.000000142492354,3.0150001432048157,14.000000208616257,-70.0,0.0,0.0,-8.557242393493652,0.0,0.0,0.0,1.0,48.0,1050.0,-51.0,98.0,0.0,11.0,0.0,0.0,11.0,10.0,1914.0,104.30517578125,0.0,0.0,0.0,0.0,0.0,0.0,0.0,0.0,0.0,0.0,0.0,0.0,0.0,0.0,0.0,0.0,13.0,0.0,0.0,0.0,2.0,0
36.79999923706055,232.0,1098.0,39.0,42822.0,0.0,0.0,0.0,44.0,66.0,9.0,0.0,100.0,100.0,100.0,103.0,100.0,103.0,100.0,50.0,50.0,0.0,2.732000129763037,2.732000129763037,2.732000129763037,2.732000129763037,14.70000021904707,1.0,2.4997799396514893,0.0,0.0,13.0,3.000000142492354,3.13500014890451,14.000000208616257,-70.0,0.0,0.0,-8.557242393493652,0.0,0.0,0.0,1.0,48.0,1050.0,-48.0,98.0,0.0,11.0,0.0,0.0,11.0,10.0,1914.0,104.59016418457031,0.0,0.0,0.0,0.0,0.0,0.0,0.0,0.0,0.0,0.0,0.0,0.0,0.0,0.0,0.0,0.0,13.0,0.0,0.0,0.0,2.0,0
36.867000579833984,232.0,1098.0,39.0,42822.0,0.0,0.0,0.0,44.0,66.0,9.0,0.0,100.0,100.0,100.0,103.0,100.0,103.0,100.0,50.0,50.0,0.0,2.732000129763037,2.732000129763037,2.732000129763037,2.732000129763037,14.70000021904707,1.0,2.4997799396514893,0.0,0.0,13.0,3.000000142492354,3.0300001439172775,14.000000208616257,-30.0,0.0,0.0,-8.557242393493652,0.0,0.0,0.0,1.0,48.0,1050.0,-48.0,98.0,0.0,11.0,0.0,0.0,11.0,10.0,1914.0,104.59016418457031,0.0,0.0,0.0,0.0,0.0,0.0,0.0,0.0,0.0,0.0,0.0,0.0,0.0,0.0,0.0,0.0,13.0,0.0,0.0,0.0,2.0,0
36.93199920654297,233.0,1094.0,39.0,42666.0,0.0,0.0,0.0,44.0,66.0,9.0,0.0,100.0,100.0,100.0,103.0,100.0,103.0,100.0,50.0,50.0,0.0,2.732000129763037,2.732000129763037,2.732000129763037,2.732000129763037,14.70000021904707,1.0,2.490673303604126,0.0,0.0,13.0,3.000000142492354,3.1080001476220787,14.000000208616257,-40.0,0.0,0.0,-8.557242393493652,0.0,0.0,0.0,1.0,50.0,1050.0,-44.0,98.0,0.0,11.0,0.0,0.0,11.0,10.0,1910.0,104.7531967163086,0.0,0.0,0.0,0.0,0.0,0.0,0.0,0.0,0.0,0.0,0.0,0.0,0.0,0.0,0.0,0.0,13.0,0.0,0.0,0.0,2.0,0
37.000999450683594,233.0,1084.0,39.0,42276.0,0.0,0.0,0.0,44.0,66.0,9.0,0.0,100.0,100.0,100.0,103.0,100.0,103.0,100.0,50.0,50.0,0.0,2.732000129763037,2.732000129763037,2.732000129763037,2.732000129763037,14.70000021904707,1.0,2.4679067134857178,0.0,0.0,13.0,3.000000142492354,3.0170001432998106,14.000000208616257,-40.0,0.0,0.0,-8.557242393493652,0.0,0.0,0.0,1.0,50.0,1050.0,-34.0,98.0,0.0,11.0,0.0,0.0,11.0,10.0,1910.0,105.71955871582031,0.0,0.0,0.0,0.0,0.0,0.0,0.0,0.0,0.0,0.0,0.0,0.0,0.0,0.0,0.0,0.0,13.0,0.0,0.0,0.0,2.0,0
37.06700134277344,233.0,1084.0,39.0,42276.0,0.0,0.0,0.0,44.0,66.0,9.0,0.0,100.0,100.0,100.0,103.0,100.0,103.0,100.0,50.0,50.0,0.0,2.732000129763037,2.732000129763037,2.732000129763037,2.732000129763037,14.70000021904707,1.0,2.4679067134857178,0.0,0.0,13.0,3.000000142492354,3.038000144297257,14.000000208616257,-100.0,0.0,0.0,-8.557242393493652,0.0,0.0,0.0,1.0,50.0,1050.0,-34.0,98.0,0.0,11.0,0.0,0.0,11.0,10.0,1910.0,105.71955871582031,0.0,0.0,0.0,0.0,0.0,0.0,0.0,0.0,0.0,0.0,0.0,0.0,0.0,0.0,0.0,0.0,13.0,0.0,0.0,0.0,2.0,0
37.132999420166016,233.0,1085.0,39.0,42315.0,0.0,0.0,0.0,44.0,66.0,9.0,0.0,100.0,100.0,100.0,103.0,100.0,103.0,100.0,50.0,50.0,0.0,2.732000129763037,2.732000129763037,2.732000129763037,2.732000129763037,14.70000021904707,1.0,2.4701833724975586,0.0,0.0,13.0,3.000000142492354,3.07600014610216,14.000000208616257,10.0,0.0,0.0,-8.557242393493652,0.0,0.0,0.0,1.0,50.0,1050.0,-35.0,98.0,0.0,11.0,0.0,0.0,11.0,10.0,1910.0,105.62211608886719,0.0,0.0,0.0,0.0,0.0,0.0,0.0,0.0,0.0,0.0,0.0,0.0,0.0,0.0,0.0,0.0,13.0,0.0,0.0,0.0,2.0,0
37.196998596191406,233.0,1085.0,39.0,42315.0,0.0,0.0,0.0,44.0,66.0,9.0,0.0,100.0,100.0,100.0,103.0,100.0,103.0,100.0,50.0,50.0,0.0,2.732000129763037,2.732000129763037,2.732000129763037,2.732000129763037,14.70000021904707,1.0,2.4701833724975586,0.0,0.0,13.0,3.000000142492354,3.031000143964775,14.000000208616257,10.0,0.0,0.0,-8.557242393493652,0.0,0.0,0.0,1.0,50.0,1050.0,-35.0,98.0,0.0,11.0,0.0,0.0,11.0,10.0,1910.0,105.62211608886719,0.0,0.0,0.0,0.0,0.0,0.0,0.0,0.0,0.0,0.0,0.0,0.0,0.0,0.0,0.0,0.0,13.0,0.0,0.0,0.0,2.0,0
37.263999938964844,233.0,1083.0,39.0,42237.0,0.0,0.0,0.0,44.0,66.0,9.0,0.0,100.0,100.0,100.0,103.0,100.0,103.0,100.0,50.0,50.0,0.0,2.732000129763037,2.732000129763037,2.732000129763037,2.732000129763037,14.70000021904707,1.0,2.465630054473877,0.0,0.0,13.0,3.000000142492354,3.1050001474795863,14.000000208616257,0.0,0.0,0.0,-8.557242393493652,0.0,0.0,0.0,1.0,50.0,1050.0,-33.0,98.0,0.0,11.0,0.0,0.0,11.0,10.0,1910.0,105.81717681884766,0.0,0.0,0.0,0.0,0.0,0.0,0.0,0.0,0.0,0.0,0.0,0.0,0.0,0.0,0.0,0.0,13.0,0.0,0.0,0.0,2.0,0
37.33300018310547,233.0,1086.0,39.0,42354.0,0.0,0.0,0.0,44.0,66.0,9.0,0.0,100.0,100.0,100.0,103.0,100.0,103.0,100.0,50.0,50.0,0.0,2.732000129763037,2.732000129763037,2.732000129763037,2.732000129763037,14.70000021904707,1.0,2.4724600315093994,0.0,0.0,13.0,3.000000142492354,3.0170001432998106,14.000000208616257,-20.0,0.0,0.0,-8.557242393493652,0.0,0.0,0.0,1.0,50.0,1050.0,-36.0,98.0,0.0,11.0,0.0,0.0,11.0,10.0,1910.0,105.52486419677734,0.0,0.0,0.0,0.0,0.0,0.0,0.0,0.0,0.0,0.0,0.0,0.0,0.0,0.0,0.0,0.0,13.0,0.0,0.0,0.0,2.0,0
37.39899826049805,233.0,1086.0,39.0,42354.0,0.0,0.0,0.0,44.0,66.0,9.0,0.0,100.0,100.0,100.0,103.0,100.0,103.0,100.0,50.0,50.0,0.0,2.732000129763037,2.732000129763037,2.732000129763037,2.732000129763037,14.70000021904707,1.0,2.4724600315093994,0.0,0.0,13.0,3.000000142492354,3.020000143442303,14.000000208616257,-20.0,0.0,0.0,-8.557242393493652,0.0,0.0,0.0,1.0,50.0,1050.0,-36.0,98.0,0.0,11.0,0.0,0.0,11.0,10.0,1910.0,105.52486419677734,0.0,0.0,0.0,0.0,0.0,0.0,0.0,0.0,0.0,0.0,0.0,0.0,0.0,0.0,0.0,0.0,13.0,0.0,0.0,0.0,2.0,0
37.46799850463867,233.0,1078.0,39.0,42042.0,0.0,0.0,0.0,44.0,66.0,9.0,0.0,100.0,100.0,100.0,103.0,100.0,103.0,100.0,50.0,50.0,0.0,2.732000129763037,2.732000129763037,2.732000129763037,2.732000129763037,14.70000021904707,1.0,2.454246759414673,0.0,0.0,13.0,3.000000142492354,2.9730001412099227,14.000000208616257,30.0,0.0,0.0,-8.557242393493652,0.0,0.0,0.0,1.0,50.0,1050.0,-28.0,98.0,0.0,11.0,0.0,0.0,11.0,10.0,1910.0,106.30797576904297,0.0,0.0,0.0,0.0,0.0,0.0,0.0,0.0,0.0,0.0,0.0,0.0,0.0,0.0,0.0,0.0,13.0,0.0,0.0,0.0,2.0,0
37.534000396728516,233.0,1078.0,39.0,42042.0,0.0,0.0,0.0,44.0,66.0,9.0,0.0,100.0,100.0,100.0,103.0,100.0,103.0,100.0,50.0,50.0,0.0,2.732000129763037,2.732000129763037,2.732000129763037,2.732000129763037,14.70000021904707,1.0,2.454246759414673,0.0,0.0,13.0,3.000000142492354,3.0100001429673284,14.000000208616257,-80.0,0.0,0.0,-8.557242393493652,0.0,0.0,0.0,1.0,51.0,1050.0,-28.0,98.0,0.0,11.0,0.0,0.0,11.0,10.0,1910.0,106.30797576904297,0.0,0.0,0.0,0.0,0.0,0.0,0.0,0.0,0.0,0.0,0.0,0.0,0.0,0.0,0.0,0.0,13.0,0.0,0.0,0.0,2.0,0
37.599998474121094,233.0,1073.0,39.0,41847.0,0.0,0.0,0.0,44.0,66.0,9.0,0.0,100.0,100.0,100.0,103.0,100.0,103.0,100.0,50.0,50.0,0.0,2.732000129763037,2.732000129763037,2.732000129763037,2.732000129763037,14.70000021904707,1.0,2.4428632259368896,0.0,0.0,13.0,3.000000142492354,2.989000141969882,14.000000208616257,-80.0,0.0,0.0,-8.557242393493652,0.0,0.0,0.0,1.0,51.0,1050.0,-23.0,98.0,0.0,11.0,0.0,0.0,11.0,10.0,1910.0,106.80335235595703,0.0,0.0,0.0,0.0,0.0,0.0,0.0,0.0,0.0,0.0,0.0,0.0,0.0,0.0,0.0,0.0,13.0,0.0,0.0,0.0,2.0,0
37.66899871826172,233.0,1073.0,39.0,41847.0,0.0,0.0,0.0,44.0,66.0,9.0,0.0,100.0,100.0,100.0,103.0,100.0,103.0,100.0,50.0,50.0,0.0,2.732000129763037,2.732000129763037,2.732000129763037,2.732000129763037,14.70000021904707,1.0,2.4428632259368896,0.0,0.0,13.0,3.000000142492354,3.0150001432048157,14.000000208616257,-50.0,0.0,0.0,-8.557242393493652,0.0,0.0,0.0,1.0,51.0,1050.0,-23.0,98.0,0.0,11.0,0.0,0.0,11.0,10.0,1910.0,106.80335235595703,0.0,0.0,0.0,0.0,0.0,0.0,0.0,0.0,0.0,0.0,0.0,0.0,0.0,0.0,0.0,0.0,13.0,0.0,0.0,0.0,2.0,0
37.73400115966797,233.0,1073.0,39.0,41847.0,0.0,0.0,0.0,44.0,66.0,9.0,0.0,100.0,100.0,100.0,103.0,100.0,103.0,100.0,50.0,50.0,0.0,2.732000129763037,2.732000129763037,2.732000129763037,2.732000129763037,14.70000021904707,1.0,2.4428632259368896,0.0,0.0,13.0,3.000000142492354,3.0080001428723335,14.000000208616257,0.0,0.0,0.0,-8.557242393493652,0.0,0.0,0.0,1.0,51.0,1050.0,-23.0,98.0,0.0,11.0,0.0,0.0,11.0,10.0,1910.0,106.80335235595703,0.0,0.0,0.0,0.0,0.0,0.0,0.0,0.0,0.0,0.0,0.0,0.0,0.0,0.0,0.0,0.0,13.0,0.0,0.0,0.0,2.0,0
37.79999923706055,233.0,1076.0,39.0,41964.0,0.0,0.0,0.0,44.0,66.0,9.0,0.0,100.0,100.0,100.0,103.0,100.0,103.0,100.0,50.0,50.0,0.0,2.732000129763037,2.732000129763037,2.732000129763037,2.732000129763037,14.70000021904707,1.0,2.449693441390991,0.0,0.0,13.0,3.000000142492354,3.1140001479070634,14.000000208616257,0.0,0.0,0.0,-8.557242393493652,0.0,0.0,0.0,1.0,51.0,1050.0,-26.0,98.0,0.0,11.0,0.0,0.0,11.0,10.0,1910.0,106.50557708740234,0.0,0.0,0.0,0.0,0.0,0.0,0.0,0.0,0.0,0.0,0.0,0.0,0.0,0.0,0.0,0.0,13.0,0.0,0.0,0.0,2.0,0
37.86600112915039,233.0,1076.0,39.0,41964.0,0.0,0.0,0.0,44.0,66.0,9.0,0.0,100.0,100.0,100.0,103.0,100.0,103.0,100.0,50.0,50.0,0.0,2.732000129763037,2.732000129763037,2.732000129763037,2.732000129763037,14.70000021904707,1.0,2.449693441390991,0.0,0.0,13.0,3.000000142492354,3.0150001432048157,14.000000208616257,30.0,0.0,0.0,-8.557242393493652,0.0,0.0,0.0,1.0,51.0,1050.0,-26.0,98.0,0.0,11.0,0.0,0.0,11.0,10.0,1910.0,106.50557708740234,0.0,0.0,0.0,0.0,0.0,0.0,0.0,0.0,0.0,0.0,0.0,0.0,0.0,0.0,0.0,0.0,13.0,0.0,0.0,0.0,2.0,0
37.93199920654297,234.0,1080.0,39.0,42120.0,0.0,0.0,0.0,44.0,66.0,9.0,0.0,100.0,100.0,100.0,103.0,100.0,103.0,100.0,50.0,50.0,0.0,2.732000129763037,2.732000129763037,2.732000129763037,2.732000129763037,14.70000021904707,1.0,2.4588000774383545,0.0,0.0,13.0,3.000000142492354,2.960000140592456,14.000000208616257,40.0,0.0,0.0,-8.557242393493652,0.0,0.0,0.0,1.0,51.0,1050.0,-30.0,98.0,0.0,11.0,0.0,0.0,11.0,10.0,1899.0,105.5,0.0,0.0,0.0,0.0,0.0,0.0,0.0,0.0,0.0,0.0,0.0,0.0,0.0,0.0,0.0,0.0,13.0,0.0,0.0,0.0,2.0,0
38.000999450683594,234.0,1084.0,39.0,42276.0,0.0,0.0,0.0,44.0,66.0,9.0,0.0,100.0,100.0,100.0,103.0,100.0,103.0,100.0,50.0,50.0,0.0,2.732000129763037,2.732000129763037,2.732000129763037,2.732000129763037,14.70000021904707,1.0,2.4679067134857178,0.0,0.0,13.0,3.000000142492354,3.016000143252313,14.000000208616257,40.0,0.0,0.0,-8.557242393493652,0.0,0.0,0.0,1.0,51.0,1050.0,-34.0,98.0,0.0,11.0,0.0,0.0,11.0,10.0,1899.0,105.11070251464844,0.0,0.0,0.0,0.0,0.0,0.0,0.0,0.0,0.0,0.0,0.0,0.0,0.0,0.0,0.0,0.0,13.0,0.0,0.0,0.0,2.0,0
38.06700134277344,234.0,1084.0,39.0,42276.0,0.0,0.0,0.0,44.0,66.0,9.0,0.0,100.0,100.0,100.0,103.0,100.0,103.0,100.0,50.0,50.0,0.0,2.732000129763037,2.732000129763037,2.732000129763037,2.732000129763037,14.70000021904707,1.0,2.4679067134857178,0.0,0.0,13.0,3.000000142492354,3.0350001441547647,14.000000208616257,40.0,0.0,0.0,-8.557242393493652,0.0,0.0,0.0,1.0,51.0,1050.0,-34.0,98.0,0.0,11.0,0.0,0.0,11.0,10.0,1899.0,105.11070251464844,0.0,0.0,0.0,0.0,0.0,0.0,0.0,0.0,0.0,0.0,0.0,0.0,0.0,0.0,0.0,0.0,13.0,0.0,0.0,0.0,2.0,0
38.06700134277344,234.0,1084.0,39.0,42276.0,0.0,0.0,0.0,44.0,66.0,9.0,0.0,100.0,100.0,100.0,103.0,100.0,103.0,100.0,50.0,50.0,0.0,2.732000129763037,2.732000129763037,2.732000129763037,2.732000129763037,14.70000021904707,1.0,2.4679067134857178,0.0,0.0,13.0,3.000000142492354,3.0720001459121704,14.000000208616257,0.0,0.0,0.0,-8.557242393493652,0.0,0.0,0.0,1.0,49.0,1050.0,-34.0,98.0,0.0,11.0,0.0,0.0,11.0,10.0,1899.0,105.11070251464844,0.0,0.0,0.0,0.0,0.0,0.0,0.0,0.0,0.0,0.0,0.0,0.0,0.0,0.0,0.0,0.0,13.0,0.0,0.0,0.0,2.0,0
38.13100051879883,234.0,1084.0,39.0,42276.0,0.0,0.0,0.0,44.0,66.0,9.0,0.0,100.0,100.0,100.0,103.0,100.0,103.0,100.0,50.0,50.0,0.0,2.732000129763037,2.732000129763037,2.732000129763037,2.732000129763037,14.70000021904707,1.0,2.4679067134857178,0.0,0.0,13.0,3.000000142492354,3.016000143252313,14.000000208616257,0.0,0.0,0.0,-8.557242393493652,0.0,0.0,0.0,1.0,49.0,1050.0,-34.0,98.0,0.0,11.0,0.0,0.0,11.0,10.0,1899.0,105.11070251464844,0.0,0.0,0.0,0.0,0.0,0.0,0.0,0.0,0.0,0.0,0.0,0.0,0.0,0.0,0.0,0.0,13.0,0.0,0.0,0.0,2.0,0
38.26599884033203,234.0,1094.0,39.0,42666.0,0.0,0.0,0.0,44.0,66.0,9.0,0.0,100.0,100.0,100.0,103.0,100.0,103.0,100.0,50.0,50.0,0.0,2.732000129763037,2.732000129763037,2.732000129763037,2.732000129763037,14.70000021904707,1.0,2.490673303604126,0.0,0.0,13.0,3.000000142492354,3.111000147764571,14.000000208616257,100.0,0.0,0.0,-8.557242393493652,0.0,0.0,0.0,1.0,49.0,1050.0,-44.0,98.0,0.0,11.0,0.0,0.0,11.0,10.0,1899.0,104.14990997314453,0.0,0.0,0.0,0.0,0.0,0.0,0.0,0.0,0.0,0.0,0.0,0.0,0.0,0.0,0.0,0.0,13.0,0.0,0.0,0.0,2.0,0
38.332000732421875,234.0,1088.0,39.0,42432.0,0.0,0.0,0.0,44.0,66.0,9.0,0.0,100.0,100.0,100.0,103.0,100.0,103.0,100.0,50.0,50.0,0.0,2.732000129763037,2.732000129763037,2.732000129763037,2.732000129763037,14.70000021904707,1.0,2.477013349533081,0.0,0.0,13.0,3.000000142492354,3.0170001432998106,14.000000208616257,-60.0,0.0,0.0,-8.557242393493652,0.0,0.0,0.0,1.0,49.0,1050.0,-38.0,98.0,0.0,11.0,0.0,0.0,11.0,10.0,1899.0,104.7242660522461,0.0,0.0,0.0,0.0,0.0,0.0,0.0,0.0,0.0,0.0,0.0,0.0,0.0,0.0,0.0,0.0,13.0,0.0,0.0,0.0,2.0,0
38.39699935913086,234.0,1088.0,39.0,42432.0,0.0,0.0,0.0,44.0,66.0,9.0,0.0,100.0,100.0,100.0,103.0,100.0,103.0,100.0,50.0,50.0,0.0,2.732000129763037,2.732000129763037,2.732000129763037,2.732000129763037,14.70000021904707,1.0,2.477013349533081,0.0,0.0,13.0,3.000000142492354,3.0230001435847953,14.000000208616257,-60.0,0.0,0.0,-8.557242393493652,0.0,0.0,0.0,1.0,49.0,1050.0,-38.0,98.0,0.0,11.0,0.0,0.0,11.0,10.0,1899.0,104.7242660522461,0.0,0.0,0.0,0.0,0.0,0.0,0.0,0.0,0.0,0.0,0.0,0.0,0.0,0.0,0.0,0.0,13.0,0.0,0.0,0.0,2.0,0
38.46799850463867,234.0,1080.0,39.0,42120.0,0.0,0.0,0.0,44.0,66.0,9.0,0.0,100.0,100.0,100.0,103.0,100.0,103.0,100.0,50.0,50.0,0.0,2.732000129763037,2.732000129763037,2.732000129763037,2.732000129763037,14.70000021904707,1.0,2.4588000774383545,0.0,0.0,13.0,3.000000142492354,2.998000142397359,14.000000208616257,0.0,0.0,0.0,-8.557242393493652,0.0,0.0,0.0,1.0,48.0,1050.0,-30.0,98.0,0.0,11.0,0.0,0.0,11.0,10.0,1899.0,105.5,0.0,0.0,0.0,0.0,0.0,0.0,0.0,0.0,0.0,0.0,0.0,0.0,0.0,0.0,0.0,0.0,13.0,0.0,0.0,0.0,2.0,0
38.46799850463867,234.0,1080.0,39.0,42120.0,0.0,0.0,0.0,44.0,66.0,9.0,0.0,100.0,100.0,100.0,103.0,100.0,103.0,100.0,50.0,50.0,0.0,2.732000129763037,2.732000129763037,2.732000129763037,2.732000129763037,14.70000021904707,1.0,2.4588000774383545,0.0,0.0,13.0,3.000000142492354,3.0150001432048157,14.000000208616257,0.0,0.0,0.0,-8.557242393493652,0.0,0.0,0.0,1.0,48.0,1050.0,-30.0,98.0,0.0,11.0,0.0,0.0,11.0,10.0,1899.0,105.5,0.0,0.0,0.0,0.0,0.0,0.0,0.0,0.0,0.0,0.0,0.0,0.0,0.0,0.0,0.0,0.0,13.0,0.0,0.0,0.0,2.0,0
38.5989990234375,234.0,1083.0,39.0,42237.0,0.0,0.0,0.0,44.0,66.0,9.0,0.0,100.0,100.0,100.0,103.0,100.0,103.0,100.0,50.0,50.0,0.0,2.732000129763037,2.732000129763037,2.732000129763037,2.732000129763037,14.70000021904707,1.0,2.465630054473877,0.0,0.0,13.0,3.000000142492354,3.051000144914724,14.000000208616257,-80.0,0.0,0.0,-8.557242393493652,0.0,0.0,0.0,1.0,48.0,1050.0,-33.0,98.0,0.0,11.0,0.0,0.0,11.0,10.0,1899.0,105.20775604248047,0.0,0.0,0.0,0.0,0.0,0.0,0.0,0.0,0.0,0.0,0.0,0.0,0.0,0.0,0.0,0.0,13.0,0.0,0.0,0.0,2.0,0
38.667999267578125,234.0,1076.0,39.0,41964.0,0.0,0.0,0.0,44.0,66.0,9.0,0.0,100.0,100.0,100.0,103.0,100.0,103.0,100.0,50.0,50.0,0.0,2.732000129763037,2.732000129763037,2.732000129763037,2.732000129763037,14.70000021904707,1.0,2.449693441390991,0.0,0.0,13.0,3.000000142492354,3.016000143252313,14.000000208616257,30.0,0.0,0.0,-8.557242393493652,0.0,0.0,0.0,1.0,48.0,1050.0,-26.0,98.0,0.0,11.0,0.0,0.0,11.0,10.0,1899.0,105.89219665527344,0.0,0.0,0.0,0.0,0.0,0.0,0.0,0.0,0.0,0.0,0.0,0.0,0.0,0.0,0.0,0.0,13.0,0.0,0.0,0.0,2.0,0
38.73400115966797,234.0,1076.0,39.0,41964.0,0.0,0.0,0.0,44.0,66.0,9.0,0.0,100.0,100.0,100.0,103.0,100.0,103.0,100.0,50.0,50.0,0.0,2.732000129763037,2.732000129763037,2.732000129763037,2.732000129763037,14.70000021904707,1.0,2.449693441390991,0.0,0.0,13.0,3.000000142492354,3.0210001434898004,14.100000210106373,30.0,0.0,0.0,-8.557242393493652,0.0,0.0,0.0,1.0,48.0,1050.0,-26.0,98.0,0.0,11.0,0.0,0.0,11.0,10.0,1899.0,105.89219665527344,0.0,0.0,0.0,0.0,0.0,0.0,0.0,0.0,0.0,0.0,0.0,0.0,0.0,0.0,0.0,0.0,13.0,0.0,0.0,0.0,2.0,0
38.79999923706055,234.0,1084.0,39.0,42276.0,0.0,0.0,0.0,44.0,66.0,9.0,0.0,100.0,100.0,100.0,103.0,100.0,103.0,100.0,50.0,50.0,0.0,2.732000129763037,2.732000129763037,2.732000129763037,2.732000129763037,14.70000021904707,1.0,2.4679067134857178,0.0,0.0,13.0,3.000000142492354,3.051000144914724,14.100000210106373,-70.0,0.0,0.0,-8.557242393493652,0.0,0.0,0.0,1.0,50.0,1050.0,-34.0,98.0,0.0,11.0,0.0,0.0,11.0,10.0,1899.0,105.11070251464844,0.0,0.0,0.0,0.0,0.0,0.0,0.0,0.0,0.0,0.0,0.0,0.0,0.0,0.0,0.0,0.0,13.0,0.0,0.0,0.0,2.0,0
38.86800003051758,234.0,1084.0,39.0,42276.0,0.0,0.0,0.0,44.0,66.0,9.0,0.0,100.0,100.0,100.0,103.0,100.0,103.0,100.0,50.0,50.0,0.0,2.732000129763037,2.732000129763037,2.732000129763037,2.732000129763037,14.70000021904707,1.0,2.4679067134857178,0.0,0.0,13.0,3.000000142492354,3.0170001432998106,14.100000210106373,80.0,0.0,0.0,-8.557242393493652,0.0,0.0,0.0,1.0,50.0,1050.0,-34.0,98.0,0.0,11.0,0.0,0.0,11.0,10.0,1899.0,105.11070251464844,0.0,0.0,0.0,0.0,0.0,0.0,0.0,0.0,0.0,0.0,0.0,0.0,0.0,0.0,0.0,0.0,13.0,0.0,0.0,0.0,2.0,0
38.93600082397461,234.0,1080.0,39.0,42120.0,0.0,0.0,0.0,44.0,66.0,9.0,0.0,100.0,100.0,100.0,103.0,100.0,103.0,100.0,50.0,50.0,0.0,2.732000129763037,2.732000129763037,2.732000129763037,2.732000129763037,14.70000021904707,1.0,2.4588000774383545,0.0,0.0,13.0,3.000000142492354,2.9930001421598718,14.100000210106373,80.0,0.0,0.0,-8.557242393493652,0.0,0.0,0.0,1.0,50.0,1050.0,-30.0,98.0,0.0,11.0,0.0,0.0,11.0,10.0,1899.0,105.5,0.0,0.0,0.0,0.0,0.0,0.0,0.0,0.0,0.0,0.0,0.0,0.0,0.0,0.0,0.0,0.0,13.0,0.0,0.0,0.0,2.0,0
39.00400161743164,235.0,1081.0,39.0,42159.0,0.0,0.0,0.0,44.0,66.0,9.0,0.0,100.0,100.0,100.0,103.0,100.0,103.0,100.0,50.0,50.0,0.0,2.732000129763037,2.732000129763037,2.732000129763037,2.732000129763037,14.70000021904707,1.0,2.4610767364501953,0.0,0.0,13.0,3.000000142492354,3.1280001485720277,14.100000210106373,-40.0,0.0,0.0,-8.557242393493652,0.0,0.0,0.0,1.0,50.0,1050.0,-31.0,98.0,0.0,11.0,0.0,0.0,11.0,10.0,1862.0,103.3487548828125,0.0,0.0,0.0,0.0,0.0,0.0,0.0,0.0,0.0,0.0,0.0,0.0,0.0,0.0,0.0,0.0,13.0,0.0,0.0,0.0,2.0,0
39.069000244140625,235.0,1081.0,39.0,42159.0,0.0,0.0,0.0,44.0,66.0,9.0,0.0,100.0,100.0,100.0,103.0,100.0,103.0,100.0,50.0,50.0,0.0,2.732000129763037,2.732000129763037,2.732000129763037,2.732000129763037,14.70000021904707,1.0,2.4610767364501953,0.0,0.0,13.0,3.000000142492354,3.02500014367979,14.100000210106373,10.0,0.0,0.0,-8.557242393493652,0.0,0.0,0.0,1.0,48.0,1050.0,-31.0,98.0,0.0,11.0,0.0,0.0,11.0,10.0,1862.0,103.3487548828125,0.0,0.0,0.0,0.0,0.0,0.0,0.0,0.0,0.0,0.0,0.0,0.0,0.0,0.0,0.0,0.0,13.0,0.0,0.0,0.0,2.0,0
39.1349983215332,235.0,1081.0,39.0,42159.0,0.0,0.0,0.0,44.0,66.0,9.0,0.0,100.0,100.0,100.0,103.0,100.0,103.0,100.0,50.0,50.0,0.0,2.732000129763037,2.732000129763037,2.732000129763037,2.732000129763037,14.70000021904707,1.0,2.4610767364501953,0.0,0.0,13.0,3.000000142492354,2.892000137362629,14.100000210106373,10.0,0.0,0.0,-8.557242393493652,0.0,0.0,0.0,1.0,48.0,1050.0,-31.0,98.0,0.0,11.0,0.0,0.0,11.0,10.0,1862.0,103.3487548828125,0.0,0.0,0.0,0.0,0.0,0.0,0.0,0.0,0.0,0.0,0.0,0.0,0.0,0.0,0.0,0.0,13.0,0.0,0.0,0.0,2.0,0
39.20199966430664,235.0,1081.0,39.0,42159.0,0.0,0.0,0.0,44.0,66.0,9.0,0.0,100.0,100.0,100.0,103.0,100.0,103.0,100.0,50.0,50.0,0.0,2.732000129763037,2.732000129763037,2.732000129763037,2.732000129763037,14.70000021904707,1.0,2.4610767364501953,0.0,0.0,13.0,3.000000142492354,3.0140001431573182,14.100000210106373,0.0,0.0,0.0,-8.557242393493652,0.0,0.0,0.0,1.0,48.0,1050.0,-31.0,98.0,0.0,11.0,0.0,0.0,11.0,10.0,1862.0,103.3487548828125,0.0,0.0,0.0,0.0,0.0,0.0,0.0,0.0,0.0,0.0,0.0,0.0,0.0,0.0,0.0,0.0,13.0,0.0,0.0,0.0,2.0,0
39.27000045776367,235.0,1078.0,39.0,42042.0,0.0,0.0,0.0,44.0,66.0,9.0,0.0,100.0,100.0,100.0,103.0,100.0,103.0,100.0,50.0,50.0,0.0,2.732000129763037,2.732000129763037,2.732000129763037,2.732000129763037,14.70000021904707,1.0,2.454246759414673,0.0,0.0,13.0,3.000000142492354,2.92700013902504,14.100000210106373,-30.0,0.0,0.0,-8.557242393493652,0.0,0.0,0.0,1.0,48.0,1050.0,-28.0,98.0,0.0,11.0,0.0,0.0,11.0,10.0,1862.0,103.63636016845703,0.0,0.0,0.0,0.0,0.0,0.0,0.0,0.0,0.0,0.0,0.0,0.0,0.0,0.0,0.0,0.0,13.0,0.0,0.0,0.0,2.0,0
39.33599853515625,235.0,1079.0,39.0,42081.0,0.0,0.0,0.0,44.0,66.0,9.0,0.0,100.0,100.0,100.0,103.0,100.0,103.0,100.0,50.0,50.0,0.0,2.732000129763037,2.732000129763037,2.732000129763037,2.732000129763037,14.70000021904707,1.0,2.4565234184265137,0.0,0.0,13.0,3.000000142492354,2.945000139879994,14.100000210106373,-30.0,0.0,0.0,-8.557242393493652,0.0,0.0,0.0,1.0,48.0,1050.0,-29.0,98.0,0.0,11.0,0.0,0.0,11.0,10.0,1862.0,103.54031372070312,0.0,0.0,0.0,0.0,0.0,0.0,0.0,0.0,0.0,0.0,0.0,0.0,0.0,0.0,0.0,0.0,13.0,0.0,0.0,0.0,2.0,0
39.4010009765625,235.0,1079.0,39.0,42081.0,0.0,0.0,0.0,44.0,66.0,9.0,0.0,100.0,100.0,100.0,103.0,100.0,103.0,100.0,50.0,50.0,0.0,2.732000129763037,2.732000129763037,2.732000129763037,2.732000129763037,14.70000021904707,1.0,2.4565234184265137,0.0,0.0,13.0,3.000000142492354,2.9990001424448565,14.100000210106373,10.0,0.0,0.0,-8.557242393493652,0.0,0.0,0.0,1.0,48.0,1050.0,-29.0,98.0,0.0,11.0,0.0,0.0,11.0,10.0,1862.0,103.54031372070312,0.0,0.0,0.0,0.0,0.0,0.0,0.0,0.0,0.0,0.0,0.0,0.0,0.0,0.0,0.0,0.0,13.0,0.0,0.0,0.0,2.0,0
39.46699905395508,235.0,1073.0,39.0,41847.0,0.0,0.0,0.0,44.0,66.0,9.0,0.0,100.0,100.0,100.0,103.0,100.0,103.0,100.0,50.0,50.0,0.0,2.732000129763037,2.732000129763037,2.732000129763037,2.732000129763037,14.70000021904707,1.0,2.4428632259368896,0.0,0.0,13.0,3.000000142492354,2.9550001403549686,14.100000210106373,-60.0,0.0,0.0,-8.557242393493652,0.0,0.0,0.0,1.0,48.0,1050.0,-23.0,98.0,0.0,11.0,0.0,0.0,11.0,10.0,1862.0,104.11929321289062,0.0,0.0,0.0,0.0,0.0,0.0,0.0,0.0,0.0,0.0,0.0,0.0,0.0,0.0,0.0,0.0,13.0,0.0,0.0,0.0,2.0,0
39.53300094604492,235.0,1073.0,39.0,41847.0,0.0,0.0,0.0,44.0,66.0,9.0,0.0,100.0,100.0,100.0,103.0,100.0,103.0,100.0,50.0,50.0,0.0,2.732000129763037,2.732000129763037,2.732000129763037,2.732000129763037,14.70000021904707,1.0,2.4428632259368896,0.0,0.0,13.0,3.000000142492354,3.0150001432048157,14.100000210106373,-60.0,0.0,0.0,-8.557242393493652,0.0,0.0,0.0,1.0,48.0,1050.0,-23.0,98.0,0.0,11.0,0.0,0.0,11.0,10.0,1862.0,104.11929321289062,0.0,0.0,0.0,0.0,0.0,0.0,0.0,0.0,0.0,0.0,0.0,0.0,0.0,0.0,0.0,0.0,13.0,0.0,0.0,0.0,2.0,0
39.597999572753906,235.0,1068.0,39.0,41652.0,0.0,0.0,0.0,44.0,66.0,9.0,0.0,100.0,100.0,100.0,103.0,100.0,103.0,100.0,50.0,50.0,0.0,2.732000129763037,2.732000129763037,2.732000129763037,2.732000129763037,14.70000021904707,1.0,2.4314799308776855,0.0,0.0,13.0,3.000000142492354,2.9590001405449584,14.100000210106373,-50.0,0.0,0.0,-8.557242393493652,0.0,0.0,0.0,1.0,48.0,1050.0,-18.0,98.0,0.0,11.0,0.0,0.0,11.0,10.0,1862.0,104.60674285888672,0.0,0.0,0.0,0.0,0.0,0.0,0.0,0.0,0.0,0.0,0.0,0.0,0.0,0.0,0.0,0.0,13.0,0.0,0.0,0.0,2.0,0
39.667999267578125,235.0,1069.0,39.0,41691.0,0.0,0.0,0.0,44.0,66.0,9.0,0.0,100.0,100.0,100.0,103.0,100.0,103.0,100.0,50.0,50.0,0.0,2.732000129763037,2.732000129763037,2.732000129763037,2.732000129763037,14.70000021904707,1.0,2.4337565898895264,0.0,0.0,13.0,3.000000142492354,3.0150001432048157,14.100000210106373,0.0,0.0,0.0,-8.557242393493652,0.0,0.0,0.0,1.0,50.0,1050.0,-19.0,98.0,0.0,11.0,0.0,0.0,11.0,10.0,1862.0,104.5088882446289,0.0,0.0,0.0,0.0,0.0,0.0,0.0,0.0,0.0,0.0,0.0,0.0,0.0,0.0,0.0,0.0,13.0,0.0,0.0,0.0,2.0,0
39.733001708984375,235.0,1069.0,39.0,41691.0,0.0,0.0,0.0,44.0,66.0,9.0,0.0,100.0,100.0,100.0,103.0,100.0,103.0,100.0,50.0,50.0,0.0,2.732000129763037,2.732000129763037,2.732000129763037,2.732000129763037,14.70000021904707,1.0,2.4337565898895264,0.0,0.0,13.0,3.000000142492354,3.0100001429673284,14.100000210106373,0.0,0.0,0.0,-8.557242393493652,0.0,0.0,0.0,1.0,50.0,1050.0,-19.0,98.0,0.0,11.0,0.0,0.0,11.0,10.0,1862.0,104.5088882446289,0.0,0.0,0.0,0.0,0.0,0.0,0.0,0.0,0.0,0.0,0.0,0.0,0.0,0.0,0.0,0.0,13.0,0.0,0.0,0.0,2.0,0
39.79899978637695,235.0,1066.0,39.0,41574.0,0.0,0.0,0.0,44.0,66.0,9.0,0.0,100.0,100.0,100.0,103.0,100.0,103.0,100.0,50.0,50.0,0.0,2.732000129763037,2.732000129763037,2.732000129763037,2.732000129763037,14.70000021904707,1.0,2.426926612854004,0.0,0.0,13.0,3.000000142492354,3.0650001455796883,14.100000210106373,10.0,0.0,0.0,-8.557242393493652,0.0,0.0,0.0,1.0,50.0,1050.0,-16.0,98.0,0.0,11.0,0.0,0.0,11.0,10.0,1862.0,104.8030014038086,0.0,0.0,0.0,0.0,0.0,0.0,0.0,0.0,0.0,0.0,0.0,0.0,0.0,0.0,0.0,0.0,13.0,0.0,0.0,0.0,2.0,0
39.86399841308594,235.0,1066.0,39.0,41574.0,0.0,0.0,0.0,44.0,66.0,9.0,0.0,100.0,100.0,100.0,103.0,100.0,103.0,100.0,50.0,50.0,0.0,2.732000129763037,2.732000129763037,2.732000129763037,2.732000129763037,14.70000021904707,1.0,2.426926612854004,0.0,0.0,13.0,3.000000142492354,3.0240001436322927,14.100000210106373,-30.0,0.0,0.0,-8.557242393493652,0.0,0.0,0.0,1.0,50.0,1050.0,-16.0,98.0,0.0,11.0,0.0,0.0,11.0,10.0,1862.0,104.8030014038086,0.0,0.0,0.0,0.0,0.0,0.0,0.0,0.0,0.0,0.0,0.0,0.0,0.0,0.0,0.0,0.0,13.0,0.0,0.0,0.0,2.0,0
39.930999755859375,235.0,1067.0,39.0,41613.0,0.0,0.0,0.0,44.0,66.0,9.0,0.0,100.0,100.0,100.0,103.0,100.0,103.0,100.0,50.0,50.0,0.0,2.732000129763037,2.732000129763037,2.732000129763037,2.732000129763037,14.70000021904707,1.0,2.4292032718658447,0.0,0.0,13.0,3.000000142492354,2.991000142064877,14.100000210106373,-30.0,0.0,0.0,-8.557242393493652,0.0,0.0,0.0,1.0,50.0,1050.0,-17.0,98.0,0.0,11.0,0.0,0.0,11.0,10.0,1862.0,104.70478057861328,0.0,0.0,0.0,0.0,0.0,0.0,0.0,0.0,0.0,0.0,0.0,0.0,0.0,0.0,0.0,0.0,13.0,0.0,0.0,0.0,2.0,0
39.999000549316406,236.0,1074.0,39.0,41886.0,0.0,0.0,0.0,44.0,66.0,9.0,0.0,100.0,100.0,100.0,103.0,100.0,103.0,100.0,50.0,50.0,0.0,2.732000129763037,2.732000129763037,2.732000129763037,2.732000129763037,14.70000021904707,1.0,2.4451398849487305,0.0,0.0,13.0,3.000000142492354,3.0150001432048157,14.100000210106373,10.0,0.0,0.0,-8.557242393493652,0.0,0.0,0.0,1.0,50.0,1050.0,-24.0,98.0,0.0,11.0,0.0,0.0,11.0,10.0,1864.0,104.13407897949219,0.0,0.0,0.0,0.0,0.0,0.0,0.0,0.0,0.0,0.0,0.0,0.0,0.0,0.0,0.0,0.0,13.0,0.0,0.0,0.0,2.0,0
40.064998626708984,236.0,1074.0,39.0,41886.0,0.0,0.0,0.0,44.0,66.0,9.0,0.0,100.0,100.0,100.0,103.0,100.0,103.0,100.0,50.0,50.0,0.0,2.732000129763037,2.732000129763037,2.732000129763037,2.732000129763037,14.70000021904707,1.0,2.4451398849487305,0.0,0.0,13.0,3.000000142492354,3.009000142919831,14.100000210106373,70.0,0.0,0.0,-8.557242393493652,0.0,0.0,0.0,1.0,50.0,1050.0,-24.0,98.0,0.0,11.0,0.0,0.0,11.0,10.0,1864.0,104.13407897949219,0.0,0.0,0.0,0.0,0.0,0.0,0.0,0.0,0.0,0.0,0.0,0.0,0.0,0.0,0.0,0.0,13.0,0.0,0.0,0.0,2.0,0
40.13399887084961,236.0,1074.0,39.0,41886.0,0.0,0.0,0.0,44.0,66.0,9.0,0.0,100.0,100.0,100.0,103.0,100.0,103.0,100.0,50.0,50.0,0.0,2.732000129763037,2.732000129763037,2.732000129763037,2.732000129763037,14.70000021904707,1.0,2.4451398849487305,0.0,0.0,13.0,3.000000142492354,2.9410001396900043,14.100000210106373,70.0,0.0,0.0,-8.557242393493652,0.0,0.0,0.0,1.0,50.0,1050.0,-24.0,98.0,0.0,11.0,0.0,0.0,11.0,10.0,1864.0,104.13407897949219,0.0,0.0,0.0,0.0,0.0,0.0,0.0,0.0,0.0,0.0,0.0,0.0,0.0,0.0,0.0,0.0,13.0,0.0,0.0,0.0,2.0,0
40.20000076293945,236.0,1074.0,39.0,41886.0,0.0,0.0,0.0,44.0,66.0,9.0,0.0,100.0,100.0,100.0,103.0,100.0,103.0,100.0,50.0,50.0,0.0,2.732000129763037,2.732000129763037,2.732000129763037,2.732000129763037,14.70000021904707,1.0,2.4451398849487305,0.0,0.0,13.0,3.000000142492354,3.0190001433948055,14.100000210106373,0.0,0.0,0.0,-8.557242393493652,0.0,0.0,0.0,1.0,50.0,1050.0,-24.0,98.0,0.0,11.0,0.0,0.0,11.0,10.0,1864.0,104.13407897949219,0.0,0.0,0.0,0.0,0.0,0.0,0.0,0.0,0.0,0.0,0.0,0.0,0.0,0.0,0.0,0.0,13.0,0.0,0.0,0.0,2.0,0
40.26499938964844,236.0,1076.0,39.0,41964.0,0.0,0.0,0.0,44.0,66.0,9.0,0.0,100.0,100.0,100.0,103.0,100.0,103.0,100.0,50.0,50.0,0.0,2.732000129763037,2.732000129763037,2.732000129763037,2.732000129763037,14.70000021904707,1.0,2.449693441390991,0.0,0.0,13.0,3.000000142492354,3.0540001450572163,14.100000210106373,20.0,0.0,0.0,-8.557242393493652,0.0,0.0,0.0,1.0,48.0,1050.0,-26.0,98.0,0.0,11.0,0.0,0.0,11.0,10.0,1864.0,103.94052124023438,0.0,0.0,0.0,0.0,0.0,0.0,0.0,0.0,0.0,0.0,0.0,0.0,0.0,0.0,0.0,0.0,13.0,0.0,0.0,0.0,2.0,0
40.33100128173828,236.0,1077.0,39.0,42003.0,0.0,0.0,0.0,44.0,66.0,9.0,0.0,100.0,100.0,100.0,103.0,100.0,103.0,100.0,50.0,50.0,0.0,2.732000129763037,2.732000129763037,2.732000129763037,2.732000129763037,14.70000021904707,1.0,2.451970100402832,0.0,0.0,13.0,3.000000142492354,3.016000143252313,14.100000210106373,20.0,0.0,0.0,-8.557242393493652,0.0,0.0,0.0,1.0,48.0,1050.0,-27.0,98.0,0.0,11.0,0.0,0.0,11.0,10.0,1864.0,103.84400939941406,0.0,0.0,0.0,0.0,0.0,0.0,0.0,0.0,0.0,0.0,0.0,0.0,0.0,0.0,0.0,0.0,13.0,0.0,0.0,0.0,2.0,0
40.4010009765625,236.0,1077.0,39.0,42003.0,0.0,0.0,0.0,44.0,66.0,9.0,0.0,100.0,100.0,100.0,103.0,100.0,103.0,100.0,50.0,50.0,0.0,2.732000129763037,2.732000129763037,2.732000129763037,2.732000129763037,14.70000021904707,1.0,2.451970100402832,0.0,0.0,13.0,3.000000142492354,3.0060001427773386,14.100000210106373,10.0,0.0,0.0,-8.557242393493652,0.0,0.0,0.0,1.0,48.0,1050.0,-27.0,98.0,0.0,11.0,0.0,0.0,11.0,10.0,1864.0,103.84400939941406,0.0,0.0,0.0,0.0,0.0,0.0,0.0,0.0,0.0,0.0,0.0,0.0,0.0,0.0,0.0,0.0,13.0,0.0,0.0,0.0,2.0,0
40.465999603271484,236.0,1083.0,39.0,42237.0,0.0,0.0,0.0,44.0,66.0,9.0,0.0,100.0,100.0,100.0,103.0,100.0,103.0,100.0,50.0,50.0,0.0,2.732000129763037,2.732000129763037,2.732000129763037,2.732000129763037,14.70000021904707,1.0,2.465630054473877,0.0,0.0,13.0,3.000000142492354,3.0680001457221806,14.100000210106373,60.0,0.0,0.0,-8.557242393493652,0.0,0.0,0.0,1.0,48.0,1050.0,-33.0,98.0,0.0,11.0,0.0,0.0,11.0,10.0,1864.0,103.2686996459961,0.0,0.0,0.0,0.0,0.0,0.0,0.0,0.0,0.0,0.0,0.0,0.0,0.0,0.0,0.0,0.0,13.0,0.0,0.0,0.0,2.0,0
40.53099822998047,236.0,1083.0,39.0,42237.0,0.0,0.0,0.0,44.0,66.0,9.0,0.0,100.0,100.0,100.0,103.0,100.0,103.0,100.0,50.0,50.0,0.0,2.732000129763037,2.732000129763037,2.732000129763037,2.732000129763037,14.70000021904707,1.0,2.465630054473877,0.0,0.0,13.0,3.000000142492354,3.0230001435847953,14.100000210106373,60.0,0.0,0.0,-8.557242393493652,0.0,0.0,0.0,1.0,48.0,1050.0,-33.0,98.0,0.0,11.0,0.0,0.0,11.0,10.0,1864.0,103.2686996459961,0.0,0.0,0.0,0.0,0.0,0.0,0.0,0.0,0.0,0.0,0.0,0.0,0.0,0.0,0.0,0.0,13.0,0.0,0.0,0.0,2.0,0
40.597999572753906,236.0,1084.0,39.0,42276.0,0.0,0.0,0.0,44.0,66.0,9.0,0.0,100.0,100.0,100.0,103.0,100.0,103.0,100.0,50.0,50.0,0.0,2.732000129763037,2.732000129763037,2.732000129763037,2.732000129763037,14.70000021904707,1.0,2.4679067134857178,0.0,0.0,13.0,3.000000142492354,3.13100014871452,14.100000210106373,10.0,0.0,0.0,-8.557242393493652,0.0,0.0,0.0,1.0,46.0,1050.0,-34.0,98.0,0.0,11.0,0.0,0.0,11.0,10.0,1864.0,103.17343139648438,0.0,0.0,0.0,0.0,0.0,0.0,0.0,0.0,0.0,0.0,0.0,0.0,0.0,0.0,0.0,0.0,13.0,0.0,0.0,0.0,2.0,0
40.667999267578125,236.0,1079.0,39.0,42081.0,0.0,0.0,0.0,44.0,66.0,9.0,0.0,100.0,100.0,100.0,103.0,100.0,103.0,100.0,50.0,50.0,0.0,2.732000129763037,2.732000129763037,2.732000129763037,2.732000129763037,14.70000021904707,1.0,2.4565234184265137,0.0,0.0,13.0,3.000000142492354,3.0170001432998106,14.100000210106373,-50.0,0.0,0.0,-8.557242393493652,0.0,0.0,0.0,1.0,46.0,1050.0,-29.0,98.0,0.0,11.0,0.0,0.0,11.0,10.0,1864.0,103.65152740478516,0.0,0.0,0.0,0.0,0.0,0.0,0.0,0.0,0.0,0.0,0.0,0.0,0.0,0.0,0.0,0.0,13.0,0.0,0.0,0.0,2.0,0
40.73400115966797,236.0,1079.0,39.0,42081.0,0.0,0.0,0.0,44.0,66.0,9.0,0.0,100.0,100.0,100.0,103.0,100.0,103.0,100.0,50.0,50.0,0.0,2.732000129763037,2.732000129763037,2.732000129763037,2.732000129763037,14.70000021904707,1.0,2.4565234184265137,0.0,0.0,13.0,3.000000142492354,3.013000143109821,14.100000210106373,-50.0,0.0,0.0,-8.557242393493652,0.0,0.0,0.0,1.0,46.0,1050.0,-29.0,98.0,0.0,11.0,0.0,0.0,11.0,10.0,1864.0,103.65152740478516,0.0,0.0,0.0,0.0,0.0,0.0,0.0,0.0,0.0,0.0,0.0,0.0,0.0,0.0,0.0,0.0,13.0,0.0,0.0,0.0,2.0,0
40.801998138427734,236.0,1074.0,39.0,41886.0,0.0,0.0,0.0,44.0,66.0,9.0,0.0,100.0,100.0,100.0,103.0,100.0,103.0,100.0,50.0,50.0,0.0,2.732000129763037,2.732000129763037,2.732000129763037,2.732000129763037,14.70000021904707,1.0,2.4451398849487305,0.0,0.0,13.0,3.000000142492354,2.9060001380275935,14.100000210106373,0.0,0.0,0.0,-8.557242393493652,0.0,0.0,0.0,1.0,46.0,1050.0,-24.0,98.0,0.0,11.0,0.0,0.0,11.0,10.0,1864.0,104.13407897949219,0.0,0.0,0.0,0.0,0.0,0.0,0.0,0.0,0.0,0.0,0.0,0.0,0.0,0.0,0.0,0.0,13.0,0.0,0.0,0.0,2.0,0
40.867000579833984,236.0,1074.0,39.0,41886.0,0.0,0.0,0.0,44.0,66.0,9.0,0.0,100.0,100.0,100.0,103.0,100.0,103.0,100.0,50.0,50.0,0.0,2.732000129763037,2.732000129763037,2.732000129763037,2.732000129763037,14.70000021904707,1.0,2.4451398849487305,0.0,0.0,13.0,3.000000142492354,3.0210001434898004,14.100000210106373,0.0,0.0,0.0,-8.557242393493652,0.0,0.0,0.0,1.0,46.0,1050.0,-24.0,98.0,0.0,11.0,0.0,0.0,11.0,10.0,1864.0,104.13407897949219,0.0,0.0,0.0,0.0,0.0,0.0,0.0,0.0,0.0,0.0,0.0,0.0,0.0,0.0,0.0,0.0,13.0,0.0,0.0,0.0,2.0,0
40.93299865722656,236.0,1067.0,39.0,41613.0,0.0,0.0,0.0,44.0,66.0,9.0,0.0,100.0,100.0,100.0,103.0,100.0,103.0,100.0,50.0,50.0,0.0,2.732000129763037,2.732000129763037,2.732000129763037,2.732000129763037,14.70000021904707,1.0,2.4292032718658447,0.0,0.0,13.0,3.000000142492354,2.9920001421123743,14.100000210106373,-50.0,0.0,0.0,-8.557242393493652,0.0,0.0,0.0,1.0,48.0,1050.0,-17.0,98.0,0.0,11.0,0.0,0.0,11.0,10.0,1864.0,104.81724548339844,0.0,0.0,0.0,0.0,0.0,0.0,0.0,0.0,0.0,0.0,0.0,0.0,0.0,0.0,0.0,0.0,13.0,0.0,0.0,0.0,2.0,0
40.93299865722656,237.0,1067.0,39.0,41613.0,0.0,0.0,0.0,44.0,66.0,9.0,0.0,100.0,100.0,100.0,103.0,100.0,103.0,100.0,50.0,50.0,0.0,2.732000129763037,2.732000129763037,2.732000129763037,2.732000129763037,14.70000021904707,1.0,2.4292032718658447,0.0,0.0,13.0,3.000000142492354,3.0150001432048157,14.100000210106373,-70.0,0.0,0.0,-8.557242393493652,0.0,0.0,0.0,1.0,48.0,1050.0,-17.0,98.0,0.0,11.0,0.0,0.0,11.0,10.0,1868.0,105.04217529296875,0.0,0.0,0.0,0.0,0.0,0.0,0.0,0.0,0.0,0.0,0.0,0.0,0.0,0.0,0.0,0.0,13.0,0.0,0.0,0.0,2.0,0
41.06399917602539,237.0,1057.0,39.0,41223.0,0.0,0.0,0.0,44.0,66.0,9.0,0.0,100.0,100.0,100.0,103.0,100.0,103.0,100.0,50.0,50.0,0.0,2.732000129763037,2.732000129763037,2.732000129763037,2.732000129763037,14.70000021904707,1.0,2.4064366817474365,0.0,0.0,13.0,3.000000142492354,3.036000144202262,14.100000210106373,-70.0,0.0,0.0,-8.557242393493652,0.0,0.0,0.0,1.0,48.0,1050.0,-7.0,98.0,0.0,11.0,0.0,0.0,11.0,10.0,1868.0,106.03594970703125,0.0,0.0,0.0,0.0,0.0,0.0,0.0,0.0,0.0,0.0,0.0,0.0,0.0,0.0,0.0,0.0,13.0,0.0,0.0,0.0,2.0,0
41.1349983215332,237.0,1057.0,39.0,41223.0,0.0,0.0,0.0,44.0,66.0,9.0,0.0,100.0,100.0,100.0,103.0,100.0,103.0,100.0,50.0,50.0,0.0,2.732000129763037,2.732000129763037,2.732000129763037,2.732000129763037,14.70000021904707,1.0,2.4064366817474365,0.0,0.0,13.0,3.000000142492354,2.9840001417323947,14.100000210106373,-100.0,0.0,0.0,-8.557242393493652,0.0,0.0,0.0,1.0,48.0,1050.0,-7.0,98.0,0.0,11.0,0.0,0.0,11.0,10.0,1868.0,106.03594970703125,0.0,0.0,0.0,0.0,0.0,0.0,0.0,0.0,0.0,0.0,0.0,0.0,0.0,0.0,0.0,0.0,13.0,0.0,0.0,0.0,2.0,0
41.19900131225586,237.0,1057.0,39.0,41223.0,0.0,0.0,0.0,44.0,66.0,9.0,0.0,100.0,100.0,100.0,103.0,100.0,103.0,100.0,50.0,50.0,0.0,2.732000129763037,2.732000129763037,2.732000129763037,2.732000129763037,14.70000021904707,1.0,2.4064366817474365,0.0,0.0,13.0,3.000000142492354,3.0140001431573182,14.100000210106373,0.0,0.0,0.0,-8.557242393493652,0.0,0.0,0.0,1.0,50.0,1050.0,-7.0,98.0,0.0,11.0,0.0,0.0,11.0,10.0,1868.0,106.03594970703125,0.0,0.0,0.0,0.0,0.0,0.0,0.0,0.0,0.0,0.0,0.0,0.0,0.0,0.0,0.0,0.0,13.0,0.0,0.0,0.0,2.0,0
41.26499938964844,237.0,1051.0,39.0,40989.0,0.0,0.0,0.0,44.0,66.0,9.0,0.0,100.0,100.0,100.0,103.0,100.0,103.0,100.0,50.0,50.0,0.0,2.732000129763037,2.732000129763037,2.732000129763037,2.732000129763037,14.70000021904707,1.0,2.3927767276763916,0.0,0.0,13.0,3.000000142492354,3.1500001496169716,14.000000208616257,0.0,0.0,0.0,-8.557242393493652,0.0,0.0,0.0,1.0,50.0,1050.0,-1.0,98.0,0.0,11.0,0.0,0.0,11.0,10.0,1868.0,106.64129638671875,0.0,0.0,0.0,0.0,0.0,0.0,0.0,0.0,0.0,0.0,0.0,0.0,0.0,0.0,0.0,0.0,13.0,0.0,0.0,0.0,2.0,0
41.334999084472656,237.0,1051.0,39.0,40989.0,0.0,0.0,0.0,44.0,66.0,9.0,0.0,100.0,100.0,100.0,103.0,100.0,103.0,100.0,50.0,50.0,0.0,2.732000129763037,2.732000129763037,2.732000129763037,2.732000129763037,14.70000021904707,1.0,2.3927767276763916,0.0,0.0,13.0,3.000000142492354,3.0170001432998106,14.000000208616257,-60.0,0.0,0.0,-8.557242393493652,0.0,0.0,0.0,1.0,50.0,1050.0,-1.0,98.0,0.0,11.0,0.0,0.0,11.0,10.0,1868.0,106.64129638671875,0.0,0.0,0.0,0.0,0.0,0.0,0.0,0.0,0.0,0.0,0.0,0.0,0.0,0.0,0.0,0.0,13.0,0.0,0.0,0.0,2.0,0
41.4010009765625,237.0,1054.0,39.0,41106.0,0.0,0.0,0.0,44.0,66.0,9.0,0.0,100.0,100.0,100.0,103.0,100.0,103.0,100.0,50.0,50.0,0.0,2.732000129763037,2.732000129763037,2.732000129763037,2.732000129763037,14.70000021904707,1.0,2.399606704711914,0.0,0.0,13.0,3.000000142492354,3.0630001454846933,14.000000208616257,30.0,0.0,0.0,-8.557242393493652,0.0,0.0,0.0,1.0,50.0,1050.0,-4.0,98.0,0.0,11.0,0.0,0.0,11.0,10.0,1868.0,106.33776092529297,0.0,0.0,0.0,0.0,0.0,0.0,0.0,0.0,0.0,0.0,0.0,0.0,0.0,0.0,0.0,0.0,13.0,0.0,0.0,0.0,2.0,0
41.46500015258789,237.0,1058.0,39.0,41262.0,0.0,0.0,0.0,44.0,66.0,9.0,0.0,100.0,100.0,100.0,103.0,100.0,103.0,100.0,50.0,50.0,0.0,2.732000129763037,2.732000129763037,2.732000129763037,2.732000129763037,14.70000021904707,1.0,2.4087133407592773,0.0,0.0,13.0,3.000000142492354,2.920000138692558,14.000000208616257,30.0,0.0,0.0,-8.557242393493652,0.0,0.0,0.0,1.0,50.0,1050.0,-8.0,98.0,0.0,11.0,0.0,0.0,11.0,10.0,1868.0,105.93572998046875,0.0,0.0,0.0,0.0,0.0,0.0,0.0,0.0,0.0,0.0,0.0,0.0,0.0,0.0,0.0,0.0,13.0,0.0,0.0,0.0,2.0,0
41.53099822998047,237.0,1058.0,39.0,41262.0,0.0,0.0,0.0,44.0,66.0,9.0,0.0,100.0,100.0,100.0,103.0,100.0,103.0,100.0,50.0,50.0,0.0,2.732000129763037,2.732000129763037,2.732000129763037,2.732000129763037,14.70000021904707,1.0,2.4087133407592773,0.0,0.0,13.0,3.000000142492354,3.0240001436322927,14.000000208616257,40.0,0.0,0.0,-8.557242393493652,0.0,0.0,0.0,1.0,49.0,1050.0,-8.0,98.0,0.0,11.0,0.0,0.0,11.0,10.0,1868.0,105.93572998046875,0.0,0.0,0.0,0.0,0.0,0.0,0.0,0.0,0.0,0.0,0.0,0.0,0.0,0.0,0.0,0.0,13.0,0.0,0.0,0.0,2.0,0
41.59700012207031,237.0,1063.0,39.0,41457.0,0.0,0.0,0.0,44.0,66.0,9.0,0.0,100.0,100.0,100.0,103.0,100.0,103.0,100.0,50.0,50.0,0.0,2.732000129763037,2.732000129763037,2.732000129763037,2.732000129763037,14.70000021904707,1.0,2.4200966358184814,0.0,0.0,13.0,3.000000142492354,2.963000140734948,14.000000208616257,50.0,0.0,0.0,-8.557242393493652,0.0,0.0,0.0,1.0,49.0,1050.0,-13.0,98.0,0.0,11.0,0.0,0.0,11.0,10.0,1868.0,105.43743896484375,0.0,0.0,0.0,0.0,0.0,0.0,0.0,0.0,0.0,0.0,0.0,0.0,0.0,0.0,0.0,0.0,13.0,0.0,0.0,0.0,2.0,0
41.66699981689453,237.0,1063.0,39.0,41457.0,0.0,0.0,0.0,44.0,66.0,9.0,0.0,100.0,100.0,100.0,103.0,100.0,103.0,100.0,50.0,50.0,0.0,2.732000129763037,2.732000129763037,2.732000129763037,2.732000129763037,14.70000021904707,1.0,2.4200966358184814,0.0,0.0,13.0,3.000000142492354,3.016000143252313,14.000000208616257,50.0,0.0,0.0,-8.557242393493652,0.0,0.0,0.0,1.0,49.0,1050.0,-13.0,98.0,0.0,11.0,0.0,0.0,11.0,10.0,1868.0,105.43743896484375,0.0,0.0,0.0,0.0,0.0,0.0,0.0,0.0,0.0,0.0,0.0,0.0,0.0,0.0,0.0,0.0,13.0,0.0,0.0,0.0,2.0,0
41.73099899291992,237.0,1064.0,39.0,41496.0,0.0,0.0,0.0,44.0,66.0,9.0,0.0,100.0,100.0,100.0,103.0,100.0,103.0,100.0,50.0,50.0,0.0,2.732000129763037,2.732000129763037,2.732000129763037,2.732000129763037,14.70000021904707,1.0,2.4223732948303223,0.0,0.0,13.0,3.000000142492354,3.0120001430623233,14.000000208616257,10.0,0.0,0.0,-8.557242393493652,0.0,0.0,0.0,1.0,49.0,1050.0,-14.0,98.0,0.0,11.0,0.0,0.0,11.0,10.0,1868.0,105.33834838867188,0.0,0.0,0.0,0.0,0.0,0.0,0.0,0.0,0.0,0.0,0.0,0.0,0.0,0.0,0.0,0.0,13.0,0.0,0.0,0.0,2.0,0
41.797000885009766,237.0,1066.0,39.0,41574.0,0.0,0.0,0.0,44.0,66.0,9.0,0.0,100.0,100.0,100.0,103.0,100.0,103.0,100.0,50.0,50.0,0.0,2.732000129763037,2.732000129763037,2.732000129763037,2.732000129763037,14.70000021904707,1.0,2.426926612854004,0.0,0.0,13.0,3.000000142492354,3.0150001432048157,13.90000020712614,0.0,0.0,0.0,-8.557242393493652,0.0,0.0,0.0,1.0,48.0,1050.0,-16.0,98.0,0.0,11.0,0.0,0.0,11.0,10.0,1868.0,105.14071655273438,0.0,0.0,0.0,0.0,0.0,0.0,0.0,0.0,0.0,0.0,0.0,0.0,0.0,0.0,0.0,0.0,13.0,0.0,0.0,0.0,2.0,0
41.86399841308594,237.0,1066.0,39.0,41574.0,0.0,0.0,0.0,44.0,66.0,9.0,0.0,100.0,100.0,100.0,103.0,100.0,103.0,100.0,50.0,50.0,0.0,2.732000129763037,2.732000129763037,2.732000129763037,2.732000129763037,14.70000021904707,1.0,2.426926612854004,0.0,0.0,13.0,3.000000142492354,3.0210001434898004,13.90000020712614,0.0,0.0,0.0,-8.557242393493652,0.0,0.0,0.0,1.0,48.0,1050.0,-16.0,98.0,0.0,11.0,0.0,0.0,11.0,10.0,1868.0,105.14071655273438,0.0,0.0,0.0,0.0,0.0,0.0,0.0,0.0,0.0,0.0,0.0,0.0,0.0,0.0,0.0,0.0,13.0,0.0,0.0,0.0,2.0,0
41.93299865722656,237.0,1065.0,39.0,41535.0,0.0,0.0,0.0,44.0,66.0,9.0,0.0,100.0,100.0,100.0,103.0,100.0,103.0,100.0,50.0,50.0,0.0,2.732000129763037,2.732000129763037,2.732000129763037,2.732000129763037,14.70000021904707,1.0,2.424649953842163,0.0,0.0,13.0,3.000000142492354,2.945000139879994,13.90000020712614,20.0,0.0,0.0,-8.557242393493652,0.0,0.0,0.0,1.0,48.0,1050.0,-15.0,98.0,0.0,11.0,0.0,0.0,11.0,10.0,1868.0,105.23943328857422,0.0,0.0,0.0,0.0,0.0,0.0,0.0,0.0,0.0,0.0,0.0,0.0,0.0,0.0,0.0,0.0,13.0,0.0,0.0,0.0,2.0,0
41.93299865722656,238.0,1065.0,39.0,41535.0,0.0,0.0,0.0,44.0,66.0,9.0,0.0,100.0,100.0,100.0,103.0,100.0,103.0,100.0,50.0,50.0,0.0,2.732000129763037,2.732000129763037,2.732000129763037,2.732000129763037,14.70000021904707,1.0,2.424649953842163,0.0,0.0,13.0,3.000000142492354,3.0140001431573182,13.90000020712614,-10.0,0.0,0.0,-8.557242393493652,0.0,0.0,0.0,1.0,48.0,1050.0,-15.0,98.0,0.0,11.0,0.0,0.0,11.0,10.0,1867.0,105.18309783935547,0.0,0.0,0.0,0.0,0.0,0.0,0.0,0.0,0.0,0.0,0.0,0.0,0.0,0.0,0.0,0.0,13.0,0.0,0.0,0.0,2.0,0
42.064998626708984,238.0,1062.0,39.0,41418.0,0.0,0.0,0.0,44.0,66.0,9.0,0.0,100.0,100.0,100.0,103.0,100.0,103.0,100.0,50.0,50.0,0.0,2.732000129763037,2.732000129763037,2.732000129763037,2.732000129763037,14.70000021904707,1.0,2.4178199768066406,0.0,0.0,13.0,3.000000142492354,3.113000147859566,13.90000020712614,-10.0,0.0,0.0,-8.557242393493652,0.0,0.0,0.0,1.0,48.0,1050.0,-12.0,98.0,0.0,11.0,0.0,0.0,11.0,10.0,1867.0,105.480224609375,0.0,0.0,0.0,0.0,0.0,0.0,0.0,0.0,0.0,0.0,0.0,0.0,0.0,0.0,0.0,0.0,13.0,0.0,0.0,0.0,2.0,0
42.13399887084961,238.0,1064.0,39.0,41496.0,0.0,0.0,0.0,44.0,66.0,9.0,0.0,100.0,100.0,100.0,103.0,100.0,103.0,100.0,50.0,50.0,0.0,2.732000129763037,2.732000129763037,2.732000129763037,2.732000129763037,14.70000021904707,1.0,2.4223732948303223,0.0,0.0,13.0,3.000000142492354,3.0170001432998106,13.90000020712614,-30.0,0.0,0.0,-8.557242393493652,0.0,0.0,0.0,1.0,48.0,1050.0,-14.0,98.0,0.0,11.0,0.0,0.0,11.0,10.0,1867.0,105.28195190429688,0.0,0.0,0.0,0.0,0.0,0.0,0.0,0.0,0.0,0.0,0.0,0.0,0.0,0.0,0.0,0.0,13.0,0.0,0.0,0.0,2.0,0
42.202999114990234,238.0,1064.0,39.0,41496.0,0.0,0.0,0.0,44.0,66.0,9.0,0.0,100.0,100.0,100.0,103.0,100.0,103.0,100.0,50.0,50.0,0.0,2.732000129763037,2.732000129763037,2.732000129763037,2.732000129763037,14.70000021904707,1.0,2.4223732948303223,0.0,0.0,13.0,3.000000142492354,3.020000143442303,13.90000020712614,20.0,0.0,0.0,-8.557242393493652,0.0,0.0,0.0,1.0,48.0,1050.0,-14.0,98.0,0.0,11.0,0.0,0.0,11.0,10.0,1867.0,105.28195190429688,0.0,0.0,0.0,0.0,0.0,0.0,0.0,0.0,0.0,0.0,0.0,0.0,0.0,0.0,0.0,0.0,13.0,0.0,0.0,0.0,2.0,0
42.268001556396484,238.0,1063.0,39.0,41457.0,0.0,0.0,0.0,44.0,66.0,9.0,0.0,100.0,100.0,100.0,103.0,100.0,103.0,100.0,50.0,50.0,0.0,2.732000129763037,2.732000129763037,2.732000129763037,2.732000129763037,14.70000021904707,1.0,2.4200966358184814,0.0,0.0,13.0,3.000000142492354,3.111000147764571,13.90000020712614,20.0,0.0,0.0,-8.557242393493652,0.0,0.0,0.0,1.0,48.0,1050.0,-13.0,98.0,0.0,11.0,0.0,0.0,11.0,10.0,1867.0,105.38099670410156,0.0,0.0,0.0,0.0,0.0,0.0,0.0,0.0,0.0,0.0,0.0,0.0,0.0,0.0,0.0,0.0,13.0,0.0,0.0,0.0,2.0,0
42.33399963378906,238.0,1063.0,39.0,41457.0,0.0,0.0,0.0,44.0,66.0,9.0,0.0,100.0,100.0,100.0,103.0,100.0,103.0,100.0,50.0,50.0,0.0,2.732000129763037,2.732000129763037,2.732000129763037,2.732000129763037,14.70000021904707,1.0,2.4200966358184814,0.0,0.0,13.0,3.000000142492354,3.020000143442303,13.90000020712614,-10.0,0.0,0.0,-8.557242393493652,0.0,0.0,0.0,1.0,48.0,1050.0,-13.0,98.0,0.0,11.0,0.0,0.0,11.0,10.0,1867.0,105.38099670410156,0.0,0.0,0.0,0.0,0.0,0.0,0.0,0.0,0.0,0.0,0.0,0.0,0.0,0.0,0.0,0.0,13.0,0.0,0.0,0.0,2.0,0
42.39899826049805,238.0,1062.0,39.0,41418.0,0.0,0.0,0.0,44.0,66.0,9.0,0.0,100.0,100.0,100.0,103.0,100.0,103.0,100.0,50.0,50.0,0.0,2.732000129763037,2.732000129763037,2.732000129763037,2.732000129763037,14.70000021904707,1.0,2.4178199768066406,0.0,0.0,13.0,3.000000142492354,3.0610001453896984,13.90000020712614,-10.0,0.0,0.0,-8.557242393493652,0.0,0.0,0.0,1.0,48.0,1050.0,-12.0,98.0,0.0,11.0,0.0,0.0,11.0,10.0,1867.0,105.480224609375,0.0,0.0,0.0,0.0,0.0,0.0,0.0,0.0,0.0,0.0,0.0,0.0,0.0,0.0,0.0,0.0,13.0,0.0,0.0,0.0,2.0,0
42.465999603271484,238.0,1062.0,39.0,41418.0,0.0,0.0,0.0,44.0,66.0,9.0,0.0,100.0,100.0,100.0,103.0,100.0,103.0,100.0,50.0,50.0,0.0,2.732000129763037,2.732000129763037,2.732000129763037,2.732000129763037,14.70000021904707,1.0,2.4178199768066406,0.0,0.0,13.0,3.000000142492354,3.016000143252313,13.90000020712614,-10.0,0.0,0.0,-8.557242393493652,0.0,0.0,0.0,1.0,48.0,1050.0,-12.0,98.0,0.0,11.0,0.0,0.0,11.0,10.0,1867.0,105.480224609375,0.0,0.0,0.0,0.0,0.0,0.0,0.0,0.0,0.0,0.0,0.0,0.0,0.0,0.0,0.0,0.0,13.0,0.0,0.0,0.0,2.0,0
42.465999603271484,238.0,1057.0,39.0,41223.0,0.0,0.0,0.0,44.0,66.0,9.0,0.0,100.0,100.0,100.0,103.0,100.0,103.0,100.0,50.0,50.0,0.0,2.732000129763037,2.732000129763037,2.732000129763037,2.732000129763037,14.70000021904707,1.0,2.4064366817474365,0.0,0.0,13.0,3.000000142492354,3.0080001428723335,13.90000020712614,-50.0,0.0,0.0,-8.557242393493652,0.0,0.0,0.0,1.0,48.0,1050.0,-7.0,98.0,0.0,11.0,0.0,0.0,11.0,10.0,1867.0,105.97918701171875,0.0,0.0,0.0,0.0,0.0,0.0,0.0,0.0,0.0,0.0,0.0,0.0,0.0,0.0,0.0,0.0,13.0,0.0,0.0,0.0,2.0,0
42.60100173950195,238.0,1060.0,39.0,41340.0,0.0,0.0,0.0,44.0,66.0,9.0,0.0,100.0,100.0,100.0,103.0,100.0,103.0,100.0,50.0,50.0,0.0,2.732000129763037,2.732000129763037,2.732000129763037,2.732000129763037,14.70000021904707,1.0,2.413266658782959,0.0,0.0,13.0,3.000000142492354,3.0300001439172775,13.90000020712614,30.0,0.0,0.0,-8.557242393493652,0.0,0.0,0.0,1.0,48.0,1050.0,-10.0,98.0,0.0,11.0,0.0,0.0,11.0,10.0,1867.0,105.67924499511719,0.0,0.0,0.0,0.0,0.0,0.0,0.0,0.0,0.0,0.0,0.0,0.0,0.0,0.0,0.0,0.0,13.0,0.0,0.0,0.0,2.0,0
42.66600036621094,238.0,1060.0,39.0,41340.0,0.0,0.0,0.0,44.0,66.0,9.0,0.0,100.0,100.0,100.0,103.0,100.0,103.0,100.0,50.0,50.0,0.0,2.732000129763037,2.732000129763037,2.732000129763037,2.732000129763037,14.70000021904707,1.0,2.413266658782959,0.0,0.0,13.0,3.000000142492354,3.0210001434898004,13.90000020712614,30.0,0.0,0.0,-8.557242393493652,0.0,0.0,0.0,1.0,48.0,1050.0,-10.0,98.0,0.0,11.0,0.0,0.0,11.0,10.0,1867.0,105.67924499511719,0.0,0.0,0.0,0.0,0.0,0.0,0.0,0.0,0.0,0.0,0.0,0.0,0.0,0.0,0.0,0.0,13.0,0.0,0.0,0.0,2.0,0
42.73500061035156,238.0,1061.0,39.0,41379.0,0.0,0.0,0.0,44.0,66.0,9.0,0.0,100.0,100.0,100.0,103.0,100.0,103.0,100.0,50.0,50.0,0.0,2.732000129763037,2.732000129763037,2.732000129763037,2.732000129763037,14.70000021904707,1.0,2.4155433177948,0.0,0.0,13.0,3.000000142492354,3.153000149759464,13.90000020712614,10.0,0.0,0.0,-8.557242393493652,0.0,0.0,0.0,1.0,48.0,1050.0,-11.0,98.0,0.0,11.0,0.0,0.0,11.0,10.0,1867.0,105.57964324951172,0.0,0.0,0.0,0.0,0.0,0.0,0.0,0.0,0.0,0.0,0.0,0.0,0.0,0.0,0.0,0.0,13.0,0.0,0.0,0.0,2.0,0
42.79999923706055,238.0,1061.0,39.0,41379.0,0.0,0.0,0.0,44.0,66.0,9.0,0.0,100.0,100.0,100.0,103.0,100.0,103.0,100.0,50.0,50.0,0.0,2.732000129763037,2.732000129763037,2.732000129763037,2.732000129763037,14.70000021904707,1.0,2.4155433177948,0.0,0.0,13.0,3.000000142492354,3.0170001432998106,13.90000020712614,0.0,0.0,0.0,-8.557242393493652,0.0,0.0,0.0,1.0,48.0,1050.0,-11.0,98.0,0.0,11.0,0.0,0.0,11.0,10.0,1867.0,105.57964324951172,0.0,0.0,0.0,0.0,0.0,0.0,0.0,0.0,0.0,0.0,0.0,0.0,0.0,0.0,0.0,0.0,13.0,0.0,0.0,0.0,2.0,0
42.867000579833984,238.0,1065.0,39.0,41535.0,0.0,0.0,0.0,44.0,66.0,9.0,0.0,100.0,100.0,100.0,103.0,100.0,103.0,100.0,50.0,50.0,0.0,2.732000129763037,2.732000129763037,2.732000129763037,2.732000129763037,14.70000021904707,1.0,2.424649953842163,0.0,0.0,13.0,3.000000142492354,2.9930001421598718,13.90000020712614,0.0,0.0,0.0,-8.557242393493652,0.0,0.0,0.0,1.0,48.0,1050.0,-15.0,98.0,0.0,11.0,0.0,0.0,11.0,10.0,1867.0,105.18309783935547,0.0,0.0,0.0,0.0,0.0,0.0,0.0,0.0,0.0,0.0,0.0,0.0,0.0,0.0,0.0,0.0,13.0,0.0,0.0,0.0,2.0,0
42.93299865722656,238.0,1066.0,39.0,41574.0,0.0,0.0,0.0,44.0,66.0,9.0,0.0,100.0,100.0,100.0,103.0,100.0,103.0,100.0,50.0,50.0,0.0,2.732000129763037,2.732000129763037,2.732000129763037,2.732000129763037,14.70000021904707,1.0,2.426926612854004,0.0,0.0,13.0,3.000000142492354,3.022000143537298,13.90000020712614,40.0,0.0,0.0,-8.557242393493652,0.0,0.0,0.0,1.0,48.0,1050.0,-16.0,98.0,0.0,11.0,0.0,0.0,11.0,10.0,1867.0,105.08442687988281,0.0,0.0,0.0,0.0,0.0,0.0,0.0,0.0,0.0,0.0,0.0,0.0,0.0,0.0,0.0,0.0,13.0,0.0,0.0,0.0,2.0,0
43.00199890136719,238.0,1066.0,39.0,41574.0,0.0,0.0,0.0,44.0,66.0,9.0,0.0,100.0,100.0,100.0,103.0,100.0,103.0,100.0,50.0,50.0,0.0,2.732000129763037,2.732000129763037,2.732000129763037,2.732000129763037,14.70000021904707,1.0,2.426926612854004,0.0,0.0,13.0,3.000000142492354,3.02500014367979,13.90000020712614,10.0,0.0,0.0,-8.557242393493652,0.0,0.0,0.0,1.0,48.0,1050.0,-16.0,98.0,0.0,11.0,0.0,0.0,11.0,10.0,1867.0,105.08442687988281,0.0,0.0,0.0,0.0,0.0,0.0,0.0,0.0,0.0,0.0,0.0,0.0,0.0,0.0,0.0,0.0,13.0,0.0,0.0,0.0,2.0,0
43.06700134277344,239.0,1071.0,39.0,41769.0,0.0,0.0,0.0,44.0,66.0,9.0,0.0,100.0,100.0,100.0,103.0,100.0,103.0,100.0,50.0,50.0,0.0,2.732000129763037,2.732000129763037,2.732000129763037,2.732000129763037,14.70000021904707,1.0,2.438309907913208,0.0,0.0,13.0,3.000000142492354,2.903000137885101,14.000000208616257,10.0,0.0,0.0,-8.557242393493652,0.0,0.0,0.0,1.0,47.0,1050.0,-21.0,98.0,0.0,11.0,0.0,0.0,11.0,10.0,1866.0,104.5378189086914,0.0,0.0,0.0,0.0,0.0,0.0,0.0,0.0,0.0,0.0,0.0,0.0,0.0,0.0,0.0,0.0,13.0,0.0,0.0,0.0,2.0,0
43.13199996948242,239.0,1071.0,39.0,41769.0,0.0,0.0,0.0,44.0,66.0,9.0,0.0,100.0,100.0,100.0,103.0,100.0,103.0,100.0,50.0,50.0,0.0,2.732000129763037,2.732000129763037,2.732000129763037,2.732000129763037,14.70000021904707,1.0,2.438309907913208,0.0,0.0,13.0,3.000000142492354,3.020000143442303,14.000000208616257,50.0,0.0,0.0,-8.557242393493652,0.0,0.0,0.0,1.0,47.0,1050.0,-21.0,98.0,0.0,11.0,0.0,0.0,11.0,10.0,1866.0,104.5378189086914,0.0,0.0,0.0,0.0,0.0,0.0,0.0,0.0,0.0,0.0,0.0,0.0,0.0,0.0,0.0,0.0,13.0,0.0,0.0,0.0,2.0,0
43.19900131225586,239.0,1066.0,39.0,41574.0,0.0,0.0,0.0,44.0,66.0,9.0,0.0,100.0,100.0,100.0,103.0,100.0,103.0,100.0,50.0,50.0,0.0,2.732000129763037,2.732000129763037,2.732000129763037,2.732000129763037,14.70000021904707,1.0,2.426926612854004,0.0,0.0,13.0,3.000000142492354,3.042000144487247,14.000000208616257,50.0,0.0,0.0,-8.557242393493652,0.0,0.0,0.0,1.0,47.0,1050.0,-16.0,98.0,0.0,11.0,0.0,0.0,11.0,10.0,1866.0,105.02814483642578,0.0,0.0,0.0,0.0,0.0,0.0,0.0,0.0,0.0,0.0,0.0,0.0,0.0,0.0,0.0,0.0,13.0,0.0,0.0,0.0,2.0,0
43.268001556396484,239.0,1066.0,39.0,41574.0,0.0,0.0,0.0,44.0,66.0,9.0,0.0,100.0,100.0,100.0,103.0,100.0,103.0,100.0,50.0,50.0,0.0,2.732000129763037,2.732000129763037,2.732000129763037,2.732000129763037,14.70000021904707,1.0,2.426926612854004,0.0,0.0,13.0,3.000000142492354,2.9730001412099227,14.000000208616257,-50.0,0.0,0.0,-8.557242393493652,0.0,0.0,0.0,1.0,47.0,1050.0,-16.0,98.0,0.0,11.0,0.0,0.0,11.0,10.0,1866.0,105.02814483642578,0.0,0.0,0.0,0.0,0.0,0.0,0.0,0.0,0.0,0.0,0.0,0.0,0.0,0.0,0.0,0.0,13.0,0.0,0.0,0.0,2.0,0
43.33300018310547,239.0,1066.0,39.0,41574.0,0.0,0.0,0.0,44.0,66.0,9.0,0.0,100.0,100.0,100.0,103.0,100.0,103.0,100.0,50.0,50.0,0.0,2.732000129763037,2.732000129763037,2.732000129763037,2.732000129763037,14.70000021904707,1.0,2.426926612854004,0.0,0.0,13.0,3.000000142492354,3.0080001428723335,14.000000208616257,0.0,0.0,0.0,-8.557242393493652,0.0,0.0,0.0,1.0,47.0,1050.0,-16.0,98.0,0.0,11.0,0.0,0.0,11.0,10.0,1866.0,105.02814483642578,0.0,0.0,0.0,0.0,0.0,0.0,0.0,0.0,0.0,0.0,0.0,0.0,0.0,0.0,0.0,0.0,13.0,0.0,0.0,0.0,2.0,0
43.400001525878906,239.0,1062.0,39.0,41418.0,0.0,0.0,0.0,44.0,66.0,9.0,0.0,100.0,100.0,100.0,103.0,100.0,103.0,100.0,50.0,50.0,0.0,2.732000129763037,2.732000129763037,2.732000129763037,2.732000129763037,14.70000021904707,1.0,2.4178199768066406,0.0,0.0,13.0,3.000000142492354,3.0370001442497596,14.000000208616257,0.0,0.0,0.0,-8.557242393493652,0.0,0.0,0.0,1.0,47.0,1050.0,-12.0,98.0,0.0,11.0,0.0,0.0,11.0,10.0,1866.0,105.4237289428711,0.0,0.0,0.0,0.0,0.0,0.0,0.0,0.0,0.0,0.0,0.0,0.0,0.0,0.0,0.0,0.0,13.0,0.0,0.0,0.0,2.0,0
43.46799850463867,239.0,1062.0,39.0,41418.0,0.0,0.0,0.0,44.0,66.0,9.0,0.0,100.0,100.0,100.0,103.0,100.0,103.0,100.0,50.0,50.0,0.0,2.732000129763037,2.732000129763037,2.732000129763037,2.732000129763037,14.70000021904707,1.0,2.4178199768066406,0.0,0.0,13.0,3.000000142492354,3.0170001432998106,14.000000208616257,-40.0,0.0,0.0,-8.557242393493652,0.0,0.0,0.0,1.0,47.0,1050.0,-12.0,98.0,0.0,11.0,0.0,0.0,11.0,10.0,1866.0,105.4237289428711,0.0,0.0,0.0,0.0,0.0,0.0,0.0,0.0,0.0,0.0,0.0,0.0,0.0,0.0,0.0,0.0,13.0,0.0,0.0,0.0,2.0,0
43.534000396728516,239.0,1065.0,39.0,41535.0,0.0,0.0,0.0,44.0,66.0,9.0,0.0,100.0,100.0,100.0,103.0,100.0,103.0,100.0,50.0,50.0,0.0,2.732000129763037,2.732000129763037,2.732000129763037,2.732000129763037,14.70000021904707,1.0,2.424649953842163,0.0,0.0,13.0,3.000000142492354,2.9590001405449584,14.000000208616257,30.0,0.0,0.0,-8.557242393493652,0.0,0.0,0.0,1.0,47.0,1050.0,-15.0,98.0,0.0,11.0,0.0,0.0,11.0,10.0,1866.0,105.12676239013672,0.0,0.0,0.0,0.0,0.0,0.0,0.0,0.0,0.0,0.0,0.0,0.0,0.0,0.0,0.0,0.0,13.0,0.0,0.0,0.0,2.0,0
43.5989990234375,239.0,1062.0,39.0,41418.0,0.0,0.0,0.0,44.0,66.0,9.0,0.0,100.0,100.0,100.0,103.0,100.0,103.0,100.0,50.0,50.0,0.0,2.732000129763037,2.732000129763037,2.732000129763037,2.732000129763037,14.70000021904707,1.0,2.4178199768066406,0.0,0.0,13.0,3.000000142492354,3.0150001432048157,14.000000208616257,30.0,0.0,0.0,-8.557242393493652,0.0,0.0,0.0,1.0,47.0,1050.0,-12.0,98.0,0.0,11.0,0.0,0.0,11.0,10.0,1866.0,105.4237289428711,0.0,0.0,0.0,0.0,0.0,0.0,0.0,0.0,0.0,0.0,0.0,0.0,0.0,0.0,0.0,0.0,13.0,0.0,0.0,0.0,2.0,0
43.66600036621094,239.0,1062.0,39.0,41418.0,0.0,0.0,0.0,44.0,66.0,9.0,0.0,100.0,100.0,100.0,103.0,100.0,103.0,100.0,50.0,50.0,0.0,2.732000129763037,2.732000129763037,2.732000129763037,2.732000129763037,14.70000021904707,1.0,2.4178199768066406,0.0,0.0,13.0,3.000000142492354,3.0320001440122724,14.000000208616257,-30.0,0.0,0.0,-8.557242393493652,0.0,0.0,0.0,1.0,48.0,1050.0,-12.0,98.0,0.0,11.0,0.0,0.0,11.0,10.0,1866.0,105.4237289428711,0.0,0.0,0.0,0.0,0.0,0.0,0.0,0.0,0.0,0.0,0.0,0.0,0.0,0.0,0.0,0.0,13.0,0.0,0.0,0.0,2.0,0
43.73099899291992,239.0,1065.0,39.0,41535.0,0.0,0.0,0.0,44.0,66.0,9.0,0.0,100.0,100.0,100.0,103.0,100.0,103.0,100.0,50.0,50.0,0.0,2.732000129763037,2.732000129763037,2.732000129763037,2.732000129763037,14.70000021904707,1.0,2.424649953842163,0.0,0.0,13.0,3.000000142492354,3.047000144724734,14.000000208616257,30.0,0.0,0.0,-8.557242393493652,0.0,0.0,0.0,1.0,48.0,1050.0,-15.0,98.0,0.0,11.0,0.0,0.0,11.0,10.0,1866.0,105.12676239013672,0.0,0.0,0.0,0.0,0.0,0.0,0.0,0.0,0.0,0.0,0.0,0.0,0.0,0.0,0.0,0.0,13.0,0.0,0.0,0.0,2.0,0
43.79999923706055,239.0,1065.0,39.0,41535.0,0.0,0.0,0.0,44.0,66.0,9.0,0.0,100.0,100.0,100.0,103.0,100.0,103.0,100.0,50.0,50.0,0.0,2.732000129763037,2.732000129763037,2.732000129763037,2.732000129763037,14.70000021904707,1.0,2.424649953842163,0.0,0.0,13.0,3.000000142492354,3.0210001434898004,14.000000208616257,30.0,0.0,0.0,-8.557242393493652,0.0,0.0,0.0,1.0,48.0,1050.0,-15.0,98.0,0.0,11.0,0.0,0.0,11.0,10.0,1866.0,105.12676239013672,0.0,0.0,0.0,0.0,0.0,0.0,0.0,0.0,0.0,0.0,0.0,0.0,0.0,0.0,0.0,0.0,13.0,0.0,0.0,0.0,2.0,0
43.8650016784668,239.0,1060.0,39.0,41340.0,0.0,0.0,0.0,44.0,66.0,9.0,0.0,100.0,100.0,100.0,103.0,100.0,103.0,100.0,50.0,50.0,0.0,2.732000129763037,2.732000129763037,2.732000129763037,2.732000129763037,14.70000021904707,1.0,2.413266658782959,0.0,0.0,13.0,3.000000142492354,3.027000143774785,14.000000208616257,0.0,0.0,0.0,-8.557242393493652,0.0,0.0,0.0,1.0,48.0,1050.0,-10.0,98.0,0.0,11.0,0.0,0.0,11.0,10.0,1866.0,105.62264251708984,0.0,0.0,0.0,0.0,0.0,0.0,0.0,0.0,0.0,0.0,0.0,0.0,0.0,0.0,0.0,0.0,13.0,0.0,0.0,0.0,2.0,0
43.93199920654297,239.0,1060.0,39.0,41340.0,0.0,0.0,0.0,44.0,66.0,9.0,0.0,100.0,100.0,100.0,103.0,100.0,103.0,100.0,50.0,50.0,0.0,2.732000129763037,2.732000129763037,2.732000129763037,2.732000129763037,14.70000021904707,1.0,2.413266658782959,0.0,0.0,13.0,3.000000142492354,3.016000143252313,14.000000208616257,-50.0,0.0,0.0,-8.557242393493652,0.0,0.0,0.0,1.0,48.0,1050.0,-10.0,98.0,0.0,11.0,0.0,0.0,11.0,10.0,1866.0,105.62264251708984,0.0,0.0,0.0,0.0,0.0,0.0,0.0,0.0,0.0,0.0,0.0,0.0,0.0,0.0,0.0,0.0,13.0,0.0,0.0,0.0,2.0,0
44.0,239.0,1061.0,39.0,41379.0,0.0,0.0,0.0,44.0,66.0,9.0,0.0,100.0,100.0,100.0,103.0,100.0,103.0,100.0,50.0,50.0,0.0,2.732000129763037,2.732000129763037,2.732000129763037,2.732000129763037,14.70000021904707,1.0,2.4155433177948,0.0,0.0,13.0,3.000000142492354,3.0150001432048157,14.000000208616257,-50.0,0.0,0.0,-8.557242393493652,0.0,0.0,0.0,1.0,48.0,1050.0,-11.0,98.0,0.0,11.0,0.0,0.0,11.0,10.0,1866.0,105.5230941772461,0.0,0.0,0.0,0.0,0.0,0.0,0.0,0.0,0.0,0.0,0.0,0.0,0.0,0.0,0.0,0.0,13.0,0.0,0.0,0.0,2.0,0
44.06700134277344,240.0,1063.0,39.0,41457.0,0.0,0.0,0.0,44.0,66.0,9.0,0.0,100.0,100.0,100.0,103.0,100.0,103.0,100.0,50.0,50.0,0.0,2.732000129763037,2.732000129763037,2.732000129763037,2.732000129763037,14.70000021904707,1.0,2.4200966358184814,0.0,0.0,13.0,3.000000142492354,3.0720001459121704,14.000000208616257,10.0,0.0,0.0,-8.557242393493652,0.0,0.0,0.0,1.0,48.0,1050.0,-13.0,98.0,0.0,11.0,0.0,0.0,11.0,10.0,1859.0,104.929443359375,0.0,0.0,0.0,0.0,0.0,0.0,0.0,0.0,0.0,0.0,0.0,0.0,0.0,0.0,0.0,0.0,13.0,0.0,0.0,0.0,2.0,0
44.13199996948242,240.0,1063.0,39.0,41457.0,0.0,0.0,0.0,44.0,66.0,9.0,0.0,100.0,100.0,100.0,103.0,100.0,103.0,100.0,50.0,50.0,0.0,2.732000129763037,2.732000129763037,2.732000129763037,2.732000129763037,14.70000021904707,1.0,2.4200966358184814,0.0,0.0,13.0,3.000000142492354,3.0140001431573182,14.000000208616257,20.0,0.0,0.0,-8.557242393493652,0.0,0.0,0.0,1.0,48.0,1050.0,-13.0,98.0,0.0,11.0,0.0,0.0,11.0,10.0,1859.0,104.929443359375,0.0,0.0,0.0,0.0,0.0,0.0,0.0,0.0,0.0,0.0,0.0,0.0,0.0,0.0,0.0,0.0,13.0,0.0,0.0,0.0,2.0,0
44.20100021362305,240.0,1062.0,39.0,41418.0,0.0,0.0,0.0,44.0,66.0,9.0,0.0,100.0,100.0,100.0,103.0,100.0,103.0,100.0,50.0,50.0,0.0,2.732000129763037,2.732000129763037,2.732000129763037,2.732000129763037,14.70000021904707,1.0,2.4178199768066406,0.0,0.0,13.0,3.000000142492354,3.0920001468621194,14.000000208616257,20.0,0.0,0.0,-8.557242393493652,0.0,0.0,0.0,1.0,48.0,1050.0,-12.0,98.0,0.0,11.0,0.0,0.0,11.0,10.0,1859.0,105.02825164794922,0.0,0.0,0.0,0.0,0.0,0.0,0.0,0.0,0.0,0.0,0.0,0.0,0.0,0.0,0.0,0.0,13.0,0.0,0.0,0.0,2.0,0
44.266998291015625,240.0,1062.0,39.0,41418.0,0.0,0.0,0.0,44.0,66.0,9.0,0.0,100.0,100.0,100.0,103.0,100.0,103.0,100.0,50.0,50.0,0.0,2.732000129763037,2.732000129763037,2.732000129763037,2.732000129763037,14.70000021904707,1.0,2.4178199768066406,0.0,0.0,13.0,3.000000142492354,3.016000143252313,14.000000208616257,-10.0,0.0,0.0,-8.557242393493652,0.0,0.0,0.0,1.0,47.0,1050.0,-12.0,98.0,0.0,11.0,0.0,0.0,11.0,10.0,1859.0,105.02825164794922,0.0,0.0,0.0,0.0,0.0,0.0,0.0,0.0,0.0,0.0,0.0,0.0,0.0,0.0,0.0,0.0,13.0,0.0,0.0,0.0,2.0,0
44.332000732421875,240.0,1060.0,39.0,41340.0,0.0,0.0,0.0,44.0,66.0,9.0,0.0,100.0,100.0,100.0,103.0,100.0,103.0,100.0,50.0,50.0,0.0,2.732000129763037,2.732000129763037,2.732000129763037,2.732000129763037,14.70000021904707,1.0,2.413266658782959,0.0,0.0,13.0,3.000000142492354,3.067000145674683,14.000000208616257,-20.0,0.0,0.0,-8.557242393493652,0.0,0.0,0.0,1.0,47.0,1050.0,-10.0,98.0,0.0,11.0,0.0,0.0,11.0,10.0,1859.0,105.2264175415039,0.0,0.0,0.0,0.0,0.0,0.0,0.0,0.0,0.0,0.0,0.0,0.0,0.0,0.0,0.0,0.0,13.0,0.0,0.0,0.0,2.0,0
44.39899826049805,240.0,1066.0,39.0,41574.0,0.0,0.0,0.0,44.0,66.0,9.0,0.0,100.0,100.0,100.0,103.0,100.0,103.0,100.0,50.0,50.0,0.0,2.732000129763037,2.732000129763037,2.732000129763037,2.732000129763037,14.70000021904707,1.0,2.426926612854004,0.0,0.0,13.0,3.000000142492354,2.9170001385500655,14.000000208616257,-20.0,0.0,0.0,-8.557242393493652,0.0,0.0,0.0,1.0,47.0,1050.0,-16.0,98.0,0.0,11.0,0.0,0.0,11.0,10.0,1859.0,104.63414764404297,0.0,0.0,0.0,0.0,0.0,0.0,0.0,0.0,0.0,0.0,0.0,0.0,0.0,0.0,0.0,0.0,13.0,0.0,0.0,0.0,2.0,0
44.4630012512207,240.0,1066.0,39.0,41574.0,0.0,0.0,0.0,44.0,66.0,9.0,0.0,100.0,100.0,100.0,103.0,100.0,103.0,100.0,50.0,50.0,0.0,2.732000129763037,2.732000129763037,2.732000129763037,2.732000129763037,14.70000021904707,1.0,2.426926612854004,0.0,0.0,13.0,3.000000142492354,3.020000143442303,14.000000208616257,60.0,0.0,0.0,-8.557242393493652,0.0,0.0,0.0,1.0,47.0,1050.0,-16.0,98.0,0.0,11.0,0.0,0.0,11.0,10.0,1859.0,104.63414764404297,0.0,0.0,0.0,0.0,0.0,0.0,0.0,0.0,0.0,0.0,0.0,0.0,0.0,0.0,0.0,0.0,13.0,0.0,0.0,0.0,2.0,0
44.52899932861328,240.0,1064.0,39.0,41496.0,0.0,0.0,0.0,44.0,66.0,9.0,0.0,100.0,100.0,100.0,103.0,100.0,103.0,100.0,50.0,50.0,0.0,2.732000129763037,2.732000129763037,2.732000129763037,2.732000129763037,14.70000021904707,1.0,2.4223732948303223,0.0,0.0,13.0,3.000000142492354,3.03300014405977,14.000000208616257,-20.0,0.0,0.0,-8.557242393493652,0.0,0.0,0.0,1.0,47.0,1050.0,-14.0,98.0,0.0,11.0,0.0,0.0,11.0,10.0,1859.0,104.83082580566406,0.0,0.0,0.0,0.0,0.0,0.0,0.0,0.0,0.0,0.0,0.0,0.0,0.0,0.0,0.0,0.0,13.0,0.0,0.0,0.0,2.0,0
44.5989990234375,240.0,1064.0,39.0,41496.0,0.0,0.0,0.0,44.0,66.0,9.0,0.0,100.0,100.0,100.0,103.0,100.0,103.0,100.0,50.0,50.0,0.0,2.732000129763037,2.732000129763037,2.732000129763037,2.732000129763037,14.70000021904707,1.0,2.4223732948303223,0.0,0.0,13.0,3.000000142492354,3.016000143252313,14.000000208616257,-20.0,0.0,0.0,-8.557242393493652,0.0,0.0,0.0,1.0,47.0,1050.0,-14.0,98.0,0.0,11.0,0.0,0.0,11.0,10.0,1859.0,104.83082580566406,0.0,0.0,0.0,0.0,0.0,0.0,0.0,0.0,0.0,0.0,0.0,0.0,0.0,0.0,0.0,0.0,13.0,0.0,0.0,0.0,2.0,0
44.66600036621094,240.0,1063.0,39.0,41457.0,0.0,0.0,0.0,44.0,66.0,9.0,0.0,100.0,100.0,100.0,103.0,100.0,103.0,100.0,50.0,50.0,0.0,2.732000129763037,2.732000129763037,2.732000129763037,2.732000129763037,14.70000021904707,1.0,2.4200966358184814,0.0,0.0,13.0,3.000000142492354,3.0830001464346424,14.000000208616257,-10.0,0.0,0.0,-8.557242393493652,0.0,0.0,0.0,1.0,47.0,1050.0,-13.0,98.0,0.0,11.0,0.0,0.0,11.0,10.0,1859.0,104.929443359375,0.0,0.0,0.0,0.0,0.0,0.0,0.0,0.0,0.0,0.0,0.0,0.0,0.0,0.0,0.0,0.0,13.0,0.0,0.0,0.0,2.0,0
44.733001708984375,240.0,1058.0,39.0,41262.0,0.0,0.0,0.0,44.0,66.0,9.0,0.0,100.0,100.0,100.0,103.0,100.0,103.0,100.0,50.0,50.0,0.0,2.732000129763037,2.732000129763037,2.732000129763037,2.732000129763037,14.70000021904707,1.0,2.4087133407592773,0.0,0.0,13.0,3.000000142492354,3.0650001455796883,14.000000208616257,-50.0,0.0,0.0,-8.557242393493652,0.0,0.0,0.0,1.0,47.0,1050.0,-8.0,98.0,0.0,11.0,0.0,0.0,11.0,10.0,1859.0,105.42533111572266,0.0,0.0,0.0,0.0,0.0,0.0,0.0,0.0,0.0,0.0,0.0,0.0,0.0,0.0,0.0,0.0,13.0,0.0,0.0,0.0,2.0,0
44.79999923706055,240.0,1058.0,39.0,41262.0,0.0,0.0,0.0,44.0,66.0,9.0,0.0,100.0,100.0,100.0,103.0,100.0,103.0,100.0,50.0,50.0,0.0,2.732000129763037,2.732000129763037,2.732000129763037,2.732000129763037,14.70000021904707,1.0,2.4087133407592773,0.0,0.0,13.0,3.000000142492354,3.0150001432048157,13.90000020712614,-50.0,0.0,0.0,-8.557242393493652,0.0,0.0,0.0,1.0,47.0,1050.0,-8.0,98.0,0.0,11.0,0.0,0.0,11.0,10.0,1859.0,105.42533111572266,0.0,0.0,0.0,0.0,0.0,0.0,0.0,0.0,0.0,0.0,0.0,0.0,0.0,0.0,0.0,0.0,13.0,0.0,0.0,0.0,2.0,0
44.8650016784668,240.0,1044.0,39.0,40716.0,0.0,0.0,0.0,44.0,66.0,9.0,0.0,100.0,100.0,100.0,103.0,100.0,103.0,100.0,50.0,50.0,0.0,2.732000129763037,2.732000129763037,2.732000129763037,2.732000129763037,14.70000021904707,1.0,2.376840114593506,0.0,0.0,13.0,3.000000142492354,3.1210001482395455,13.90000020712614,0.0,0.0,0.0,-8.557242393493652,0.0,0.0,0.0,1.0,48.0,1050.0,6.0,98.0,0.0,11.0,0.0,0.0,11.0,10.0,1859.0,106.83908081054688,0.0,0.0,0.0,0.0,0.0,0.0,0.0,0.0,0.0,0.0,0.0,0.0,0.0,0.0,0.0,0.0,13.0,0.0,0.0,0.0,2.0,0
44.8650016784668,240.0,1044.0,39.0,40716.0,0.0,0.0,0.0,44.0,66.0,9.0,0.0,100.0,100.0,100.0,103.0,100.0,103.0,100.0,50.0,50.0,0.0,2.732000129763037,2.732000129763037,2.732000129763037,2.732000129763037,14.70000021904707,1.0,2.376840114593506,0.0,0.0,13.0,3.000000142492354,3.0170001432998106,13.90000020712614,-140.0,0.0,0.0,-8.557242393493652,0.0,0.0,0.0,1.0,48.0,1050.0,6.0,98.0,0.0,11.0,0.0,0.0,11.0,10.0,1859.0,106.83908081054688,0.0,0.0,0.0,0.0,0.0,0.0,0.0,0.0,0.0,0.0,0.0,0.0,0.0,0.0,0.0,0.0,13.0,0.0,0.0,0.0,2.0,0
45.0,240.0,1047.0,39.0,40833.0,0.0,0.0,0.0,44.0,66.0,9.0,0.0,100.0,100.0,100.0,103.0,100.0,103.0,100.0,50.0,50.0,0.0,2.732000129763037,2.732000129763037,2.732000129763037,2.732000129763037,14.70000021904707,1.0,2.3836700916290283,0.0,0.0,13.0,3.000000142492354,3.0140001431573182,13.90000020712614,-140.0,0.0,0.0,-8.557242393493652,0.0,0.0,0.0,1.0,48.0,1050.0,3.0,98.0,0.0,11.0,0.0,0.0,11.0,10.0,1859.0,106.53295135498047,0.0,0.0,0.0,0.0,0.0,0.0,0.0,0.0,0.0,0.0,0.0,0.0,0.0,0.0,0.0,0.0,13.0,0.0,0.0,0.0,2.0,0
45.066001892089844,241.0,1047.0,39.0,40833.0,0.0,0.0,0.0,44.0,66.0,9.0,0.0,100.0,100.0,100.0,103.0,100.0,103.0,100.0,50.0,50.0,0.0,2.732000129763037,2.732000129763037,2.732000129763037,2.732000129763037,14.70000021904707,1.0,2.3836700916290283,0.0,0.0,13.0,3.000000142492354,3.0150001432048157,13.90000020712614,30.0,0.0,0.0,-8.557242393493652,0.0,0.0,0.0,1.0,48.0,1050.0,3.0,98.0,0.0,11.0,0.0,0.0,11.0,10.0,1866.0,106.93409729003906,0.0,0.0,0.0,0.0,0.0,0.0,0.0,0.0,0.0,0.0,0.0,0.0,0.0,0.0,0.0,0.0,13.0,0.0,0.0,0.0,2.0,0
45.13199996948242,241.0,1048.0,39.0,40872.0,0.0,0.0,0.0,44.0,66.0,9.0,0.0,100.0,100.0,100.0,103.0,100.0,103.0,100.0,50.0,50.0,0.0,2.732000129763037,2.732000129763037,2.732000129763037,2.732000129763037,14.70000021904707,1.0,2.385946750640869,0.0,0.0,13.0,3.000000142492354,3.020000143442303,13.90000020712614,10.0,0.0,0.0,-8.557242393493652,0.0,0.0,0.0,1.0,48.0,1050.0,2.0,98.0,0.0,11.0,0.0,0.0,11.0,10.0,1866.0,106.83206176757812,0.0,0.0,0.0,0.0,0.0,0.0,0.0,0.0,0.0,0.0,0.0,0.0,0.0,0.0,0.0,0.0,13.0,0.0,0.0,0.0,2.0,0
45.20199966430664,241.0,1054.0,39.0,41106.0,0.0,0.0,0.0,44.0,66.0,9.0,0.0,100.0,100.0,100.0,103.0,100.0,103.0,100.0,50.0,50.0,0.0,2.732000129763037,2.732000129763037,2.732000129763037,2.732000129763037,14.70000021904707,1.0,2.399606704711914,0.0,0.0,13.0,3.000000142492354,2.9550001403549686,13.90000020712614,10.0,0.0,0.0,-8.557242393493652,0.0,0.0,0.0,1.0,49.0,1050.0,-4.0,98.0,0.0,11.0,0.0,0.0,11.0,10.0,1866.0,106.22390747070312,0.0,0.0,0.0,0.0,0.0,0.0,0.0,0.0,0.0,0.0,0.0,0.0,0.0,0.0,0.0,0.0,13.0,0.0,0.0,0.0,2.0,0
45.268001556396484,241.0,1054.0,39.0,41106.0,0.0,0.0,0.0,44.0,66.0,9.0,0.0,100.0,100.0,100.0,103.0,100.0,103.0,100.0,50.0,50.0,0.0,2.732000129763037,2.732000129763037,2.732000129763037,2.732000129763037,14.70000021904707,1.0,2.399606704711914,0.0,0.0,13.0,3.000000142492354,3.0190001433948055,13.90000020712614,60.0,0.0,0.0,-8.557242393493652,0.0,0.0,0.0,1.0,49.0,1050.0,-4.0,98.0,0.0,11.0,0.0,0.0,11.0,10.0,1866.0,106.22390747070312,0.0,0.0,0.0,0.0,0.0,0.0,0.0,0.0,0.0,0.0,0.0,0.0,0.0,0.0,0.0,0.0,13.0,0.0,0.0,0.0,2.0,0
45.332000732421875,241.0,1053.0,39.0,41067.0,0.0,0.0,0.0,44.0,66.0,9.0,0.0,100.0,100.0,100.0,103.0,100.0,103.0,100.0,50.0,50.0,0.0,2.732000129763037,2.732000129763037,2.732000129763037,2.732000129763037,14.70000021904707,1.0,2.3973300457000732,0.0,0.0,13.0,3.000000142492354,3.1740001507569104,13.90000020712614,60.0,0.0,0.0,-8.557242393493652,0.0,0.0,0.0,1.0,49.0,1050.0,-3.0,98.0,0.0,11.0,0.0,0.0,11.0,10.0,1866.0,106.32478332519531,0.0,0.0,0.0,0.0,0.0,0.0,0.0,0.0,0.0,0.0,0.0,0.0,0.0,0.0,0.0,0.0,13.0,0.0,0.0,0.0,2.0,0
45.39799880981445,241.0,1053.0,39.0,41067.0,0.0,0.0,0.0,44.0,66.0,9.0,0.0,100.0,100.0,100.0,103.0,100.0,103.0,100.0,50.0,50.0,0.0,2.732000129763037,2.732000129763037,2.732000129763037,2.732000129763037,14.70000021904707,1.0,2.3973300457000732,0.0,0.0,13.0,3.000000142492354,3.016000143252313,13.90000020712614,-10.0,0.0,0.0,-8.557242393493652,0.0,0.0,0.0,1.0,49.0,1050.0,-3.0,98.0,0.0,11.0,0.0,0.0,11.0,10.0,1866.0,106.32478332519531,0.0,0.0,0.0,0.0,0.0,0.0,0.0,0.0,0.0,0.0,0.0,0.0,0.0,0.0,0.0,0.0,13.0,0.0,0.0,0.0,2.0,0
45.46699905395508,241.0,1056.0,39.0,41184.0,0.0,0.0,0.0,44.0,66.0,9.0,0.0,100.0,100.0,100.0,103.0,100.0,103.0,100.0,50.0,50.0,0.0,2.732000129763037,2.732000129763037,2.732000129763037,2.732000129763037,14.70000021904707,1.0,2.4041600227355957,0.0,0.0,13.0,3.000000142492354,3.0520001449622214,13.90000020712614,30.0,0.0,0.0,-8.557242393493652,0.0,0.0,0.0,1.0,48.0,1050.0,-6.0,98.0,0.0,11.0,0.0,0.0,11.0,10.0,1866.0,106.0227279663086,0.0,0.0,0.0,0.0,0.0,0.0,0.0,0.0,0.0,0.0,0.0,0.0,0.0,0.0,0.0,0.0,13.0,0.0,0.0,0.0,2.0,0
45.53300094604492,241.0,1049.0,39.0,40911.0,0.0,0.0,0.0,44.0,66.0,9.0,0.0,100.0,100.0,100.0,103.0,100.0,103.0,100.0,50.0,50.0,0.0,2.732000129763037,2.732000129763037,2.732000129763037,2.732000129763037,14.70000021904707,1.0,2.38822340965271,0.0,0.0,13.0,3.000000142492354,3.0120001430623233,13.90000020712614,30.0,0.0,0.0,-8.557242393493652,0.0,0.0,0.0,1.0,48.0,1050.0,1.0,98.0,0.0,11.0,0.0,0.0,11.0,10.0,1866.0,106.73021697998047,0.0,0.0,0.0,0.0,0.0,0.0,0.0,0.0,0.0,0.0,0.0,0.0,0.0,0.0,0.0,0.0,13.0,0.0,0.0,0.0,2.0,0
45.5989990234375,241.0,1049.0,39.0,40911.0,0.0,0.0,0.0,44.0,66.0,9.0,0.0,100.0,100.0,100.0,103.0,100.0,103.0,100.0,50.0,50.0,0.0,2.732000129763037,2.732000129763037,2.732000129763037,2.732000129763037,14.70000021904707,1.0,2.38822340965271,0.0,0.0,13.0,3.000000142492354,2.9970001423498616,13.90000020712614,-70.0,0.0,0.0,-8.557242393493652,0.0,0.0,0.0,1.0,48.0,1050.0,1.0,98.0,0.0,11.0,0.0,0.0,11.0,10.0,1866.0,106.73021697998047,0.0,0.0,0.0,0.0,0.0,0.0,0.0,0.0,0.0,0.0,0.0,0.0,0.0,0.0,0.0,0.0,13.0,0.0,0.0,0.0,2.0,0
45.667999267578125,241.0,970.0,40.0,38800.0,0.0,0.0,0.0,44.0,66.0,9.0,0.0,100.0,100.0,100.0,103.0,100.0,103.0,100.0,50.0,50.0,0.0,2.768000131472945,2.768000131472945,2.768000131472945,2.768000131472945,14.70000021904707,1.0,2.23746657371521,0.0,0.0,13.0,3.000000142492354,2.641000125440769,13.90000020712614,0.0,0.0,0.0,-8.412203788757324,0.0,0.0,0.0,1.0,48.0,1050.0,80.0,98.0,0.0,11.0,0.0,0.0,11.0,10.0,1866.0,115.42268371582031,0.0,0.0,0.0,0.0,0.0,0.0,0.0,0.0,0.0,0.0,0.0,0.0,0.0,0.0,0.0,0.0,13.0,0.0,0.0,0.0,2.0,0
45.733001708984375,241.0,970.0,41.0,39770.0,0.0,0.0,0.0,44.0,66.0,9.0,0.0,100.0,100.0,100.0,103.0,100.0,103.0,100.0,50.0,50.0,0.0,2.805000133230351,2.805000133230351,2.805000133230351,2.805000133230351,14.70000021904707,1.0,2.2673749923706055,0.0,0.0,13.0,3.000000142492354,2.9660001408774406,13.90000020712614,0.0,0.0,0.0,-8.267166137695312,0.0,0.0,0.0,1.0,48.0,1050.0,80.0,98.0,0.0,11.0,0.0,0.0,11.0,10.0,1866.0,115.42268371582031,0.0,0.0,0.0,0.0,0.0,0.0,0.0,0.0,0.0,0.0,0.0,0.0,0.0,0.0,0.0,0.0,13.0,0.0,0.0,0.0,2.0,0
45.79899978637695,241.0,881.0,44.0,38764.0,0.0,0.0,0.0,44.0,66.0,9.0,0.0,100.0,100.0,100.0,103.0,100.0,103.0,100.0,50.0,50.0,0.0,2.9520001402124763,2.9520001402124763,2.9520001402124763,2.9520001402124763,14.70000021904707,1.0,2.167259931564331,0.0,0.0,14.0,3.000000142492354,2.683000127435662,13.90000020712614,-790.0,0.0,0.0,-7.832052230834961,0.0,0.0,0.0,1.0,60.0,1050.0,169.0,98.0,0.0,11.0,0.0,0.0,11.0,10.0,1866.0,127.0828628540039,0.0,0.0,0.0,0.0,0.0,0.0,0.0,0.0,0.0,0.0,0.0,0.0,0.0,0.0,0.0,0.0,14.0,0.0,0.0,0.0,2.0,0
45.8650016784668,241.0,881.0,46.0,40526.0,0.0,0.0,0.0,44.0,66.0,9.0,0.0,100.0,100.0,100.0,103.0,100.0,103.0,100.0,50.0,50.0,0.0,3.062000145437196,3.062000145437196,3.062000145437196,3.062000145437196,14.70000021904707,1.0,2.248018264770508,0.0,0.0,14.0,3.000000142492354,2.535000120406039,13.90000020712614,-890.0,0.0,0.0,-7.541975975036621,0.0,0.0,0.0,1.0,60.0,1050.0,169.0,98.0,0.0,11.0,0.0,0.0,11.0,10.0,1866.0,127.0828628540039,0.0,0.0,0.0,0.0,0.0,0.0,0.0,0.0,0.0,0.0,0.0,0.0,0.0,0.0,0.0,0.0,14.0,0.0,0.0,0.0,2.0,0
45.935001373291016,241.0,791.0,49.0,38759.0,0.0,0.0,0.0,44.0,66.0,9.0,0.0,100.0,100.0,100.0,103.0,100.0,103.0,100.0,50.0,50.0,0.0,3.208000152371824,3.208000152371824,3.208000152371824,3.208000152371824,14.70000021904707,1.0,2.1146066188812256,0.0,0.0,15.0,3.000000142492354,3.009000142919831,13.90000020712614,-890.0,0.0,0.0,-7.1068620681762695,0.0,0.0,0.0,1.0,60.0,1050.0,259.0,98.0,0.0,11.0,0.0,0.0,11.0,10.0,1866.0,141.5423583984375,0.0,0.0,0.0,0.0,0.0,0.0,0.0,0.0,0.0,0.0,0.0,0.0,0.0,0.0,0.0,0.0,15.0,0.0,0.0,0.0,2.0,0
46.00400161743164,241.0,791.0,51.0,40341.0,0.0,0.0,0.0,44.0,66.0,9.0,0.0,100.0,100.0,100.0,103.0,100.0,103.0,100.0,50.0,50.0,0.0,3.282000155886635,3.282000155886635,3.282000155886635,3.282000155886635,14.70000021904707,1.0,2.1633849143981934,0.0,0.0,15.0,3.000000142492354,2.495000118506141,13.90000020712614,-900.0,0.0,0.0,-6.81678581237793,0.0,0.0,0.0,1.0,60.0,1050.0,259.0,98.0,0.0,11.0,0.0,0.0,11.0,10.0,1866.0,141.5423583984375,0.0,0.0,0.0,0.0,0.0,0.0,0.0,0.0,0.0,0.0,0.0,0.0,0.0,0.0,0.0,0.0,15.0,0.0,0.0,0.0,2.0,0
46.069000244140625,242.0,791.0,55.0,43505.0,0.0,0.0,0.0,44.0,66.0,9.0,0.0,100.0,100.0,100.0,103.0,100.0,103.0,100.0,50.0,50.0,0.0,3.474000165006146,3.474000165006146,3.474000165006146,3.474000165006146,14.70000021904707,1.0,2.289944887161255,0.0,0.0,15.0,3.000000142492354,2.954000140307471,13.700000204145908,0.0,0.0,0.0,-6.236633777618408,0.0,0.0,0.0,1.0,88.0,1050.0,259.0,98.0,0.0,11.0,0.0,0.0,11.0,10.0,1870.0,141.84576416015625,0.0,0.0,0.0,0.0,0.0,0.0,0.0,0.0,0.0,0.0,0.0,0.0,0.0,0.0,0.0,0.0,15.0,0.0,0.0,0.0,2.0,0
46.13600158691406,242.0,719.0,61.0,43859.0,0.0,0.0,0.0,44.0,66.0,9.0,0.0,100.0,100.0,100.0,103.0,100.0,103.0,100.0,50.0,50.0,0.0,3.767000178922899,3.767000178922899,3.767000178922899,3.767000178922899,14.70000021904707,1.0,2.2570607662200928,0.0,0.0,15.0,3.000000142492354,3.2050001522293314,13.700000204145908,0.0,0.0,0.0,-5.366405963897705,0.0,0.0,0.0,1.0,88.0,1050.0,331.0,98.0,0.0,11.0,0.0,0.0,11.0,10.0,1870.0,156.05006408691406,0.0,0.0,0.0,0.0,0.0,0.0,0.0,0.0,0.0,0.0,0.0,0.0,0.0,0.0,0.0,0.0,15.0,0.0,0.0,0.0,2.0,0
46.20000076293945,242.0,719.0,64.0,46016.0,0.0,0.0,0.0,44.0,66.0,9.0,0.0,100.0,100.0,100.0,103.0,100.0,103.0,100.0,50.0,50.0,0.0,3.9140001859050244,3.9140001859050244,3.9140001859050244,3.9140001859050244,14.70000021904707,1.0,2.3451383113861084,0.0,0.0,15.0,3.000000142492354,3.2600001548416913,13.700000204145908,-720.0,0.0,0.0,-4.9312920570373535,0.0,0.0,0.0,1.0,88.0,1050.0,331.0,98.0,0.0,11.0,0.0,0.0,11.0,10.0,1870.0,156.05006408691406,0.0,0.0,0.0,0.0,0.0,0.0,0.0,0.0,0.0,0.0,0.0,0.0,0.0,0.0,0.0,0.0,15.0,0.0,0.0,0.0,2.0,0
46.266998291015625,242.0,719.0,67.0,48173.0,0.0,0.0,0.0,44.0,66.0,9.0,0.0,100.0,100.0,100.0,103.0,100.0,103.0,100.0,50.0,50.0,0.0,4.06100019288715,4.06100019288715,4.06100019288715,4.06100019288715,14.70000021904707,1.0,2.433215856552124,0.0,0.0,15.0,3.000000142492354,3.0190001433948055,13.700000204145908,0.0,0.0,0.0,-4.496178150177002,0.0,0.0,0.0,1.0,88.0,1050.0,331.0,98.0,0.0,11.0,0.0,0.0,11.0,10.0,1870.0,156.05006408691406,0.0,0.0,0.0,0.0,0.0,0.0,0.0,0.0,0.0,0.0,0.0,0.0,0.0,0.0,0.0,0.0,15.0,0.0,0.0,0.0,2.0,0
46.334999084472656,242.0,710.0,69.0,48990.0,0.0,0.0,0.0,44.0,66.0,9.0,0.0,100.0,100.0,100.0,103.0,100.0,103.0,100.0,50.0,50.0,0.0,4.134000196354464,4.134000196354464,4.134000196354464,4.134000196354464,14.70000021904707,1.0,2.4459500312805176,0.0,0.0,15.0,3.000000142492354,3.4910001658136025,13.500000201165676,0.0,0.0,0.0,-4.206101894378662,0.0,0.0,0.0,1.0,88.0,1050.0,340.0,98.0,0.0,11.0,0.0,0.0,11.0,10.0,1870.0,158.02816772460938,0.0,0.0,0.0,0.0,0.0,0.0,0.0,0.0,0.0,0.0,0.0,0.0,0.0,0.0,0.0,0.0,15.0,0.0,0.0,0.0,2.0,0
46.4010009765625,242.0,710.0,71.0,50410.0,0.0,0.0,0.0,44.0,66.0,9.0,0.0,100.0,100.0,100.0,103.0,100.0,103.0,100.0,50.0,50.0,0.0,4.244000201579183,4.244000201579183,4.244000201579183,4.244000201579183,14.70000021904707,1.0,2.511033296585083,0.0,0.0,15.0,3.000000142492354,3.071000145864673,13.500000201165676,-90.0,0.0,0.0,-3.9160261154174805,0.0,0.0,0.0,1.0,100.0,1050.0,340.0,98.0,0.0,11.0,0.0,0.0,11.0,10.0,1870.0,158.02816772460938,0.0,0.0,0.0,0.0,0.0,0.0,0.0,0.0,0.0,0.0,0.0,0.0,0.0,0.0,0.0,0.0,15.0,0.0,0.0,0.0,2.0,0
46.46699905395508,242.0,724.0,70.0,50680.0,0.0,0.0,0.0,44.0,66.0,9.0,0.0,100.0,100.0,100.0,103.0,100.0,103.0,100.0,50.0,50.0,0.0,4.207000199821778,4.207000199821778,4.207000199821778,4.207000199821778,14.70000021904707,1.0,2.5382232666015625,0.0,0.0,15.0,3.000000142492354,3.6660001741256565,13.500000201165676,140.0,0.0,0.0,-4.061063766479492,0.0,0.0,0.0,1.0,100.0,1050.0,326.0,98.0,0.0,11.0,0.0,0.0,11.0,10.0,1870.0,154.97238159179688,0.0,0.0,0.0,0.0,0.0,0.0,0.0,0.0,0.0,0.0,0.0,0.0,0.0,0.0,0.0,0.0,15.0,0.0,0.0,0.0,2.0,0
46.53099822998047,242.0,724.0,70.0,50680.0,0.0,0.0,0.0,44.0,66.0,9.0,0.0,100.0,100.0,100.0,103.0,100.0,103.0,100.0,50.0,50.0,0.0,4.207000199821778,4.207000199821778,4.207000199821778,4.207000199821778,14.70000021904707,1.0,2.5382232666015625,0.0,0.0,15.0,3.000000142492354,3.133000148809515,13.500000201165676,140.0,0.0,0.0,-4.061063766479492,0.0,0.0,0.0,1.0,100.0,1050.0,326.0,98.0,0.0,11.0,0.0,0.0,11.0,10.0,1870.0,154.97238159179688,0.0,0.0,0.0,0.0,0.0,0.0,0.0,0.0,0.0,0.0,0.0,0.0,0.0,0.0,0.0,0.0,15.0,0.0,0.0,0.0,2.0,0
46.60100173950195,242.0,830.0,68.0,56440.0,0.0,0.0,0.0,44.0,66.0,9.0,0.0,100.0,100.0,100.0,103.0,100.0,103.0,100.0,50.0,50.0,0.0,4.097000194597058,4.097000194597058,4.097000194597058,4.097000194597058,14.70000021904707,1.0,2.8337583541870117,0.0,0.0,14.0,3.000000142492354,3.483000165433623,13.500000201165676,0.0,0.0,0.0,-4.351140022277832,0.0,0.0,0.0,1.0,100.0,1050.0,220.0,98.0,0.0,11.0,0.0,0.0,11.0,10.0,1870.0,135.18072509765625,0.0,0.0,0.0,0.0,0.0,0.0,0.0,0.0,0.0,0.0,0.0,0.0,0.0,0.0,0.0,0.0,14.0,0.0,0.0,0.0,2.0,0
46.66600036621094,242.0,830.0,67.0,55610.0,0.0,0.0,0.0,44.0,66.0,9.0,0.0,100.0,100.0,100.0,103.0,100.0,103.0,100.0,50.0,50.0,0.0,4.06100019288715,4.06100019288715,4.06100019288715,4.06100019288715,14.70000021904707,1.0,2.8088583946228027,0.0,0.0,14.0,3.000000142492354,3.098000147147104,13.500000201165676,1060.0,0.0,0.0,-4.496178150177002,0.0,0.0,0.0,1.0,88.0,1050.0,220.0,98.0,0.0,11.0,0.0,0.0,11.0,10.0,1870.0,135.18072509765625,0.0,0.0,0.0,0.0,0.0,0.0,0.0,0.0,0.0,0.0,0.0,0.0,0.0,0.0,0.0,0.0,14.0,0.0,0.0,0.0,2.0,0
46.731998443603516,242.0,922.0,64.0,59008.0,0.0,0.0,0.0,44.0,66.0,9.0,0.0,100.0,100.0,100.0,103.0,100.0,103.0,100.0,50.0,50.0,0.0,3.9140001859050244,3.9140001859050244,3.9140001859050244,3.9140001859050244,14.70000021904707,1.0,3.0072567462921143,0.0,0.0,14.0,3.000000142492354,3.4400001633912325,13.500000201165676,1060.0,0.0,0.0,-4.9312920570373535,0.0,0.0,0.0,1.0,88.0,1050.0,128.0,98.0,0.0,11.0,0.0,0.0,11.0,10.0,1870.0,121.69197082519531,0.0,0.0,0.0,0.0,0.0,0.0,0.0,0.0,0.0,0.0,0.0,0.0,0.0,0.0,0.0,0.0,14.0,0.0,0.0,0.0,2.0,0
46.79800033569336,242.0,922.0,63.0,58086.0,0.0,0.0,0.0,44.0,66.0,9.0,0.0,100.0,100.0,100.0,103.0,100.0,103.0,100.0,50.0,50.0,0.0,3.8770001841476187,3.8770001841476187,3.8770001841476187,3.8770001841476187,14.70000021904707,1.0,2.9788284301757812,0.0,0.0,14.0,3.000000142492354,3.0960001470521092,13.500000201165676,920.0,0.0,0.0,-5.076330184936523,0.0,0.0,0.0,1.0,88.0,1050.0,128.0,98.0,0.0,11.0,0.0,0.0,11.0,10.0,1870.0,121.69197082519531,0.0,0.0,0.0,0.0,0.0,0.0,0.0,0.0,0.0,0.0,0.0,0.0,0.0,0.0,0.0,0.0,14.0,0.0,0.0,0.0,2.0,0
46.86899948120117,242.0,994.0,61.0,60634.0,0.0,0.0,0.0,44.0,66.0,9.0,0.0,100.0,100.0,100.0,103.0,100.0,103.0,100.0,50.0,50.0,0.0,3.767000178922899,3.767000178922899,3.767000178922899,3.767000178922899,14.70000021904707,1.0,3.1203317642211914,0.0,0.0,13.0,3.000000142492354,3.027000143774785,13.700000204145908,720.0,0.0,0.0,-5.366405963897705,0.0,0.0,0.0,1.0,88.0,1050.0,56.0,98.0,0.0,11.0,0.0,0.0,11.0,10.0,1870.0,112.87726593017578,0.0,0.0,0.0,0.0,0.0,0.0,0.0,0.0,0.0,0.0,0.0,0.0,0.0,0.0,0.0,0.0,13.0,0.0,0.0,0.0,2.0,0
46.93299865722656,242.0,994.0,61.0,60634.0,0.0,0.0,0.0,44.0,66.0,9.0,0.0,100.0,100.0,100.0,103.0,100.0,103.0,100.0,50.0,50.0,0.0,3.767000178922899,3.767000178922899,3.767000178922899,3.767000178922899,14.70000021904707,1.0,3.1203317642211914,0.0,0.0,13.0,3.000000142492354,3.0190001433948055,13.700000204145908,720.0,0.0,0.0,-5.366405963897705,0.0,0.0,0.0,1.0,88.0,1050.0,56.0,98.0,0.0,11.0,0.0,0.0,11.0,10.0,1870.0,112.87726593017578,0.0,0.0,0.0,0.0,0.0,0.0,0.0,0.0,0.0,0.0,0.0,0.0,0.0,0.0,0.0,0.0,13.0,0.0,0.0,0.0,2.0,0
46.999000549316406,242.0,1036.0,57.0,59052.0,0.0,0.0,0.0,44.0,66.0,9.0,0.0,100.0,100.0,100.0,103.0,100.0,103.0,100.0,50.0,50.0,0.0,3.5840001702308655,3.5840001702308655,3.5840001702308655,3.5840001702308655,14.70000021904707,1.0,3.094186782836914,0.0,0.0,13.0,3.000000142492354,3.3250001579290256,13.700000204145908,420.0,0.0,0.0,-5.946557998657227,0.0,0.0,0.0,1.0,61.0,1050.0,14.0,98.0,0.0,11.0,0.0,0.0,11.0,10.0,1870.0,108.30115509033203,0.0,0.0,0.0,0.0,0.0,0.0,0.0,0.0,0.0,0.0,0.0,0.0,0.0,0.0,0.0,0.0,13.0,0.0,0.0,0.0,2.0,0
47.06399917602539,243.0,1066.0,52.0,55432.0,0.0,0.0,0.0,44.0,66.0,9.0,0.0,100.0,100.0,100.0,103.0,100.0,103.0,100.0,50.0,50.0,0.0,3.355000159353949,3.355000159353949,3.355000159353949,3.355000159353949,14.70000021904707,1.0,2.980358362197876,0.0,0.0,13.0,3.000000142492354,3.020000143442303,13.800000205636024,300.0,0.0,0.0,-6.671748161315918,0.0,0.0,0.0,1.0,61.0,1050.0,-16.0,98.0,0.0,11.0,0.0,0.0,11.0,10.0,1874.0,105.47842407226562,0.0,0.0,0.0,0.0,0.0,0.0,0.0,0.0,0.0,0.0,0.0,0.0,0.0,0.0,0.0,0.0,13.0,0.0,0.0,0.0,2.0,0
47.130001068115234,243.0,1066.0,49.0,52234.0,0.0,0.0,0.0,44.0,66.0,9.0,0.0,100.0,100.0,100.0,103.0,100.0,103.0,100.0,50.0,50.0,0.0,3.208000152371824,3.208000152371824,3.208000152371824,3.208000152371824,14.70000021904707,1.0,2.849773406982422,0.0,0.0,13.0,3.000000142492354,3.0240001436322927,13.800000205636024,300.0,0.0,0.0,-7.1068620681762695,0.0,0.0,0.0,1.0,61.0,1050.0,-16.0,98.0,0.0,11.0,0.0,0.0,11.0,10.0,1874.0,105.47842407226562,0.0,0.0,0.0,0.0,0.0,0.0,0.0,0.0,0.0,0.0,0.0,0.0,0.0,0.0,0.0,0.0,13.0,0.0,0.0,0.0,2.0,0
47.19900131225586,243.0,1057.0,47.0,49679.0,0.0,0.0,0.0,44.0,66.0,9.0,0.0,100.0,100.0,100.0,103.0,100.0,103.0,100.0,50.0,50.0,0.0,3.098000147147104,3.098000147147104,3.098000147147104,3.098000147147104,14.70000021904707,1.0,2.7288217544555664,0.0,0.0,13.0,3.000000142492354,2.920000138692558,13.800000205636024,0.0,0.0,0.0,-7.396937847137451,0.0,0.0,0.0,1.0,61.0,1050.0,-7.0,98.0,0.0,11.0,0.0,0.0,11.0,10.0,1874.0,106.37654113769531,0.0,0.0,0.0,0.0,0.0,0.0,0.0,0.0,0.0,0.0,0.0,0.0,0.0,0.0,0.0,0.0,13.0,0.0,0.0,0.0,2.0,0
47.26599884033203,243.0,1057.0,47.0,49679.0,0.0,0.0,0.0,44.0,66.0,9.0,0.0,100.0,100.0,100.0,103.0,100.0,103.0,100.0,50.0,50.0,0.0,3.098000147147104,3.098000147147104,3.098000147147104,3.098000147147104,14.70000021904707,1.0,2.7288217544555664,0.0,0.0,13.0,3.000000142492354,3.0040001426823437,13.800000205636024,-90.0,0.0,0.0,-7.396937847137451,0.0,0.0,0.0,1.0,60.0,1050.0,-7.0,98.0,0.0,11.0,0.0,0.0,11.0,10.0,1874.0,106.37654113769531,0.0,0.0,0.0,0.0,0.0,0.0,0.0,0.0,0.0,0.0,0.0,0.0,0.0,0.0,0.0,0.0,13.0,0.0,0.0,0.0,2.0,0
47.26599884033203,243.0,1011.0,47.0,47517.0,0.0,0.0,0.0,44.0,66.0,9.0,0.0,100.0,100.0,100.0,103.0,100.0,103.0,100.0,50.0,50.0,0.0,3.098000147147104,3.098000147147104,3.098000147147104,3.098000147147104,14.70000021904707,1.0,2.61006498336792,0.0,0.0,13.0,3.000000142492354,2.909000138170086,13.90000020712614,-90.0,0.0,0.0,-7.396937847137451,0.0,0.0,0.0,1.0,60.0,1050.0,39.0,98.0,0.0,11.0,0.0,0.0,11.0,10.0,1874.0,111.21661376953125,0.0,0.0,0.0,0.0,0.0,0.0,0.0,0.0,0.0,0.0,0.0,0.0,0.0,0.0,0.0,0.0,13.0,0.0,0.0,0.0,2.0,0
47.400001525878906,243.0,1011.0,47.0,47517.0,0.0,0.0,0.0,44.0,66.0,9.0,0.0,100.0,100.0,100.0,103.0,100.0,103.0,100.0,50.0,50.0,0.0,3.098000147147104,3.098000147147104,3.098000147147104,3.098000147147104,14.70000021904707,1.0,2.61006498336792,0.0,0.0,13.0,3.000000142492354,3.0140001431573182,13.90000020712614,-460.0,0.0,0.0,-7.396937847137451,0.0,0.0,0.0,1.0,60.0,1050.0,39.0,98.0,0.0,11.0,0.0,0.0,11.0,10.0,1874.0,111.21661376953125,0.0,0.0,0.0,0.0,0.0,0.0,0.0,0.0,0.0,0.0,0.0,0.0,0.0,0.0,0.0,0.0,13.0,0.0,0.0,0.0,2.0,0
47.46699905395508,243.0,964.0,47.0,45308.0,0.0,0.0,0.0,44.0,66.0,9.0,0.0,100.0,100.0,100.0,103.0,100.0,103.0,100.0,50.0,50.0,0.0,3.098000147147104,3.098000147147104,3.098000147147104,3.098000147147104,14.70000021904707,1.0,2.4887266159057617,0.0,0.0,13.0,3.000000142492354,2.8730001364601776,13.90000020712614,-470.0,0.0,0.0,-7.396937847137451,0.0,0.0,0.0,1.0,60.0,1050.0,86.0,98.0,0.0,11.0,0.0,0.0,11.0,10.0,1874.0,116.63900756835938,0.0,0.0,0.0,0.0,0.0,0.0,0.0,0.0,0.0,0.0,0.0,0.0,0.0,0.0,0.0,0.0,13.0,0.0,0.0,0.0,2.0,0
47.53200149536133,243.0,964.0,47.0,45308.0,0.0,0.0,0.0,44.0,66.0,9.0,0.0,100.0,100.0,100.0,103.0,100.0,103.0,100.0,50.0,50.0,0.0,3.098000147147104,3.098000147147104,3.098000147147104,3.098000147147104,14.70000021904707,1.0,2.4887266159057617,0.0,0.0,13.0,3.000000142492354,3.0140001431573182,13.90000020712614,-470.0,0.0,0.0,-7.396937847137451,0.0,0.0,0.0,1.0,60.0,1050.0,86.0,98.0,0.0,11.0,0.0,0.0,11.0,10.0,1874.0,116.63900756835938,0.0,0.0,0.0,0.0,0.0,0.0,0.0,0.0,0.0,0.0,0.0,0.0,0.0,0.0,0.0,0.0,13.0,0.0,0.0,0.0,2.0,0
47.60200119018555,243.0,917.0,50.0,45850.0,0.0,0.0,0.0,44.0,66.0,9.0,0.0,100.0,100.0,100.0,103.0,100.0,103.0,100.0,50.0,50.0,0.0,3.246000154176727,3.246000154176727,3.246000154176727,3.246000154176727,14.70000021904707,1.0,2.480484962463379,0.0,0.0,14.0,3.000000142492354,2.8620001359377056,13.90000020712614,-470.0,0.0,0.0,-6.9618239402771,0.0,0.0,0.0,1.0,81.0,1050.0,133.0,98.0,0.0,11.0,0.0,0.0,11.0,10.0,1874.0,122.61723327636719,0.0,0.0,0.0,0.0,0.0,0.0,0.0,0.0,0.0,0.0,0.0,0.0,0.0,0.0,0.0,0.0,14.0,0.0,0.0,0.0,2.0,0
47.66699981689453,243.0,917.0,54.0,49518.0,0.0,0.0,0.0,44.0,66.0,9.0,0.0,100.0,100.0,100.0,103.0,100.0,103.0,100.0,50.0,50.0,0.0,3.428000162821263,3.428000162821263,3.428000162821263,3.428000162821263,14.70000021904707,1.0,2.619563341140747,0.0,0.0,14.0,3.000000142492354,3.013000143109821,13.90000020712614,-470.0,0.0,0.0,-6.381671905517578,0.0,0.0,0.0,1.0,81.0,1050.0,133.0,98.0,0.0,11.0,0.0,0.0,11.0,10.0,1874.0,122.61723327636719,0.0,0.0,0.0,0.0,0.0,0.0,0.0,0.0,0.0,0.0,0.0,0.0,0.0,0.0,0.0,0.0,14.0,0.0,0.0,0.0,2.0,0
47.731998443603516,243.0,874.0,57.0,49818.0,0.0,0.0,0.0,44.0,66.0,9.0,0.0,100.0,100.0,100.0,103.0,100.0,103.0,100.0,50.0,50.0,0.0,3.5750001698033884,3.5750001698033884,3.5750001698033884,3.5750001698033884,14.70000021904707,1.0,2.6037917137145996,0.0,0.0,14.0,3.000000142492354,3.2120001525618136,13.90000020712614,0.0,0.0,0.0,-5.946557998657227,0.0,0.0,0.0,1.0,81.0,1050.0,176.0,98.0,0.0,11.0,0.0,0.0,11.0,10.0,1874.0,128.64988708496094,0.0,0.0,0.0,0.0,0.0,0.0,0.0,0.0,0.0,0.0,0.0,0.0,0.0,0.0,0.0,0.0,14.0,0.0,0.0,0.0,2.0,0
47.79899978637695,243.0,874.0,59.0,51566.0,0.0,0.0,0.0,44.0,66.0,9.0,0.0,100.0,100.0,100.0,103.0,100.0,103.0,100.0,50.0,50.0,0.0,3.685000175028108,3.685000175028108,3.685000175028108,3.685000175028108,14.70000021904707,1.0,2.683908224105835,0.0,0.0,14.0,3.000000142492354,3.038000144297257,13.90000020712614,-430.0,0.0,0.0,-5.656482219696045,0.0,0.0,0.0,1.0,81.0,1050.0,176.0,98.0,0.0,11.0,0.0,0.0,11.0,10.0,1874.0,128.64988708496094,0.0,0.0,0.0,0.0,0.0,0.0,0.0,0.0,0.0,0.0,0.0,0.0,0.0,0.0,0.0,0.0,14.0,0.0,0.0,0.0,2.0,0
47.867000579833984,243.0,849.0,60.0,50940.0,0.0,0.0,0.0,44.0,66.0,9.0,0.0,100.0,100.0,100.0,103.0,100.0,103.0,100.0,50.0,50.0,0.0,3.7220001767855138,3.7220001767855138,3.7220001767855138,3.7220001767855138,14.70000021904707,1.0,2.633315086364746,0.0,0.0,14.0,3.000000142492354,3.093000146909617,13.90000020712614,-430.0,0.0,0.0,-5.511444091796875,0.0,0.0,0.0,1.0,81.0,1050.0,201.0,98.0,0.0,11.0,0.0,0.0,11.0,10.0,1874.0,132.4381561279297,0.0,0.0,0.0,0.0,0.0,0.0,0.0,0.0,0.0,0.0,0.0,0.0,0.0,0.0,0.0,0.0,14.0,0.0,0.0,0.0,2.0,0
47.93299865722656,243.0,849.0,62.0,52638.0,0.0,0.0,0.0,44.0,66.0,9.0,0.0,100.0,100.0,100.0,103.0,100.0,103.0,100.0,50.0,50.0,0.0,3.7950001802528277,3.7950001802528277,3.7950001802528277,3.7950001802528277,14.70000021904707,1.0,2.684962511062622,0.0,0.0,14.0,3.000000142492354,3.038000144297257,13.90000020712614,-250.0,0.0,0.0,-5.221367835998535,0.0,0.0,0.0,1.0,92.0,1050.0,201.0,98.0,0.0,11.0,0.0,0.0,11.0,10.0,1874.0,132.4381561279297,0.0,0.0,0.0,0.0,0.0,0.0,0.0,0.0,0.0,0.0,0.0,0.0,0.0,0.0,0.0,0.0,14.0,0.0,0.0,0.0,2.0,0
48.00199890136719,243.0,856.0,63.0,53928.0,0.0,0.0,0.0,44.0,66.0,9.0,0.0,100.0,100.0,100.0,103.0,100.0,103.0,100.0,50.0,50.0,0.0,3.8680001837201416,3.8680001837201416,3.8680001837201416,3.8680001837201416,14.70000021904707,1.0,2.7591733932495117,0.0,0.0,14.0,3.000000142492354,3.1610001501394436,13.90000020712614,70.0,0.0,0.0,-5.076330184936523,0.0,0.0,0.0,1.0,92.0,1050.0,194.0,98.0,0.0,11.0,0.0,0.0,11.0,10.0,1874.0,131.35513305664062,0.0,0.0,0.0,0.0,0.0,0.0,0.0,0.0,0.0,0.0,0.0,0.0,0.0,0.0,0.0,0.0,14.0,0.0,0.0,0.0,2.0,0
48.069000244140625,243.0,856.0,64.0,54784.0,0.0,0.0,0.0,44.0,66.0,9.0,0.0,100.0,100.0,100.0,103.0,100.0,103.0,100.0,50.0,50.0,0.0,3.9050001854775473,3.9050001854775473,3.9050001854775473,3.9050001854775473,14.70000021904707,1.0,2.785566568374634,0.0,0.0,14.0,3.000000142492354,3.0440001445822418,13.90000020712614,70.0,0.0,0.0,-4.9312920570373535,0.0,0.0,0.0,1.0,92.0,1050.0,194.0,98.0,0.0,11.0,0.0,0.0,11.0,10.0,1874.0,131.35513305664062,0.0,0.0,0.0,0.0,0.0,0.0,0.0,0.0,0.0,0.0,0.0,0.0,0.0,0.0,0.0,0.0,14.0,0.0,0.0,0.0,2.0,0
48.1349983215332,244.0,904.0,63.0,56952.0,0.0,0.0,0.0,44.0,66.0,9.0,0.0,100.0,100.0,100.0,103.0,100.0,103.0,100.0,50.0,50.0,0.0,3.8680001837201416,3.8680001837201416,3.8680001837201416,3.8680001837201416,14.70000021904707,1.0,2.913893222808838,0.0,0.0,14.0,3.000000142492354,3.224000153131783,13.90000020712614,0.0,0.0,0.0,-5.076330184936523,0.0,0.0,0.0,1.0,92.0,1050.0,146.0,98.0,0.0,11.0,0.0,0.0,11.0,10.0,1862.0,123.58406829833984,0.0,0.0,0.0,0.0,0.0,0.0,0.0,0.0,0.0,0.0,0.0,0.0,0.0,0.0,0.0,0.0,14.0,0.0,0.0,0.0,2.0,0
48.20000076293945,244.0,904.0,63.0,56952.0,0.0,0.0,0.0,44.0,66.0,9.0,0.0,100.0,100.0,100.0,103.0,100.0,103.0,100.0,50.0,50.0,0.0,3.8680001837201416,3.8680001837201416,3.8680001837201416,3.8680001837201416,14.70000021904707,1.0,2.913893222808838,0.0,0.0,14.0,3.000000142492354,3.0210001434898004,13.90000020712614,480.0,0.0,0.0,-5.076330184936523,0.0,0.0,0.0,1.0,86.0,1050.0,146.0,98.0,0.0,11.0,0.0,0.0,11.0,10.0,1862.0,123.58406829833984,0.0,0.0,0.0,0.0,0.0,0.0,0.0,0.0,0.0,0.0,0.0,0.0,0.0,0.0,0.0,0.0,14.0,0.0,0.0,0.0,2.0,0
48.26900100708008,244.0,960.0,61.0,58560.0,0.0,0.0,0.0,44.0,66.0,9.0,0.0,100.0,100.0,100.0,103.0,100.0,103.0,100.0,50.0,50.0,0.0,3.758000178495422,3.758000178495422,3.758000178495422,3.758000178495422,14.70000021904707,1.0,3.0064001083374023,0.0,0.0,13.0,3.000000142492354,3.3180001575965434,13.90000020712614,480.0,0.0,0.0,-5.366405963897705,0.0,0.0,0.0,1.0,86.0,1050.0,90.0,98.0,0.0,11.0,0.0,0.0,11.0,10.0,1862.0,116.375,0.0,0.0,0.0,0.0,0.0,0.0,0.0,0.0,0.0,0.0,0.0,0.0,0.0,0.0,0.0,0.0,13.0,0.0,0.0,0.0,2.0,0
48.33399963378906,244.0,960.0,60.0,57600.0,0.0,0.0,0.0,44.0,66.0,9.0,0.0,100.0,100.0,100.0,103.0,100.0,103.0,100.0,50.0,50.0,0.0,3.7220001767855138,3.7220001767855138,3.7220001767855138,3.7220001767855138,14.70000021904707,1.0,2.97760009765625,0.0,0.0,13.0,3.000000142492354,3.020000143442303,13.90000020712614,560.0,0.0,0.0,-5.511444091796875,0.0,0.0,0.0,1.0,86.0,1050.0,90.0,98.0,0.0,11.0,0.0,0.0,11.0,10.0,1862.0,116.375,0.0,0.0,0.0,0.0,0.0,0.0,0.0,0.0,0.0,0.0,0.0,0.0,0.0,0.0,0.0,0.0,13.0,0.0,0.0,0.0,2.0,0
48.400001525878906,244.0,1023.0,59.0,60357.0,0.0,0.0,0.0,44.0,66.0,9.0,0.0,100.0,100.0,100.0,103.0,100.0,103.0,100.0,50.0,50.0,0.0,3.685000175028108,3.685000175028108,3.685000175028108,3.685000175028108,14.70000021904707,1.0,3.141462564468384,0.0,0.0,13.0,3.000000142492354,3.120000148192048,13.90000020712614,630.0,0.0,0.0,-5.656482219696045,0.0,0.0,0.0,1.0,86.0,1050.0,27.0,98.0,0.0,11.0,0.0,0.0,11.0,10.0,1862.0,109.20821380615234,0.0,0.0,0.0,0.0,0.0,0.0,0.0,0.0,0.0,0.0,0.0,0.0,0.0,0.0,0.0,0.0,13.0,0.0,0.0,0.0,2.0,0
48.465999603271484,244.0,1054.0,58.0,61132.0,0.0,0.0,0.0,44.0,66.0,9.0,0.0,100.0,100.0,100.0,103.0,100.0,103.0,100.0,50.0,50.0,0.0,3.612000171560794,3.612000171560794,3.612000171560794,3.612000171560794,14.70000021904707,1.0,3.1725399494171143,0.0,0.0,13.0,3.000000142492354,3.0540001450572163,13.90000020712614,630.0,0.0,0.0,-5.801519870758057,0.0,0.0,0.0,1.0,86.0,1050.0,-4.0,98.0,0.0,11.0,0.0,0.0,11.0,10.0,1862.0,105.99620819091797,0.0,0.0,0.0,0.0,0.0,0.0,0.0,0.0,0.0,0.0,0.0,0.0,0.0,0.0,0.0,0.0,13.0,0.0,0.0,0.0,2.0,0
48.53200149536133,244.0,1054.0,55.0,57970.0,0.0,0.0,0.0,44.0,66.0,9.0,0.0,100.0,100.0,100.0,103.0,100.0,103.0,100.0,50.0,50.0,0.0,3.4650001645786688,3.4650001645786688,3.4650001645786688,3.4650001645786688,14.70000021904707,1.0,3.0434250831604004,0.0,0.0,13.0,3.000000142492354,3.0390001443447545,13.90000020712614,310.0,0.0,0.0,-6.236633777618408,0.0,0.0,0.0,1.0,65.0,1050.0,-4.0,98.0,0.0,11.0,0.0,0.0,11.0,10.0,1862.0,105.99620819091797,0.0,0.0,0.0,0.0,0.0,0.0,0.0,0.0,0.0,0.0,0.0,0.0,0.0,0.0,0.0,0.0,13.0,0.0,0.0,0.0,2.0,0
48.599998474121094,244.0,1074.0,51.0,54774.0,0.0,0.0,0.0,44.0,66.0,9.0,0.0,100.0,100.0,100.0,103.0,100.0,103.0,100.0,50.0,50.0,0.0,3.282000155886635,3.282000155886635,3.282000155886635,3.282000155886635,14.70000021904707,1.0,2.937390089035034,0.0,0.0,13.0,3.000000142492354,3.149000149569474,13.90000020712614,200.0,0.0,0.0,-6.81678581237793,0.0,0.0,0.0,1.0,65.0,1050.0,-24.0,98.0,0.0,11.0,0.0,0.0,11.0,10.0,1862.0,104.02234649658203,0.0,0.0,0.0,0.0,0.0,0.0,0.0,0.0,0.0,0.0,0.0,0.0,0.0,0.0,0.0,0.0,13.0,0.0,0.0,0.0,2.0,0
48.665000915527344,244.0,1074.0,50.0,53700.0,0.0,0.0,0.0,44.0,66.0,9.0,0.0,100.0,100.0,100.0,103.0,100.0,103.0,100.0,50.0,50.0,0.0,3.246000154176727,3.246000154176727,3.246000154176727,3.246000154176727,14.70000021904707,1.0,2.90516996383667,0.0,0.0,13.0,3.000000142492354,3.0170001432998106,13.90000020712614,200.0,0.0,0.0,-6.9618239402771,0.0,0.0,0.0,1.0,65.0,1050.0,-24.0,98.0,0.0,11.0,0.0,0.0,11.0,10.0,1862.0,104.02234649658203,0.0,0.0,0.0,0.0,0.0,0.0,0.0,0.0,0.0,0.0,0.0,0.0,0.0,0.0,0.0,0.0,13.0,0.0,0.0,0.0,2.0,0
48.733001708984375,244.0,1072.0,49.0,52528.0,0.0,0.0,0.0,44.0,66.0,9.0,0.0,100.0,100.0,100.0,103.0,100.0,103.0,100.0,50.0,50.0,0.0,3.208000152371824,3.208000152371824,3.208000152371824,3.208000152371824,14.70000021904707,1.0,2.8658132553100586,0.0,0.0,13.0,3.000000142492354,2.912000138312578,13.90000020712614,-20.0,0.0,0.0,-7.1068620681762695,0.0,0.0,0.0,1.0,65.0,1050.0,-22.0,98.0,0.0,11.0,0.0,0.0,11.0,10.0,1862.0,104.21641540527344,0.0,0.0,0.0,0.0,0.0,0.0,0.0,0.0,0.0,0.0,0.0,0.0,0.0,0.0,0.0,0.0,13.0,0.0,0.0,0.0,2.0,0
48.80099868774414,244.0,1041.0,49.0,51009.0,0.0,0.0,0.0,44.0,66.0,9.0,0.0,100.0,100.0,100.0,103.0,100.0,103.0,100.0,50.0,50.0,0.0,3.208000152371824,3.208000152371824,3.208000152371824,3.208000152371824,14.70000021904707,1.0,2.782939910888672,0.0,0.0,13.0,3.000000142492354,2.991000142064877,13.90000020712614,0.0,0.0,0.0,-7.1068620681762695,0.0,0.0,0.0,1.0,64.0,1050.0,9.0,98.0,0.0,11.0,0.0,0.0,11.0,10.0,1862.0,107.31988525390625,0.0,0.0,0.0,0.0,0.0,0.0,0.0,0.0,0.0,0.0,0.0,0.0,0.0,0.0,0.0,0.0,13.0,0.0,0.0,0.0,2.0,0
48.86600112915039,244.0,1041.0,48.0,49968.0,0.0,0.0,0.0,44.0,66.0,9.0,0.0,100.0,100.0,100.0,103.0,100.0,103.0,100.0,50.0,50.0,0.0,3.13500014890451,3.13500014890451,3.13500014890451,3.13500014890451,14.70000021904707,1.0,2.7196125984191895,0.0,0.0,13.0,3.000000142492354,3.016000143252313,14.000000208616257,0.0,0.0,0.0,-7.2519001960754395,0.0,0.0,0.0,1.0,64.0,1050.0,9.0,98.0,0.0,11.0,0.0,0.0,11.0,10.0,1862.0,107.31988525390625,0.0,0.0,0.0,0.0,0.0,0.0,0.0,0.0,0.0,0.0,0.0,0.0,0.0,0.0,0.0,0.0,13.0,0.0,0.0,0.0,2.0,0
48.93199920654297,244.0,999.0,48.0,47952.0,0.0,0.0,0.0,44.0,66.0,9.0,0.0,100.0,100.0,100.0,103.0,100.0,103.0,100.0,50.0,50.0,0.0,3.13500014890451,3.13500014890451,3.13500014890451,3.13500014890451,14.70000021904707,1.0,2.6098875999450684,0.0,0.0,13.0,3.000000142492354,2.885000137030147,14.000000208616257,-310.0,0.0,0.0,-7.2519001960754395,0.0,0.0,0.0,1.0,64.0,1050.0,51.0,98.0,0.0,11.0,0.0,0.0,11.0,10.0,1862.0,111.83183288574219,0.0,0.0,0.0,0.0,0.0,0.0,0.0,0.0,0.0,0.0,0.0,0.0,0.0,0.0,0.0,0.0,13.0,0.0,0.0,0.0,2.0,0
49.00299835205078,244.0,999.0,48.0,47952.0,0.0,0.0,0.0,44.0,66.0,9.0,0.0,100.0,100.0,100.0,103.0,100.0,103.0,100.0,50.0,50.0,0.0,3.13500014890451,3.13500014890451,3.13500014890451,3.13500014890451,14.70000021904707,1.0,2.6098875999450684,0.0,0.0,13.0,3.000000142492354,3.0120001430623233,14.000000208616257,-420.0,0.0,0.0,-7.2519001960754395,0.0,0.0,0.0,1.0,64.0,1050.0,51.0,98.0,0.0,11.0,0.0,0.0,11.0,10.0,1862.0,111.83183288574219,0.0,0.0,0.0,0.0,0.0,0.0,0.0,0.0,0.0,0.0,0.0,0.0,0.0,0.0,0.0,0.0,13.0,0.0,0.0,0.0,2.0,0
49.06700134277344,244.0,966.0,48.0,46368.0,0.0,0.0,0.0,44.0,66.0,9.0,0.0,100.0,100.0,100.0,103.0,100.0,103.0,100.0,50.0,50.0,0.0,3.13500014890451,3.13500014890451,3.13500014890451,3.13500014890451,14.70000021904707,1.0,2.523674964904785,0.0,0.0,13.0,3.000000142492354,2.856000135652721,14.000000208616257,-420.0,0.0,0.0,-7.2519001960754395,0.0,0.0,0.0,1.0,64.0,1050.0,84.0,98.0,0.0,11.0,0.0,0.0,11.0,10.0,1862.0,115.65217590332031,0.0,0.0,0.0,0.0,0.0,0.0,0.0,0.0,0.0,0.0,0.0,0.0,0.0,0.0,0.0,0.0,13.0,0.0,0.0,0.0,2.0,0
49.13399887084961,245.0,966.0,51.0,49266.0,0.0,0.0,0.0,44.0,66.0,9.0,0.0,100.0,100.0,100.0,103.0,100.0,103.0,100.0,50.0,50.0,0.0,3.282000155886635,3.282000155886635,3.282000155886635,3.282000155886635,14.70000021904707,1.0,2.642009973526001,0.0,0.0,13.0,3.000000142492354,2.97800014144741,14.000000208616257,-330.0,0.0,0.0,-6.81678581237793,0.0,0.0,0.0,1.0,79.0,1050.0,84.0,98.0,0.0,11.0,0.0,0.0,11.0,10.0,1863.0,115.71428680419922,0.0,0.0,0.0,0.0,0.0,0.0,0.0,0.0,0.0,0.0,0.0,0.0,0.0,0.0,0.0,0.0,13.0,0.0,0.0,0.0,2.0,0
49.20199966430664,245.0,929.0,53.0,49237.0,0.0,0.0,0.0,44.0,66.0,9.0,0.0,100.0,100.0,100.0,103.0,100.0,103.0,100.0,50.0,50.0,0.0,3.392000161111355,3.392000161111355,3.392000161111355,3.392000161111355,14.70000021904707,1.0,2.6259732246398926,0.0,0.0,14.0,3.000000142492354,3.1210001482395455,14.000000208616257,-370.0,0.0,0.0,-6.526710033416748,0.0,0.0,0.0,1.0,79.0,1050.0,121.0,98.0,0.0,11.0,0.0,0.0,11.0,10.0,1863.0,120.32292938232422,0.0,0.0,0.0,0.0,0.0,0.0,0.0,0.0,0.0,0.0,0.0,0.0,0.0,0.0,0.0,0.0,14.0,0.0,0.0,0.0,2.0,0
49.268001556396484,245.0,929.0,56.0,52024.0,0.0,0.0,0.0,44.0,66.0,9.0,0.0,100.0,100.0,100.0,103.0,100.0,103.0,100.0,50.0,50.0,0.0,3.5380001680459827,3.5380001680459827,3.5380001680459827,3.5380001680459827,14.70000021904707,1.0,2.739001750946045,0.0,0.0,14.0,3.000000142492354,3.03300014405977,14.000000208616257,-370.0,0.0,0.0,-6.0915961265563965,0.0,0.0,0.0,1.0,79.0,1050.0,121.0,98.0,0.0,11.0,0.0,0.0,11.0,10.0,1863.0,120.32292938232422,0.0,0.0,0.0,0.0,0.0,0.0,0.0,0.0,0.0,0.0,0.0,0.0,0.0,0.0,0.0,0.0,14.0,0.0,0.0,0.0,2.0,0
49.33300018310547,245.0,910.0,56.0,50960.0,0.0,0.0,0.0,44.0,66.0,9.0,0.0,100.0,100.0,100.0,103.0,100.0,103.0,100.0,50.0,50.0,0.0,3.5380001680459827,3.5380001680459827,3.5380001680459827,3.5380001680459827,14.70000021904707,1.0,2.6829833984375,0.0,0.0,14.0,3.000000142492354,2.9410001396900043,14.000000208616257,-190.0,0.0,0.0,-6.0915961265563965,0.0,0.0,0.0,1.0,79.0,1050.0,140.0,98.0,0.0,11.0,0.0,0.0,11.0,10.0,1863.0,122.83516693115234,0.0,0.0,0.0,0.0,0.0,0.0,0.0,0.0,0.0,0.0,0.0,0.0,0.0,0.0,0.0,0.0,14.0,0.0,0.0,0.0,2.0,0
49.33300018310547,245.0,910.0,57.0,51870.0,0.0,0.0,0.0,44.0,66.0,9.0,0.0,100.0,100.0,100.0,103.0,100.0,103.0,100.0,50.0,50.0,0.0,3.5750001698033884,3.5750001698033884,3.5750001698033884,3.5750001698033884,14.70000021904707,1.0,2.7110416889190674,0.0,0.0,14.0,3.000000142492354,3.0260001437272877,14.000000208616257,0.0,0.0,0.0,-5.946557998657227,0.0,0.0,0.0,1.0,88.0,1050.0,140.0,98.0,0.0,11.0,0.0,0.0,11.0,10.0,1863.0,122.83516693115234,0.0,0.0,0.0,0.0,0.0,0.0,0.0,0.0,0.0,0.0,0.0,0.0,0.0,0.0,0.0,0.0,14.0,0.0,0.0,0.0,2.0,0
49.4640007019043,245.0,914.0,59.0,53926.0,0.0,0.0,0.0,44.0,66.0,9.0,0.0,100.0,100.0,100.0,103.0,100.0,103.0,100.0,50.0,50.0,0.0,3.685000175028108,3.685000175028108,3.685000175028108,3.685000175028108,14.70000021904707,1.0,2.806741714477539,0.0,0.0,14.0,3.000000142492354,3.0790001462446526,14.000000208616257,0.0,0.0,0.0,-5.656482219696045,0.0,0.0,0.0,1.0,88.0,1050.0,136.0,98.0,0.0,11.0,0.0,0.0,11.0,10.0,1863.0,122.29759216308594,0.0,0.0,0.0,0.0,0.0,0.0,0.0,0.0,0.0,0.0,0.0,0.0,0.0,0.0,0.0,0.0,14.0,0.0,0.0,0.0,2.0,0
49.53499984741211,245.0,914.0,60.0,54840.0,0.0,0.0,0.0,44.0,66.0,9.0,0.0,100.0,100.0,100.0,103.0,100.0,103.0,100.0,50.0,50.0,0.0,3.7220001767855138,3.7220001767855138,3.7220001767855138,3.7220001767855138,14.70000021904707,1.0,2.834923267364502,0.0,0.0,14.0,3.000000142492354,3.018000143347308,14.000000208616257,40.0,0.0,0.0,-5.511444091796875,0.0,0.0,0.0,1.0,88.0,1050.0,136.0,98.0,0.0,11.0,0.0,0.0,11.0,10.0,1863.0,122.29759216308594,0.0,0.0,0.0,0.0,0.0,0.0,0.0,0.0,0.0,0.0,0.0,0.0,0.0,0.0,0.0,0.0,14.0,0.0,0.0,0.0,2.0,0
49.5989990234375,245.0,938.0,60.0,56280.0,0.0,0.0,0.0,44.0,66.0,9.0,0.0,100.0,100.0,100.0,103.0,100.0,103.0,100.0,50.0,50.0,0.0,3.7220001767855138,3.7220001767855138,3.7220001767855138,3.7220001767855138,14.70000021904707,1.0,2.909363269805908,0.0,0.0,14.0,3.000000142492354,3.326000157976523,14.000000208616257,240.0,0.0,0.0,-5.511444091796875,0.0,0.0,0.0,1.0,88.0,1050.0,112.0,98.0,0.0,11.0,0.0,0.0,11.0,10.0,1863.0,119.16844177246094,0.0,0.0,0.0,0.0,0.0,0.0,0.0,0.0,0.0,0.0,0.0,0.0,0.0,0.0,0.0,0.0,14.0,0.0,0.0,0.0,2.0,0
49.665000915527344,245.0,938.0,60.0,56280.0,0.0,0.0,0.0,44.0,66.0,9.0,0.0,100.0,100.0,100.0,103.0,100.0,103.0,100.0,50.0,50.0,0.0,3.7220001767855138,3.7220001767855138,3.7220001767855138,3.7220001767855138,14.70000021904707,1.0,2.909363269805908,0.0,0.0,14.0,3.000000142492354,3.020000143442303,14.000000208616257,240.0,0.0,0.0,-5.511444091796875,0.0,0.0,0.0,1.0,88.0,1050.0,112.0,98.0,0.0,11.0,0.0,0.0,11.0,10.0,1863.0,119.16844177246094,0.0,0.0,0.0,0.0,0.0,0.0,0.0,0.0,0.0,0.0,0.0,0.0,0.0,0.0,0.0,0.0,14.0,0.0,0.0,0.0,2.0,0
49.665000915527344,245.0,977.0,60.0,58620.0,0.0,0.0,0.0,44.0,66.0,9.0,0.0,100.0,100.0,100.0,103.0,100.0,103.0,100.0,50.0,50.0,0.0,3.7220001767855138,3.7220001767855138,3.7220001767855138,3.7220001767855138,14.70000021904707,1.0,3.0303282737731934,0.0,0.0,13.0,3.000000142492354,3.4420001634862274,14.000000208616257,390.0,0.0,0.0,-5.511444091796875,0.0,0.0,0.0,1.0,80.0,1050.0,73.0,98.0,0.0,11.0,0.0,0.0,11.0,10.0,1863.0,114.41146087646484,0.0,0.0,0.0,0.0,0.0,0.0,0.0,0.0,0.0,0.0,0.0,0.0,0.0,0.0,0.0,0.0,13.0,0.0,0.0,0.0,2.0,0
49.80099868774414,245.0,1018.0,58.0,59044.0,0.0,0.0,0.0,44.0,66.0,9.0,0.0,100.0,100.0,100.0,103.0,100.0,103.0,100.0,50.0,50.0,0.0,3.612000171560794,3.612000171560794,3.612000171560794,3.612000171560794,14.70000021904707,1.0,3.0641798973083496,0.0,0.0,13.0,3.000000142492354,3.0210001434898004,14.000000208616257,410.0,0.0,0.0,-5.801519870758057,0.0,0.0,0.0,1.0,80.0,1050.0,32.0,98.0,0.0,11.0,0.0,0.0,11.0,10.0,1863.0,109.80353546142578,0.0,0.0,0.0,0.0,0.0,0.0,0.0,0.0,0.0,0.0,0.0,0.0,0.0,0.0,0.0,0.0,13.0,0.0,0.0,0.0,2.0,0
49.8650016784668,245.0,1018.0,57.0,58026.0,0.0,0.0,0.0,44.0,66.0,9.0,0.0,100.0,100.0,100.0,103.0,100.0,103.0,100.0,50.0,50.0,0.0,3.5750001698033884,3.5750001698033884,3.5750001698033884,3.5750001698033884,14.70000021904707,1.0,3.0327916145324707,0.0,0.0,13.0,3.000000142492354,3.0350001441547647,14.000000208616257,410.0,0.0,0.0,-5.946557998657227,0.0,0.0,0.0,1.0,80.0,1050.0,32.0,98.0,0.0,11.0,0.0,0.0,11.0,10.0,1863.0,109.80353546142578,0.0,0.0,0.0,0.0,0.0,0.0,0.0,0.0,0.0,0.0,0.0,0.0,0.0,0.0,0.0,0.0,13.0,0.0,0.0,0.0,2.0,0
49.930999755859375,245.0,1050.0,55.0,57750.0,0.0,0.0,0.0,44.0,66.0,9.0,0.0,100.0,100.0,100.0,103.0,100.0,103.0,100.0,50.0,50.0,0.0,3.4650001645786688,3.4650001645786688,3.4650001645786688,3.4650001645786688,14.70000021904707,1.0,3.031874895095825,0.0,0.0,13.0,3.000000142492354,3.107000147574581,14.000000208616257,0.0,0.0,0.0,-6.236633777618408,0.0,0.0,0.0,1.0,80.0,1050.0,0.0,98.0,0.0,11.0,0.0,0.0,11.0,10.0,1863.0,106.45714569091797,0.0,0.0,0.0,0.0,0.0,0.0,0.0,0.0,0.0,0.0,0.0,0.0,0.0,0.0,0.0,0.0,13.0,0.0,0.0,0.0,2.0,0
50.000999450683594,245.0,1050.0,55.0,57750.0,0.0,0.0,0.0,44.0,66.0,9.0,0.0,100.0,100.0,100.0,103.0,100.0,103.0,100.0,50.0,50.0,0.0,3.4650001645786688,3.4650001645786688,3.4650001645786688,3.4650001645786688,14.70000021904707,1.0,3.031874895095825,0.0,0.0,13.0,3.000000142492354,3.018000143347308,14.000000208616257,0.0,0.0,0.0,-6.236633777618408,0.0,0.0,0.0,1.0,80.0,1050.0,0.0,98.0,0.0,11.0,0.0,0.0,11.0,10.0,1863.0,106.45714569091797,0.0,0.0,0.0,0.0,0.0,0.0,0.0,0.0,0.0,0.0,0.0,0.0,0.0,0.0,0.0,0.0,13.0,0.0,0.0,0.0,2.0,0
50.06700134277344,245.0,1061.0,53.0,56233.0,0.0,0.0,0.0,44.0,66.0,9.0,0.0,100.0,100.0,100.0,103.0,100.0,103.0,100.0,50.0,50.0,0.0,3.392000161111355,3.392000161111355,3.392000161111355,3.392000161111355,14.70000021904707,1.0,2.9990932941436768,0.0,0.0,13.0,3.000000142492354,3.1960001518018544,14.000000208616257,320.0,0.0,0.0,-6.526710033416748,0.0,0.0,0.0,1.0,70.0,1050.0,-11.0,98.0,0.0,11.0,0.0,0.0,11.0,10.0,1863.0,105.35343933105469,0.0,0.0,0.0,0.0,0.0,0.0,0.0,0.0,0.0,0.0,0.0,0.0,0.0,0.0,0.0,0.0,13.0,0.0,0.0,0.0,2.0,0
50.13199996948242,246.0,1063.0,52.0,55276.0,0.0,0.0,0.0,44.0,66.0,9.0,0.0,100.0,100.0,100.0,103.0,100.0,103.0,100.0,50.0,50.0,0.0,3.355000159353949,3.355000159353949,3.355000159353949,3.355000159353949,14.70000021904707,1.0,2.971970796585083,0.0,0.0,13.0,3.000000142492354,3.018000143347308,14.000000208616257,110.0,0.0,0.0,-6.671748161315918,0.0,0.0,0.0,1.0,70.0,1050.0,-13.0,98.0,0.0,11.0,0.0,0.0,11.0,10.0,1868.0,105.43743896484375,0.0,0.0,0.0,0.0,0.0,0.0,0.0,0.0,0.0,0.0,0.0,0.0,0.0,0.0,0.0,0.0,13.0,0.0,0.0,0.0,2.0,0
50.198001861572266,246.0,1063.0,51.0,54213.0,0.0,0.0,0.0,44.0,66.0,9.0,0.0,100.0,100.0,100.0,103.0,100.0,103.0,100.0,50.0,50.0,0.0,3.282000155886635,3.282000155886635,3.282000155886635,3.282000155886635,14.70000021904707,1.0,2.9073050022125244,0.0,0.0,13.0,3.000000142492354,3.0300001439172775,14.000000208616257,110.0,0.0,0.0,-6.81678581237793,0.0,0.0,0.0,1.0,70.0,1050.0,-13.0,98.0,0.0,11.0,0.0,0.0,11.0,10.0,1868.0,105.43743896484375,0.0,0.0,0.0,0.0,0.0,0.0,0.0,0.0,0.0,0.0,0.0,0.0,0.0,0.0,0.0,0.0,13.0,0.0,0.0,0.0,2.0,0
50.266998291015625,246.0,1054.0,50.0,52700.0,0.0,0.0,0.0,44.0,66.0,9.0,0.0,100.0,100.0,100.0,103.0,100.0,103.0,100.0,50.0,50.0,0.0,3.246000154176727,3.246000154176727,3.246000154176727,3.246000154176727,14.70000021904707,1.0,2.851069927215576,0.0,0.0,13.0,3.000000142492354,3.07600014610216,14.000000208616257,20.0,0.0,0.0,-6.9618239402771,0.0,0.0,0.0,1.0,70.0,1050.0,-4.0,98.0,0.0,11.0,0.0,0.0,11.0,10.0,1868.0,106.33776092529297,0.0,0.0,0.0,0.0,0.0,0.0,0.0,0.0,0.0,0.0,0.0,0.0,0.0,0.0,0.0,0.0,13.0,0.0,0.0,0.0,2.0,0
50.33399963378906,246.0,1054.0,50.0,52700.0,0.0,0.0,0.0,44.0,66.0,9.0,0.0,100.0,100.0,100.0,103.0,100.0,103.0,100.0,50.0,50.0,0.0,3.246000154176727,3.246000154176727,3.246000154176727,3.246000154176727,14.70000021904707,1.0,2.851069927215576,0.0,0.0,13.0,3.000000142492354,3.0170001432998106,14.000000208616257,-90.0,0.0,0.0,-6.9618239402771,0.0,0.0,0.0,1.0,70.0,1050.0,-4.0,98.0,0.0,11.0,0.0,0.0,11.0,10.0,1868.0,106.33776092529297,0.0,0.0,0.0,0.0,0.0,0.0,0.0,0.0,0.0,0.0,0.0,0.0,0.0,0.0,0.0,0.0,13.0,0.0,0.0,0.0,2.0,0
50.402000427246094,246.0,1035.0,50.0,51750.0,0.0,0.0,0.0,44.0,66.0,9.0,0.0,100.0,100.0,100.0,103.0,100.0,103.0,100.0,50.0,50.0,0.0,3.246000154176727,3.246000154176727,3.246000154176727,3.246000154176727,14.70000021904707,1.0,2.7996749877929688,0.0,0.0,13.0,3.000000142492354,3.0570001451997086,14.000000208616257,-90.0,0.0,0.0,-6.9618239402771,0.0,0.0,0.0,1.0,70.0,1050.0,15.0,98.0,0.0,11.0,0.0,0.0,11.0,10.0,1868.0,108.28985595703125,0.0,0.0,0.0,0.0,0.0,0.0,0.0,0.0,0.0,0.0,0.0,0.0,0.0,0.0,0.0,0.0,13.0,0.0,0.0,0.0,2.0,0
50.46900177001953,246.0,1035.0,50.0,51750.0,0.0,0.0,0.0,44.0,66.0,9.0,0.0,100.0,100.0,100.0,103.0,100.0,103.0,100.0,50.0,50.0,0.0,3.246000154176727,3.246000154176727,3.246000154176727,3.246000154176727,14.70000021904707,1.0,2.7996749877929688,0.0,0.0,13.0,3.000000142492354,3.016000143252313,14.000000208616257,-190.0,0.0,0.0,-6.9618239402771,0.0,0.0,0.0,1.0,70.0,1050.0,15.0,98.0,0.0,11.0,0.0,0.0,11.0,10.0,1868.0,108.28985595703125,0.0,0.0,0.0,0.0,0.0,0.0,0.0,0.0,0.0,0.0,0.0,0.0,0.0,0.0,0.0,0.0,13.0,0.0,0.0,0.0,2.0,0
50.534000396728516,246.0,1016.0,50.0,50800.0,0.0,0.0,0.0,44.0,66.0,9.0,0.0,100.0,100.0,100.0,103.0,100.0,103.0,100.0,50.0,50.0,0.0,3.246000154176727,3.246000154176727,3.246000154176727,3.246000154176727,14.70000021904707,1.0,2.7482800483703613,0.0,0.0,13.0,3.000000142492354,2.9550001403549686,14.000000208616257,-190.0,0.0,0.0,-6.9618239402771,0.0,0.0,0.0,1.0,70.0,1050.0,34.0,98.0,0.0,11.0,0.0,0.0,11.0,10.0,1868.0,110.3149642944336,0.0,0.0,0.0,0.0,0.0,0.0,0.0,0.0,0.0,0.0,0.0,0.0,0.0,0.0,0.0,0.0,13.0,0.0,0.0,0.0,2.0,0
50.5989990234375,246.0,993.0,50.0,49650.0,0.0,0.0,0.0,44.0,66.0,9.0,0.0,100.0,100.0,100.0,103.0,100.0,103.0,100.0,50.0,50.0,0.0,3.246000154176727,3.246000154176727,3.246000154176727,3.246000154176727,14.70000021904707,1.0,2.6860649585723877,0.0,0.0,13.0,3.000000142492354,3.0150001432048157,14.000000208616257,-190.0,0.0,0.0,-6.9618239402771,0.0,0.0,0.0,1.0,70.0,1050.0,57.0,98.0,0.0,11.0,0.0,0.0,11.0,10.0,1868.0,112.8700942993164,0.0,0.0,0.0,0.0,0.0,0.0,0.0,0.0,0.0,0.0,0.0,0.0,0.0,0.0,0.0,0.0,13.0,0.0,0.0,0.0,2.0,0
50.66600036621094,246.0,993.0,52.0,51636.0,0.0,0.0,0.0,44.0,66.0,9.0,0.0,100.0,100.0,100.0,103.0,100.0,103.0,100.0,50.0,50.0,0.0,3.355000159353949,3.355000159353949,3.355000159353949,3.355000159353949,14.70000021904707,1.0,2.7762625217437744,0.0,0.0,13.0,3.000000142492354,3.0850001465296373,14.000000208616257,-230.0,0.0,0.0,-6.671748161315918,0.0,0.0,0.0,1.0,79.0,1050.0,57.0,98.0,0.0,11.0,0.0,0.0,11.0,10.0,1868.0,112.8700942993164,0.0,0.0,0.0,0.0,0.0,0.0,0.0,0.0,0.0,0.0,0.0,0.0,0.0,0.0,0.0,0.0,13.0,0.0,0.0,0.0,2.0,0
50.73400115966797,246.0,980.0,53.0,51940.0,0.0,0.0,0.0,44.0,66.0,9.0,0.0,100.0,100.0,100.0,103.0,100.0,103.0,100.0,50.0,50.0,0.0,3.392000161111355,3.392000161111355,3.392000161111355,3.392000161111355,14.70000021904707,1.0,2.7701332569122314,0.0,0.0,13.0,3.000000142492354,3.111000147764571,14.000000208616257,0.0,0.0,0.0,-6.526710033416748,0.0,0.0,0.0,1.0,79.0,1050.0,70.0,98.0,0.0,11.0,0.0,0.0,11.0,10.0,1868.0,114.36734771728516,0.0,0.0,0.0,0.0,0.0,0.0,0.0,0.0,0.0,0.0,0.0,0.0,0.0,0.0,0.0,0.0,13.0,0.0,0.0,0.0,2.0,0
50.79999923706055,246.0,980.0,54.0,52920.0,0.0,0.0,0.0,44.0,66.0,9.0,0.0,100.0,100.0,100.0,103.0,100.0,103.0,100.0,50.0,50.0,0.0,3.428000162821263,3.428000162821263,3.428000162821263,3.428000162821263,14.70000021904707,1.0,2.7995333671569824,0.0,0.0,13.0,3.000000142492354,3.02900014386978,14.000000208616257,0.0,0.0,0.0,-6.381671905517578,0.0,0.0,0.0,1.0,79.0,1050.0,70.0,98.0,0.0,11.0,0.0,0.0,11.0,10.0,1868.0,114.36734771728516,0.0,0.0,0.0,0.0,0.0,0.0,0.0,0.0,0.0,0.0,0.0,0.0,0.0,0.0,0.0,0.0,13.0,0.0,0.0,0.0,2.0,0
50.86899948120117,246.0,983.0,54.0,53082.0,0.0,0.0,0.0,44.0,66.0,9.0,0.0,100.0,100.0,100.0,103.0,100.0,103.0,100.0,50.0,50.0,0.0,3.428000162821263,3.428000162821263,3.428000162821263,3.428000162821263,14.70000021904707,1.0,2.808103322982788,0.0,0.0,13.0,3.000000142492354,3.235000153654255,14.000000208616257,-130.0,0.0,0.0,-6.381671905517578,0.0,0.0,0.0,1.0,79.0,1050.0,67.0,98.0,0.0,11.0,0.0,0.0,11.0,10.0,1868.0,114.018310546875,0.0,0.0,0.0,0.0,0.0,0.0,0.0,0.0,0.0,0.0,0.0,0.0,0.0,0.0,0.0,0.0,13.0,0.0,0.0,0.0,2.0,0
50.935001373291016,246.0,983.0,55.0,54065.0,0.0,0.0,0.0,44.0,66.0,9.0,0.0,100.0,100.0,100.0,103.0,100.0,103.0,100.0,50.0,50.0,0.0,3.4650001645786688,3.4650001645786688,3.4650001645786688,3.4650001645786688,14.70000021904707,1.0,2.8384125232696533,0.0,0.0,13.0,3.000000142492354,3.0390001443447545,14.000000208616257,30.0,0.0,0.0,-6.236633777618408,0.0,0.0,0.0,1.0,81.0,1050.0,67.0,98.0,0.0,11.0,0.0,0.0,11.0,10.0,1868.0,114.018310546875,0.0,0.0,0.0,0.0,0.0,0.0,0.0,0.0,0.0,0.0,0.0,0.0,0.0,0.0,0.0,0.0,13.0,0.0,0.0,0.0,2.0,0
51.000999450683594,246.0,999.0,55.0,54945.0,0.0,0.0,0.0,44.0,66.0,9.0,0.0,100.0,100.0,100.0,103.0,100.0,103.0,100.0,50.0,50.0,0.0,3.4650001645786688,3.4650001645786688,3.4650001645786688,3.4650001645786688,14.70000021904707,1.0,2.884612560272217,0.0,0.0,13.0,3.000000142492354,3.1960001518018544,14.000000208616257,30.0,0.0,0.0,-6.236633777618408,0.0,0.0,0.0,1.0,81.0,1050.0,51.0,98.0,0.0,11.0,0.0,0.0,11.0,10.0,1868.0,112.19219207763672,0.0,0.0,0.0,0.0,0.0,0.0,0.0,0.0,0.0,0.0,0.0,0.0,0.0,0.0,0.0,0.0,13.0,0.0,0.0,0.0,2.0,0
51.06700134277344,246.0,999.0,55.0,54945.0,0.0,0.0,0.0,44.0,66.0,9.0,0.0,100.0,100.0,100.0,103.0,100.0,103.0,100.0,50.0,50.0,0.0,3.4650001645786688,3.4650001645786688,3.4650001645786688,3.4650001645786688,14.70000021904707,1.0,2.884612560272217,0.0,0.0,13.0,3.000000142492354,3.0210001434898004,14.000000208616257,160.0,0.0,0.0,-6.236633777618408,0.0,0.0,0.0,1.0,81.0,1050.0,51.0,98.0,0.0,11.0,0.0,0.0,11.0,10.0,1868.0,112.19219207763672,0.0,0.0,0.0,0.0,0.0,0.0,0.0,0.0,0.0,0.0,0.0,0.0,0.0,0.0,0.0,0.0,13.0,0.0,0.0,0.0,2.0,0
51.137001037597656,247.0,1018.0,55.0,55990.0,0.0,0.0,0.0,44.0,66.0,9.0,0.0,100.0,100.0,100.0,103.0,100.0,103.0,100.0,50.0,50.0,0.0,3.4650001645786688,3.4650001645786688,3.4650001645786688,3.4650001645786688,14.70000021904707,1.0,2.9394750595092773,0.0,0.0,13.0,3.000000142492354,3.0860001465771347,14.000000208616257,190.0,0.0,0.0,-6.236633777618408,0.0,0.0,0.0,1.0,81.0,1050.0,32.0,98.0,0.0,11.0,0.0,0.0,11.0,10.0,1867.0,110.03929138183594,0.0,0.0,0.0,0.0,0.0,0.0,0.0,0.0,0.0,0.0,0.0,0.0,0.0,0.0,0.0,0.0,13.0,0.0,0.0,0.0,2.0,0
51.20100021362305,247.0,1030.0,55.0,56650.0,0.0,0.0,0.0,44.0,66.0,9.0,0.0,100.0,100.0,100.0,103.0,100.0,103.0,100.0,50.0,50.0,0.0,3.4650001645786688,3.4650001645786688,3.4650001645786688,3.4650001645786688,14.70000021904707,1.0,2.9741249084472656,0.0,0.0,13.0,3.000000142492354,3.016000143252313,14.000000208616257,190.0,0.0,0.0,-6.236633777618408,0.0,0.0,0.0,1.0,81.0,1050.0,20.0,98.0,0.0,11.0,0.0,0.0,11.0,10.0,1867.0,108.75727844238281,0.0,0.0,0.0,0.0,0.0,0.0,0.0,0.0,0.0,0.0,0.0,0.0,0.0,0.0,0.0,0.0,13.0,0.0,0.0,0.0,2.0,0
51.268001556396484,247.0,1030.0,55.0,56650.0,0.0,0.0,0.0,44.0,66.0,9.0,0.0,100.0,100.0,100.0,103.0,100.0,103.0,100.0,50.0,50.0,0.0,3.4650001645786688,3.4650001645786688,3.4650001645786688,3.4650001645786688,14.70000021904707,1.0,2.9741249084472656,0.0,0.0,13.0,3.000000142492354,3.0440001445822418,14.000000208616257,120.0,0.0,0.0,-6.236633777618408,0.0,0.0,0.0,1.0,75.0,1050.0,20.0,98.0,0.0,11.0,0.0,0.0,11.0,10.0,1867.0,108.75727844238281,0.0,0.0,0.0,0.0,0.0,0.0,0.0,0.0,0.0,0.0,0.0,0.0,0.0,0.0,0.0,0.0,13.0,0.0,0.0,0.0,2.0,0
51.268001556396484,247.0,1047.0,53.0,55491.0,0.0,0.0,0.0,44.0,66.0,9.0,0.0,100.0,100.0,100.0,103.0,100.0,103.0,100.0,50.0,50.0,0.0,3.392000161111355,3.392000161111355,3.392000161111355,3.392000161111355,14.70000021904707,1.0,2.959520101547241,0.0,0.0,13.0,3.000000142492354,3.2070001523243263,14.000000208616257,170.0,0.0,0.0,-6.526710033416748,0.0,0.0,0.0,1.0,75.0,1050.0,3.0,98.0,0.0,11.0,0.0,0.0,11.0,10.0,1867.0,106.99140167236328,0.0,0.0,0.0,0.0,0.0,0.0,0.0,0.0,0.0,0.0,0.0,0.0,0.0,0.0,0.0,0.0,13.0,0.0,0.0,0.0,2.0,0
51.402000427246094,247.0,1047.0,53.0,55491.0,0.0,0.0,0.0,44.0,66.0,9.0,0.0,100.0,100.0,100.0,103.0,100.0,103.0,100.0,50.0,50.0,0.0,3.392000161111355,3.392000161111355,3.392000161111355,3.392000161111355,14.70000021904707,1.0,2.959520101547241,0.0,0.0,13.0,3.000000142492354,3.03300014405977,14.000000208616257,170.0,0.0,0.0,-6.526710033416748,0.0,0.0,0.0,1.0,75.0,1050.0,3.0,98.0,0.0,11.0,0.0,0.0,11.0,10.0,1867.0,106.99140167236328,0.0,0.0,0.0,0.0,0.0,0.0,0.0,0.0,0.0,0.0,0.0,0.0,0.0,0.0,0.0,0.0,13.0,0.0,0.0,0.0,2.0,0
51.46900177001953,247.0,1055.0,52.0,54860.0,0.0,0.0,0.0,44.0,66.0,9.0,0.0,100.0,100.0,100.0,103.0,100.0,103.0,100.0,50.0,50.0,0.0,3.355000159353949,3.355000159353949,3.355000159353949,3.355000159353949,14.70000021904707,1.0,2.9496042728424072,0.0,0.0,13.0,3.000000142492354,3.0920001468621194,14.000000208616257,0.0,0.0,0.0,-6.671748161315918,0.0,0.0,0.0,1.0,75.0,1050.0,-5.0,98.0,0.0,11.0,0.0,0.0,11.0,10.0,1867.0,106.18009185791016,0.0,0.0,0.0,0.0,0.0,0.0,0.0,0.0,0.0,0.0,0.0,0.0,0.0,0.0,0.0,0.0,13.0,0.0,0.0,0.0,2.0,0
51.534000396728516,247.0,1055.0,52.0,54860.0,0.0,0.0,0.0,44.0,66.0,9.0,0.0,100.0,100.0,100.0,103.0,100.0,103.0,100.0,50.0,50.0,0.0,3.355000159353949,3.355000159353949,3.355000159353949,3.355000159353949,14.70000021904707,1.0,2.9496042728424072,0.0,0.0,13.0,3.000000142492354,3.0170001432998106,14.000000208616257,80.0,0.0,0.0,-6.671748161315918,0.0,0.0,0.0,1.0,72.0,1050.0,-5.0,98.0,0.0,11.0,0.0,0.0,11.0,10.0,1867.0,106.18009185791016,0.0,0.0,0.0,0.0,0.0,0.0,0.0,0.0,0.0,0.0,0.0,0.0,0.0,0.0,0.0,0.0,13.0,0.0,0.0,0.0,2.0,0
51.604000091552734,247.0,1055.0,52.0,54860.0,0.0,0.0,0.0,44.0,66.0,9.0,0.0,100.0,100.0,100.0,103.0,100.0,103.0,100.0,50.0,50.0,0.0,3.355000159353949,3.355000159353949,3.355000159353949,3.355000159353949,14.70000021904707,1.0,2.9496042728424072,0.0,0.0,13.0,3.000000142492354,3.087000146624632,14.000000208616257,80.0,0.0,0.0,-6.671748161315918,0.0,0.0,0.0,1.0,72.0,1050.0,-5.0,98.0,0.0,11.0,0.0,0.0,11.0,10.0,1867.0,106.18009185791016,0.0,0.0,0.0,0.0,0.0,0.0,0.0,0.0,0.0,0.0,0.0,0.0,0.0,0.0,0.0,0.0,13.0,0.0,0.0,0.0,2.0,0
51.66899871826172,247.0,1051.0,51.0,53601.0,0.0,0.0,0.0,44.0,66.0,9.0,0.0,100.0,100.0,100.0,103.0,100.0,103.0,100.0,50.0,50.0,0.0,3.282000155886635,3.282000155886635,3.282000155886635,3.282000155886635,14.70000021904707,1.0,2.8744850158691406,0.0,0.0,13.0,3.000000142492354,3.0120001430623233,14.000000208616257,0.0,0.0,0.0,-6.81678581237793,0.0,0.0,0.0,1.0,72.0,1050.0,-1.0,98.0,0.0,11.0,0.0,0.0,11.0,10.0,1867.0,106.5842056274414,0.0,0.0,0.0,0.0,0.0,0.0,0.0,0.0,0.0,0.0,0.0,0.0,0.0,0.0,0.0,0.0,13.0,0.0,0.0,0.0,2.0,0
51.66899871826172,247.0,1051.0,51.0,53601.0,0.0,0.0,0.0,44.0,66.0,9.0,0.0,100.0,100.0,100.0,103.0,100.0,103.0,100.0,50.0,50.0,0.0,3.282000155886635,3.282000155886635,3.282000155886635,3.282000155886635,14.70000021904707,1.0,2.8744850158691406,0.0,0.0,13.0,3.000000142492354,3.0170001432998106,14.000000208616257,-40.0,0.0,0.0,-6.81678581237793,0.0,0.0,0.0,1.0,72.0,1050.0,-1.0,98.0,0.0,11.0,0.0,0.0,11.0,10.0,1867.0,106.5842056274414,0.0,0.0,0.0,0.0,0.0,0.0,0.0,0.0,0.0,0.0,0.0,0.0,0.0,0.0,0.0,0.0,13.0,0.0,0.0,0.0,2.0,0
51.79999923706055,247.0,1033.0,51.0,52683.0,0.0,0.0,0.0,44.0,66.0,9.0,0.0,100.0,100.0,100.0,103.0,100.0,103.0,100.0,50.0,50.0,0.0,3.282000155886635,3.282000155886635,3.282000155886635,3.282000155886635,14.70000021904707,1.0,2.8252549171447754,0.0,0.0,13.0,3.000000142492354,3.0720001459121704,14.000000208616257,-40.0,0.0,0.0,-6.81678581237793,0.0,0.0,0.0,1.0,72.0,1050.0,17.0,98.0,0.0,11.0,0.0,0.0,11.0,10.0,1867.0,108.4414291381836,0.0,0.0,0.0,0.0,0.0,0.0,0.0,0.0,0.0,0.0,0.0,0.0,0.0,0.0,0.0,0.0,13.0,0.0,0.0,0.0,2.0,0
51.86899948120117,247.0,1033.0,51.0,52683.0,0.0,0.0,0.0,44.0,66.0,9.0,0.0,100.0,100.0,100.0,103.0,100.0,103.0,100.0,50.0,50.0,0.0,3.282000155886635,3.282000155886635,3.282000155886635,3.282000155886635,14.70000021904707,1.0,2.8252549171447754,0.0,0.0,13.0,3.000000142492354,3.0170001432998106,14.000000208616257,-180.0,0.0,0.0,-6.81678581237793,0.0,0.0,0.0,1.0,75.0,1050.0,17.0,98.0,0.0,11.0,0.0,0.0,11.0,10.0,1867.0,108.4414291381836,0.0,0.0,0.0,0.0,0.0,0.0,0.0,0.0,0.0,0.0,0.0,0.0,0.0,0.0,0.0,0.0,13.0,0.0,0.0,0.0,2.0,0
51.935001373291016,247.0,1018.0,52.0,52936.0,0.0,0.0,0.0,44.0,66.0,9.0,0.0,100.0,100.0,100.0,103.0,100.0,103.0,100.0,50.0,50.0,0.0,3.355000159353949,3.355000159353949,3.355000159353949,3.355000159353949,14.70000021904707,1.0,2.846158266067505,0.0,0.0,13.0,3.000000142492354,2.9590001405449584,14.000000208616257,-150.0,0.0,0.0,-6.671748161315918,0.0,0.0,0.0,1.0,75.0,1050.0,32.0,98.0,0.0,11.0,0.0,0.0,11.0,10.0,1867.0,110.03929138183594,0.0,0.0,0.0,0.0,0.0,0.0,0.0,0.0,0.0,0.0,0.0,0.0,0.0,0.0,0.0,0.0,13.0,0.0,0.0,0.0,2.0,0
52.0,247.0,1018.0,52.0,52936.0,0.0,0.0,0.0,44.0,66.0,9.0,0.0,100.0,100.0,100.0,103.0,100.0,103.0,100.0,50.0,50.0,0.0,3.355000159353949,3.355000159353949,3.355000159353949,3.355000159353949,14.70000021904707,1.0,2.846158266067505,0.0,0.0,13.0,3.000000142492354,3.0150001432048157,14.000000208616257,-150.0,0.0,0.0,-6.671748161315918,0.0,0.0,0.0,1.0,75.0,1050.0,32.0,98.0,0.0,11.0,0.0,0.0,11.0,10.0,1867.0,110.03929138183594,0.0,0.0,0.0,0.0,0.0,0.0,0.0,0.0,0.0,0.0,0.0,0.0,0.0,0.0,0.0,0.0,13.0,0.0,0.0,0.0,2.0,0
52.064998626708984,247.0,1011.0,52.0,52572.0,0.0,0.0,0.0,44.0,66.0,9.0,0.0,100.0,100.0,100.0,103.0,100.0,103.0,100.0,50.0,50.0,0.0,3.355000159353949,3.355000159353949,3.355000159353949,3.355000159353949,14.70000021904707,1.0,2.826587438583374,0.0,0.0,13.0,3.000000142492354,3.0060001427773386,14.000000208616257,-70.0,0.0,0.0,-6.671748161315918,0.0,0.0,0.0,1.0,75.0,1050.0,39.0,98.0,0.0,11.0,0.0,0.0,11.0,10.0,1867.0,110.80118560791016,0.0,0.0,0.0,0.0,0.0,0.0,0.0,0.0,0.0,0.0,0.0,0.0,0.0,0.0,0.0,0.0,13.0,0.0,0.0,0.0,2.0,0
52.13399887084961,247.0,1014.0,52.0,52728.0,0.0,0.0,0.0,44.0,66.0,9.0,0.0,100.0,100.0,100.0,103.0,100.0,103.0,100.0,50.0,50.0,0.0,3.355000159353949,3.355000159353949,3.355000159353949,3.355000159353949,14.70000021904707,1.0,2.834975004196167,0.0,0.0,13.0,3.000000142492354,2.9660001408774406,14.000000208616257,-70.0,0.0,0.0,-6.671748161315918,0.0,0.0,0.0,1.0,75.0,1050.0,36.0,98.0,0.0,11.0,0.0,0.0,11.0,10.0,1867.0,110.47337341308594,0.0,0.0,0.0,0.0,0.0,0.0,0.0,0.0,0.0,0.0,0.0,0.0,0.0,0.0,0.0,0.0,13.0,0.0,0.0,0.0,2.0,0
52.20100021362305,248.0,1014.0,53.0,53742.0,0.0,0.0,0.0,44.0,66.0,9.0,0.0,100.0,100.0,100.0,103.0,100.0,103.0,100.0,50.0,50.0,0.0,3.392000161111355,3.392000161111355,3.392000161111355,3.392000161111355,14.70000021904707,1.0,2.8662400245666504,0.0,0.0,13.0,3.000000142492354,3.0120001430623233,14.000000208616257,30.0,0.0,0.0,-6.526710033416748,0.0,0.0,0.0,1.0,78.0,1050.0,36.0,98.0,0.0,11.0,0.0,0.0,11.0,10.0,1866.0,110.41419982910156,0.0,0.0,0.0,0.0,0.0,0.0,0.0,0.0,0.0,0.0,0.0,0.0,0.0,0.0,0.0,0.0,13.0,0.0,0.0,0.0,2.0,0
52.27000045776367,248.0,1015.0,53.0,53795.0,0.0,0.0,0.0,44.0,66.0,9.0,0.0,100.0,100.0,100.0,103.0,100.0,103.0,100.0,50.0,50.0,0.0,3.392000161111355,3.392000161111355,3.392000161111355,3.392000161111355,14.70000021904707,1.0,2.8690667152404785,0.0,0.0,13.0,3.000000142492354,2.920000138692558,14.000000208616257,0.0,0.0,0.0,-6.526710033416748,0.0,0.0,0.0,1.0,78.0,1050.0,35.0,98.0,0.0,11.0,0.0,0.0,11.0,10.0,1866.0,110.305419921875,0.0,0.0,0.0,0.0,0.0,0.0,0.0,0.0,0.0,0.0,0.0,0.0,0.0,0.0,0.0,0.0,13.0,0.0,0.0,0.0,2.0,0
52.33599853515625,248.0,1015.0,54.0,54810.0,0.0,0.0,0.0,44.0,66.0,9.0,0.0,100.0,100.0,100.0,103.0,100.0,103.0,100.0,50.0,50.0,0.0,3.428000162821263,3.428000162821263,3.428000162821263,3.428000162821263,14.70000021904707,1.0,2.8995165824890137,0.0,0.0,13.0,3.000000142492354,3.0260001437272877,14.000000208616257,0.0,0.0,0.0,-6.381671905517578,0.0,0.0,0.0,1.0,78.0,1050.0,35.0,98.0,0.0,11.0,0.0,0.0,11.0,10.0,1866.0,110.305419921875,0.0,0.0,0.0,0.0,0.0,0.0,0.0,0.0,0.0,0.0,0.0,0.0,0.0,0.0,0.0,0.0,13.0,0.0,0.0,0.0,2.0,0
52.4010009765625,248.0,1018.0,54.0,54972.0,0.0,0.0,0.0,44.0,66.0,9.0,0.0,100.0,100.0,100.0,103.0,100.0,103.0,100.0,50.0,50.0,0.0,3.428000162821263,3.428000162821263,3.428000162821263,3.428000162821263,14.70000021904707,1.0,2.9080867767333984,0.0,0.0,13.0,3.000000142492354,3.0750001460546628,14.000000208616257,10.0,0.0,0.0,-6.381671905517578,0.0,0.0,0.0,1.0,78.0,1050.0,32.0,98.0,0.0,11.0,0.0,0.0,11.0,10.0,1866.0,109.98035430908203,0.0,0.0,0.0,0.0,0.0,0.0,0.0,0.0,0.0,0.0,0.0,0.0,0.0,0.0,0.0,0.0,13.0,0.0,0.0,0.0,2.0,0
52.46699905395508,248.0,1018.0,54.0,54972.0,0.0,0.0,0.0,44.0,66.0,9.0,0.0,100.0,100.0,100.0,103.0,100.0,103.0,100.0,50.0,50.0,0.0,3.428000162821263,3.428000162821263,3.428000162821263,3.428000162821263,14.70000021904707,1.0,2.9080867767333984,0.0,0.0,13.0,3.000000142492354,3.016000143252313,14.000000208616257,30.0,0.0,0.0,-6.381671905517578,0.0,0.0,0.0,1.0,78.0,1050.0,32.0,98.0,0.0,11.0,0.0,0.0,11.0,10.0,1866.0,109.98035430908203,0.0,0.0,0.0,0.0,0.0,0.0,0.0,0.0,0.0,0.0,0.0,0.0,0.0,0.0,0.0,0.0,13.0,0.0,0.0,0.0,2.0,0
52.53300094604492,248.0,1028.0,54.0,55512.0,0.0,0.0,0.0,44.0,66.0,9.0,0.0,100.0,100.0,100.0,103.0,100.0,103.0,100.0,50.0,50.0,0.0,3.428000162821263,3.428000162821263,3.428000162821263,3.428000162821263,14.70000021904707,1.0,2.9366533756256104,0.0,0.0,13.0,3.000000142492354,3.0300001439172775,14.000000208616257,30.0,0.0,0.0,-6.381671905517578,0.0,0.0,0.0,1.0,78.0,1050.0,22.0,98.0,0.0,11.0,0.0,0.0,11.0,10.0,1866.0,108.91050720214844,0.0,0.0,0.0,0.0,0.0,0.0,0.0,0.0,0.0,0.0,0.0,0.0,0.0,0.0,0.0,0.0,13.0,0.0,0.0,0.0,2.0,0
52.53300094604492,248.0,1032.0,54.0,55728.0,0.0,0.0,0.0,44.0,66.0,9.0,0.0,100.0,100.0,100.0,103.0,100.0,103.0,100.0,50.0,50.0,0.0,3.428000162821263,3.428000162821263,3.428000162821263,3.428000162821263,14.70000021904707,1.0,2.948080062866211,0.0,0.0,13.0,3.000000142492354,3.016000143252313,14.000000208616257,100.0,0.0,0.0,-6.381671905517578,0.0,0.0,0.0,1.0,78.0,1050.0,18.0,98.0,0.0,11.0,0.0,0.0,11.0,10.0,1866.0,108.48837280273438,0.0,0.0,0.0,0.0,0.0,0.0,0.0,0.0,0.0,0.0,0.0,0.0,0.0,0.0,0.0,0.0,13.0,0.0,0.0,0.0,2.0,0
52.66699981689453,248.0,1032.0,54.0,55728.0,0.0,0.0,0.0,44.0,66.0,9.0,0.0,100.0,100.0,100.0,103.0,100.0,103.0,100.0,50.0,50.0,0.0,3.428000162821263,3.428000162821263,3.428000162821263,3.428000162821263,14.70000021904707,1.0,2.948080062866211,0.0,0.0,13.0,3.000000142492354,3.036000144202262,14.000000208616257,40.0,0.0,0.0,-6.381671905517578,0.0,0.0,0.0,1.0,78.0,1050.0,18.0,98.0,0.0,11.0,0.0,0.0,11.0,10.0,1866.0,108.48837280273438,0.0,0.0,0.0,0.0,0.0,0.0,0.0,0.0,0.0,0.0,0.0,0.0,0.0,0.0,0.0,0.0,13.0,0.0,0.0,0.0,2.0,0
52.66699981689453,248.0,1037.0,53.0,54961.0,0.0,0.0,0.0,44.0,66.0,9.0,0.0,100.0,100.0,100.0,103.0,100.0,103.0,100.0,50.0,50.0,0.0,3.392000161111355,3.392000161111355,3.392000161111355,3.392000161111355,14.70000021904707,1.0,2.931253433227539,0.0,0.0,13.0,3.000000142492354,3.217000152799301,14.000000208616257,40.0,0.0,0.0,-6.526710033416748,0.0,0.0,0.0,1.0,78.0,1050.0,13.0,98.0,0.0,11.0,0.0,0.0,11.0,10.0,1866.0,107.96528625488281,0.0,0.0,0.0,0.0,0.0,0.0,0.0,0.0,0.0,0.0,0.0,0.0,0.0,0.0,0.0,0.0,13.0,0.0,0.0,0.0,2.0,0
52.79800033569336,248.0,1037.0,53.0,54961.0,0.0,0.0,0.0,44.0,66.0,9.0,0.0,100.0,100.0,100.0,103.0,100.0,103.0,100.0,50.0,50.0,0.0,3.392000161111355,3.392000161111355,3.392000161111355,3.392000161111355,14.70000021904707,1.0,2.931253433227539,0.0,0.0,13.0,3.000000142492354,3.0350001441547647,14.000000208616257,50.0,0.0,0.0,-6.526710033416748,0.0,0.0,0.0,1.0,75.0,1050.0,13.0,98.0,0.0,11.0,0.0,0.0,11.0,10.0,1866.0,107.96528625488281,0.0,0.0,0.0,0.0,0.0,0.0,0.0,0.0,0.0,0.0,0.0,0.0,0.0,0.0,0.0,0.0,13.0,0.0,0.0,0.0,2.0,0
52.86800003051758,248.0,1050.0,53.0,55650.0,0.0,0.0,0.0,44.0,66.0,9.0,0.0,100.0,100.0,100.0,103.0,100.0,103.0,100.0,50.0,50.0,0.0,3.392000161111355,3.392000161111355,3.392000161111355,3.392000161111355,14.70000021904707,1.0,2.9679999351501465,0.0,0.0,13.0,3.000000142492354,3.1720001506619155,14.000000208616257,130.0,0.0,0.0,-6.526710033416748,0.0,0.0,0.0,1.0,75.0,1050.0,0.0,98.0,0.0,11.0,0.0,0.0,11.0,10.0,1866.0,106.62857055664062,0.0,0.0,0.0,0.0,0.0,0.0,0.0,0.0,0.0,0.0,0.0,0.0,0.0,0.0,0.0,0.0,13.0,0.0,0.0,0.0,2.0,0
52.933998107910156,248.0,1050.0,53.0,55650.0,0.0,0.0,0.0,44.0,66.0,9.0,0.0,100.0,100.0,100.0,103.0,100.0,103.0,100.0,50.0,50.0,0.0,3.392000161111355,3.392000161111355,3.392000161111355,3.392000161111355,14.70000021904707,1.0,2.9679999351501465,0.0,0.0,13.0,3.000000142492354,3.018000143347308,14.000000208616257,130.0,0.0,0.0,-6.526710033416748,0.0,0.0,0.0,1.0,75.0,1050.0,0.0,98.0,0.0,11.0,0.0,0.0,11.0,10.0,1866.0,106.62857055664062,0.0,0.0,0.0,0.0,0.0,0.0,0.0,0.0,0.0,0.0,0.0,0.0,0.0,0.0,0.0,0.0,13.0,0.0,0.0,0.0,2.0,0
52.999000549316406,248.0,1057.0,52.0,54964.0,0.0,0.0,0.0,44.0,66.0,9.0,0.0,100.0,100.0,100.0,103.0,100.0,103.0,100.0,50.0,50.0,0.0,3.355000159353949,3.355000159353949,3.355000159353949,3.355000159353949,14.70000021904707,1.0,2.955195903778076,0.0,0.0,13.0,3.000000142492354,3.0230001435847953,14.000000208616257,70.0,0.0,0.0,-6.671748161315918,0.0,0.0,0.0,1.0,75.0,1050.0,-7.0,98.0,0.0,11.0,0.0,0.0,11.0,10.0,1866.0,105.92242431640625,0.0,0.0,0.0,0.0,0.0,0.0,0.0,0.0,0.0,0.0,0.0,0.0,0.0,0.0,0.0,0.0,13.0,0.0,0.0,0.0,2.0,0
53.064998626708984,248.0,1057.0,52.0,54964.0,0.0,0.0,0.0,44.0,66.0,9.0,0.0,100.0,100.0,100.0,103.0,100.0,103.0,100.0,50.0,50.0,0.0,3.355000159353949,3.355000159353949,3.355000159353949,3.355000159353949,14.70000021904707,1.0,2.955195903778076,0.0,0.0,13.0,3.000000142492354,3.03300014405977,14.000000208616257,0.0,0.0,0.0,-6.671748161315918,0.0,0.0,0.0,1.0,72.0,1050.0,-7.0,98.0,0.0,11.0,0.0,0.0,11.0,10.0,1866.0,105.92242431640625,0.0,0.0,0.0,0.0,0.0,0.0,0.0,0.0,0.0,0.0,0.0,0.0,0.0,0.0,0.0,0.0,13.0,0.0,0.0,0.0,2.0,0
53.13399887084961,248.0,1057.0,52.0,54964.0,0.0,0.0,0.0,44.0,66.0,9.0,0.0,100.0,100.0,100.0,103.0,100.0,103.0,100.0,50.0,50.0,0.0,3.355000159353949,3.355000159353949,3.355000159353949,3.355000159353949,14.70000021904707,1.0,2.955195903778076,0.0,0.0,13.0,3.000000142492354,3.022000143537298,14.000000208616257,0.0,0.0,0.0,-6.671748161315918,0.0,0.0,0.0,1.0,72.0,1050.0,-7.0,98.0,0.0,11.0,0.0,0.0,11.0,10.0,1866.0,105.92242431640625,0.0,0.0,0.0,0.0,0.0,0.0,0.0,0.0,0.0,0.0,0.0,0.0,0.0,0.0,0.0,0.0,13.0,0.0,0.0,0.0,2.0,0
53.20000076293945,249.0,1055.0,51.0,53805.0,0.0,0.0,0.0,44.0,66.0,9.0,0.0,100.0,100.0,100.0,103.0,100.0,103.0,100.0,50.0,50.0,0.0,3.282000155886635,3.282000155886635,3.282000155886635,3.282000155886635,14.70000021904707,1.0,2.885425090789795,0.0,0.0,13.0,3.000000142492354,3.0370001442497596,14.000000208616257,0.0,0.0,0.0,-6.81678581237793,0.0,0.0,0.0,1.0,72.0,1050.0,-5.0,98.0,0.0,11.0,0.0,0.0,11.0,10.0,1862.0,105.89573669433594,0.0,0.0,0.0,0.0,0.0,0.0,0.0,0.0,0.0,0.0,0.0,0.0,0.0,0.0,0.0,0.0,13.0,0.0,0.0,0.0,2.0,0
53.26499938964844,249.0,1055.0,51.0,53805.0,0.0,0.0,0.0,44.0,66.0,9.0,0.0,100.0,100.0,100.0,103.0,100.0,103.0,100.0,50.0,50.0,0.0,3.282000155886635,3.282000155886635,3.282000155886635,3.282000155886635,14.70000021904707,1.0,2.885425090789795,0.0,0.0,13.0,3.000000142492354,3.016000143252313,14.000000208616257,-20.0,0.0,0.0,-6.81678581237793,0.0,0.0,0.0,1.0,72.0,1050.0,-5.0,98.0,0.0,11.0,0.0,0.0,11.0,10.0,1862.0,105.89573669433594,0.0,0.0,0.0,0.0,0.0,0.0,0.0,0.0,0.0,0.0,0.0,0.0,0.0,0.0,0.0,0.0,13.0,0.0,0.0,0.0,2.0,0
53.33000183105469,249.0,1045.0,51.0,53295.0,0.0,0.0,0.0,44.0,66.0,9.0,0.0,100.0,100.0,100.0,103.0,100.0,103.0,100.0,50.0,50.0,0.0,3.282000155886635,3.282000155886635,3.282000155886635,3.282000155886635,14.70000021904707,1.0,2.858074903488159,0.0,0.0,13.0,3.000000142492354,3.1010001472895965,14.000000208616257,-20.0,0.0,0.0,-6.81678581237793,0.0,0.0,0.0,1.0,72.0,1050.0,5.0,98.0,0.0,11.0,0.0,0.0,11.0,10.0,1862.0,106.90908813476562,0.0,0.0,0.0,0.0,0.0,0.0,0.0,0.0,0.0,0.0,0.0,0.0,0.0,0.0,0.0,0.0,13.0,0.0,0.0,0.0,2.0,0
53.39799880981445,249.0,1034.0,51.0,52734.0,0.0,0.0,0.0,44.0,66.0,9.0,0.0,100.0,100.0,100.0,103.0,100.0,103.0,100.0,50.0,50.0,0.0,3.282000155886635,3.282000155886635,3.282000155886635,3.282000155886635,14.70000021904707,1.0,2.8279900550842285,0.0,0.0,13.0,3.000000142492354,3.0170001432998106,14.000000208616257,-100.0,0.0,0.0,-6.81678581237793,0.0,0.0,0.0,1.0,74.0,1050.0,16.0,98.0,0.0,11.0,0.0,0.0,11.0,10.0,1862.0,108.04642486572266,0.0,0.0,0.0,0.0,0.0,0.0,0.0,0.0,0.0,0.0,0.0,0.0,0.0,0.0,0.0,0.0,13.0,0.0,0.0,0.0,2.0,0
53.465999603271484,249.0,1034.0,51.0,52734.0,0.0,0.0,0.0,44.0,66.0,9.0,0.0,100.0,100.0,100.0,103.0,100.0,103.0,100.0,50.0,50.0,0.0,3.282000155886635,3.282000155886635,3.282000155886635,3.282000155886635,14.70000021904707,1.0,2.8279900550842285,0.0,0.0,13.0,3.000000142492354,3.0350001441547647,14.000000208616257,-110.0,0.0,0.0,-6.81678581237793,0.0,0.0,0.0,1.0,74.0,1050.0,16.0,98.0,0.0,11.0,0.0,0.0,11.0,10.0,1862.0,108.04642486572266,0.0,0.0,0.0,0.0,0.0,0.0,0.0,0.0,0.0,0.0,0.0,0.0,0.0,0.0,0.0,0.0,13.0,0.0,0.0,0.0,2.0,0
53.53300094604492,249.0,1029.0,51.0,52479.0,0.0,0.0,0.0,44.0,66.0,9.0,0.0,100.0,100.0,100.0,103.0,100.0,103.0,100.0,50.0,50.0,0.0,3.282000155886635,3.282000155886635,3.282000155886635,3.282000155886635,14.70000021904707,1.0,2.8143150806427,0.0,0.0,13.0,3.000000142492354,2.92700013902504,14.000000208616257,-110.0,0.0,0.0,-6.81678581237793,0.0,0.0,0.0,1.0,74.0,1050.0,21.0,98.0,0.0,11.0,0.0,0.0,11.0,10.0,1862.0,108.57142639160156,0.0,0.0,0.0,0.0,0.0,0.0,0.0,0.0,0.0,0.0,0.0,0.0,0.0,0.0,0.0,0.0,13.0,0.0,0.0,0.0,2.0,0
53.60100173950195,249.0,1029.0,51.0,52479.0,0.0,0.0,0.0,44.0,66.0,9.0,0.0,100.0,100.0,100.0,103.0,100.0,103.0,100.0,50.0,50.0,0.0,3.282000155886635,3.282000155886635,3.282000155886635,3.282000155886635,14.70000021904707,1.0,2.8143150806427,0.0,0.0,13.0,3.000000142492354,3.0320001440122724,14.000000208616257,-50.0,0.0,0.0,-6.81678581237793,0.0,0.0,0.0,1.0,74.0,1050.0,21.0,98.0,0.0,11.0,0.0,0.0,11.0,10.0,1862.0,108.57142639160156,0.0,0.0,0.0,0.0,0.0,0.0,0.0,0.0,0.0,0.0,0.0,0.0,0.0,0.0,0.0,0.0,13.0,0.0,0.0,0.0,2.0,0
53.66699981689453,249.0,1030.0,52.0,53560.0,0.0,0.0,0.0,44.0,66.0,9.0,0.0,100.0,100.0,100.0,103.0,100.0,103.0,100.0,50.0,50.0,0.0,3.355000159353949,3.355000159353949,3.355000159353949,3.355000159353949,14.70000021904707,1.0,2.8797082901000977,0.0,0.0,13.0,3.000000142492354,3.036000144202262,14.000000208616257,10.0,0.0,0.0,-6.671748161315918,0.0,0.0,0.0,1.0,76.0,1050.0,20.0,98.0,0.0,11.0,0.0,0.0,11.0,10.0,1862.0,108.46601867675781,0.0,0.0,0.0,0.0,0.0,0.0,0.0,0.0,0.0,0.0,0.0,0.0,0.0,0.0,0.0,0.0,13.0,0.0,0.0,0.0,2.0,0
53.731998443603516,249.0,1030.0,52.0,53560.0,0.0,0.0,0.0,44.0,66.0,9.0,0.0,100.0,100.0,100.0,103.0,100.0,103.0,100.0,50.0,50.0,0.0,3.355000159353949,3.355000159353949,3.355000159353949,3.355000159353949,14.70000021904707,1.0,2.8797082901000977,0.0,0.0,13.0,3.000000142492354,3.016000143252313,14.000000208616257,10.0,0.0,0.0,-6.671748161315918,0.0,0.0,0.0,1.0,76.0,1050.0,20.0,98.0,0.0,11.0,0.0,0.0,11.0,10.0,1862.0,108.46601867675781,0.0,0.0,0.0,0.0,0.0,0.0,0.0,0.0,0.0,0.0,0.0,0.0,0.0,0.0,0.0,0.0,13.0,0.0,0.0,0.0,2.0,0
53.79899978637695,249.0,1026.0,52.0,53352.0,0.0,0.0,0.0,44.0,66.0,9.0,0.0,100.0,100.0,100.0,103.0,100.0,103.0,100.0,50.0,50.0,0.0,3.355000159353949,3.355000159353949,3.355000159353949,3.355000159353949,14.70000021904707,1.0,2.8685250282287598,0.0,0.0,13.0,3.000000142492354,3.047000144724734,14.000000208616257,-40.0,0.0,0.0,-6.671748161315918,0.0,0.0,0.0,1.0,76.0,1050.0,24.0,98.0,0.0,11.0,0.0,0.0,11.0,10.0,1862.0,108.88888549804688,0.0,0.0,0.0,0.0,0.0,0.0,0.0,0.0,0.0,0.0,0.0,0.0,0.0,0.0,0.0,0.0,13.0,0.0,0.0,0.0,2.0,0
53.86800003051758,249.0,1030.0,52.0,53560.0,0.0,0.0,0.0,44.0,66.0,9.0,0.0,100.0,100.0,100.0,103.0,100.0,103.0,100.0,50.0,50.0,0.0,3.355000159353949,3.355000159353949,3.355000159353949,3.355000159353949,14.70000021904707,1.0,2.8797082901000977,0.0,0.0,13.0,3.000000142492354,3.016000143252313,14.000000208616257,40.0,0.0,0.0,-6.671748161315918,0.0,0.0,0.0,1.0,76.0,1050.0,20.0,98.0,0.0,11.0,0.0,0.0,11.0,10.0,1862.0,108.46601867675781,0.0,0.0,0.0,0.0,0.0,0.0,0.0,0.0,0.0,0.0,0.0,0.0,0.0,0.0,0.0,0.0,13.0,0.0,0.0,0.0,2.0,0
53.93199920654297,249.0,1030.0,53.0,54590.0,0.0,0.0,0.0,44.0,66.0,9.0,0.0,100.0,100.0,100.0,103.0,100.0,103.0,100.0,50.0,50.0,0.0,3.392000161111355,3.392000161111355,3.392000161111355,3.392000161111355,14.70000021904707,1.0,2.911466598510742,0.0,0.0,13.0,3.000000142492354,3.016000143252313,13.90000020712614,40.0,0.0,0.0,-6.526710033416748,0.0,0.0,0.0,1.0,76.0,1050.0,20.0,98.0,0.0,11.0,0.0,0.0,11.0,10.0,1862.0,108.46601867675781,0.0,0.0,0.0,0.0,0.0,0.0,0.0,0.0,0.0,0.0,0.0,0.0,0.0,0.0,0.0,0.0,13.0,0.0,0.0,0.0,2.0,0
53.99800109863281,249.0,1027.0,53.0,54431.0,0.0,0.0,0.0,44.0,66.0,9.0,0.0,100.0,100.0,100.0,103.0,100.0,103.0,100.0,50.0,50.0,0.0,3.392000161111355,3.392000161111355,3.392000161111355,3.392000161111355,14.70000021904707,1.0,2.902986764907837,0.0,0.0,13.0,3.000000142492354,3.0440001445822418,13.90000020712614,0.0,0.0,0.0,-6.526710033416748,0.0,0.0,0.0,1.0,77.0,1050.0,23.0,98.0,0.0,11.0,0.0,0.0,11.0,10.0,1862.0,108.7828598022461,0.0,0.0,0.0,0.0,0.0,0.0,0.0,0.0,0.0,0.0,0.0,0.0,0.0,0.0,0.0,0.0,13.0,0.0,0.0,0.0,2.0,0
54.064998626708984,249.0,1027.0,53.0,54431.0,0.0,0.0,0.0,44.0,66.0,9.0,0.0,100.0,100.0,100.0,103.0,100.0,103.0,100.0,50.0,50.0,0.0,3.392000161111355,3.392000161111355,3.392000161111355,3.392000161111355,14.70000021904707,1.0,2.902986764907837,0.0,0.0,13.0,3.000000142492354,3.0150001432048157,13.90000020712614,-30.0,0.0,0.0,-6.526710033416748,0.0,0.0,0.0,1.0,77.0,1050.0,23.0,98.0,0.0,11.0,0.0,0.0,11.0,10.0,1862.0,108.7828598022461,0.0,0.0,0.0,0.0,0.0,0.0,0.0,0.0,0.0,0.0,0.0,0.0,0.0,0.0,0.0,0.0,13.0,0.0,0.0,0.0,2.0,0
54.13399887084961,249.0,1031.0,53.0,54643.0,0.0,0.0,0.0,44.0,66.0,9.0,0.0,100.0,100.0,100.0,103.0,100.0,103.0,100.0,50.0,50.0,0.0,3.392000161111355,3.392000161111355,3.392000161111355,3.392000161111355,14.70000021904707,1.0,2.9142932891845703,0.0,0.0,13.0,3.000000142492354,3.124000148382038,13.90000020712614,-30.0,0.0,0.0,-6.526710033416748,0.0,0.0,0.0,1.0,77.0,1050.0,19.0,98.0,0.0,11.0,0.0,0.0,11.0,10.0,1862.0,108.3608169555664,0.0,0.0,0.0,0.0,0.0,0.0,0.0,0.0,0.0,0.0,0.0,0.0,0.0,0.0,0.0,0.0,13.0,0.0,0.0,0.0,2.0,0
54.19900131225586,250.0,1031.0,53.0,54643.0,0.0,0.0,0.0,44.0,66.0,9.0,0.0,100.0,100.0,100.0,103.0,100.0,103.0,100.0,50.0,50.0,0.0,3.392000161111355,3.392000161111355,3.392000161111355,3.392000161111355,14.70000021904707,1.0,2.9142932891845703,0.0,0.0,13.0,3.000000142492354,3.0170001432998106,14.000000208616257,40.0,0.0,0.0,-6.526710033416748,0.0,0.0,0.0,1.0,77.0,1050.0,19.0,98.0,0.0,11.0,0.0,0.0,11.0,10.0,1864.0,108.47720336914062,0.0,0.0,0.0,0.0,0.0,0.0,0.0,0.0,0.0,0.0,0.0,0.0,0.0,0.0,0.0,0.0,13.0,0.0,0.0,0.0,2.0,0
54.19900131225586,250.0,1034.0,53.0,54802.0,0.0,0.0,0.0,44.0,66.0,9.0,0.0,100.0,100.0,100.0,103.0,100.0,103.0,100.0,50.0,50.0,0.0,3.392000161111355,3.392000161111355,3.392000161111355,3.392000161111355,14.70000021904707,1.0,2.9227733612060547,0.0,0.0,13.0,3.000000142492354,3.2120001525618136,14.000000208616257,40.0,0.0,0.0,-6.526710033416748,0.0,0.0,0.0,1.0,77.0,1050.0,16.0,98.0,0.0,11.0,0.0,0.0,11.0,10.0,1864.0,108.1624755859375,0.0,0.0,0.0,0.0,0.0,0.0,0.0,0.0,0.0,0.0,0.0,0.0,0.0,0.0,0.0,0.0,13.0,0.0,0.0,0.0,2.0,0
54.33000183105469,250.0,1046.0,53.0,55438.0,0.0,0.0,0.0,44.0,66.0,9.0,0.0,100.0,100.0,100.0,103.0,100.0,103.0,100.0,50.0,50.0,0.0,3.392000161111355,3.392000161111355,3.392000161111355,3.392000161111355,14.70000021904707,1.0,2.956693410873413,0.0,0.0,13.0,3.000000142492354,3.1430001492844895,14.000000208616257,30.0,0.0,0.0,-6.526710033416748,0.0,0.0,0.0,1.0,76.0,1050.0,4.0,98.0,0.0,11.0,0.0,0.0,11.0,10.0,1864.0,106.9216079711914,0.0,0.0,0.0,0.0,0.0,0.0,0.0,0.0,0.0,0.0,0.0,0.0,0.0,0.0,0.0,0.0,13.0,0.0,0.0,0.0,2.0,0
54.400001525878906,250.0,1046.0,53.0,55438.0,0.0,0.0,0.0,44.0,66.0,9.0,0.0,100.0,100.0,100.0,103.0,100.0,103.0,100.0,50.0,50.0,0.0,3.392000161111355,3.392000161111355,3.392000161111355,3.392000161111355,14.70000021904707,1.0,2.956693410873413,0.0,0.0,13.0,3.000000142492354,3.0190001433948055,14.000000208616257,120.0,0.0,0.0,-6.526710033416748,0.0,0.0,0.0,1.0,76.0,1050.0,4.0,98.0,0.0,11.0,0.0,0.0,11.0,10.0,1864.0,106.9216079711914,0.0,0.0,0.0,0.0,0.0,0.0,0.0,0.0,0.0,0.0,0.0,0.0,0.0,0.0,0.0,0.0,13.0,0.0,0.0,0.0,2.0,0
54.465999603271484,250.0,1046.0,53.0,55438.0,0.0,0.0,0.0,44.0,66.0,9.0,0.0,100.0,100.0,100.0,103.0,100.0,103.0,100.0,50.0,50.0,0.0,3.392000161111355,3.392000161111355,3.392000161111355,3.392000161111355,14.70000021904707,1.0,2.956693410873413,0.0,0.0,13.0,3.000000142492354,3.0190001433948055,14.000000208616257,120.0,0.0,0.0,-6.526710033416748,0.0,0.0,0.0,1.0,76.0,1050.0,4.0,98.0,0.0,11.0,0.0,0.0,11.0,10.0,1864.0,106.9216079711914,0.0,0.0,0.0,0.0,0.0,0.0,0.0,0.0,0.0,0.0,0.0,0.0,0.0,0.0,0.0,0.0,13.0,0.0,0.0,0.0,2.0,0
54.465999603271484,250.0,1046.0,53.0,55438.0,0.0,0.0,0.0,44.0,66.0,9.0,0.0,100.0,100.0,100.0,103.0,100.0,103.0,100.0,50.0,50.0,0.0,3.392000161111355,3.392000161111355,3.392000161111355,3.392000161111355,14.70000021904707,1.0,2.956693410873413,0.0,0.0,13.0,3.000000142492354,3.0170001432998106,14.000000208616257,0.0,0.0,0.0,-6.526710033416748,0.0,0.0,0.0,1.0,76.0,1050.0,4.0,98.0,0.0,11.0,0.0,0.0,11.0,10.0,1864.0,106.9216079711914,0.0,0.0,0.0,0.0,0.0,0.0,0.0,0.0,0.0,0.0,0.0,0.0,0.0,0.0,0.0,0.0,13.0,0.0,0.0,0.0,2.0,0
54.60100173950195,250.0,1048.0,53.0,55544.0,0.0,0.0,0.0,44.0,66.0,9.0,0.0,100.0,100.0,100.0,103.0,100.0,103.0,100.0,50.0,50.0,0.0,3.392000161111355,3.392000161111355,3.392000161111355,3.392000161111355,14.70000021904707,1.0,2.9623465538024902,0.0,0.0,13.0,3.000000142492354,3.1030001473845914,14.000000208616257,20.0,0.0,0.0,-6.526710033416748,0.0,0.0,0.0,1.0,74.0,1050.0,2.0,98.0,0.0,11.0,0.0,0.0,11.0,10.0,1864.0,106.71755981445312,0.0,0.0,0.0,0.0,0.0,0.0,0.0,0.0,0.0,0.0,0.0,0.0,0.0,0.0,0.0,0.0,13.0,0.0,0.0,0.0,2.0,0
54.66600036621094,250.0,1046.0,53.0,55438.0,0.0,0.0,0.0,44.0,66.0,9.0,0.0,100.0,100.0,100.0,103.0,100.0,103.0,100.0,50.0,50.0,0.0,3.392000161111355,3.392000161111355,3.392000161111355,3.392000161111355,14.70000021904707,1.0,2.956693410873413,0.0,0.0,13.0,3.000000142492354,3.0170001432998106,14.000000208616257,20.0,0.0,0.0,-6.526710033416748,0.0,0.0,0.0,1.0,74.0,1050.0,4.0,98.0,0.0,11.0,0.0,0.0,11.0,10.0,1864.0,106.9216079711914,0.0,0.0,0.0,0.0,0.0,0.0,0.0,0.0,0.0,0.0,0.0,0.0,0.0,0.0,0.0,0.0,13.0,0.0,0.0,0.0,2.0,0
54.73500061035156,250.0,1046.0,52.0,54392.0,0.0,0.0,0.0,44.0,66.0,9.0,0.0,100.0,100.0,100.0,103.0,100.0,103.0,100.0,50.0,50.0,0.0,3.355000159353949,3.355000159353949,3.355000159353949,3.355000159353949,14.70000021904707,1.0,2.9244415760040283,0.0,0.0,13.0,3.000000142492354,3.0350001441547647,14.000000208616257,-20.0,0.0,0.0,-6.671748161315918,0.0,0.0,0.0,1.0,74.0,1050.0,4.0,98.0,0.0,11.0,0.0,0.0,11.0,10.0,1864.0,106.9216079711914,0.0,0.0,0.0,0.0,0.0,0.0,0.0,0.0,0.0,0.0,0.0,0.0,0.0,0.0,0.0,0.0,13.0,0.0,0.0,0.0,2.0,0
54.80099868774414,250.0,1048.0,52.0,54496.0,0.0,0.0,0.0,44.0,66.0,9.0,0.0,100.0,100.0,100.0,103.0,100.0,103.0,100.0,50.0,50.0,0.0,3.355000159353949,3.355000159353949,3.355000159353949,3.355000159353949,14.70000021904707,1.0,2.9300334453582764,0.0,0.0,13.0,3.000000142492354,3.03300014405977,14.000000208616257,0.0,0.0,0.0,-6.671748161315918,0.0,0.0,0.0,1.0,74.0,1050.0,2.0,98.0,0.0,11.0,0.0,0.0,11.0,10.0,1864.0,106.71755981445312,0.0,0.0,0.0,0.0,0.0,0.0,0.0,0.0,0.0,0.0,0.0,0.0,0.0,0.0,0.0,0.0,13.0,0.0,0.0,0.0,2.0,0
54.86800003051758,250.0,1048.0,52.0,54496.0,0.0,0.0,0.0,44.0,66.0,9.0,0.0,100.0,100.0,100.0,103.0,100.0,103.0,100.0,50.0,50.0,0.0,3.355000159353949,3.355000159353949,3.355000159353949,3.355000159353949,14.70000021904707,1.0,2.9300334453582764,0.0,0.0,13.0,3.000000142492354,3.0240001436322927,14.000000208616257,0.0,0.0,0.0,-6.671748161315918,0.0,0.0,0.0,1.0,74.0,1050.0,2.0,98.0,0.0,11.0,0.0,0.0,11.0,10.0,1864.0,106.71755981445312,0.0,0.0,0.0,0.0,0.0,0.0,0.0,0.0,0.0,0.0,0.0,0.0,0.0,0.0,0.0,0.0,13.0,0.0,0.0,0.0,2.0,0
54.9370002746582,250.0,1049.0,52.0,54548.0,0.0,0.0,0.0,44.0,66.0,9.0,0.0,100.0,100.0,100.0,103.0,100.0,103.0,100.0,50.0,50.0,0.0,3.355000159353949,3.355000159353949,3.355000159353949,3.355000159353949,14.70000021904707,1.0,2.9328291416168213,0.0,0.0,13.0,3.000000142492354,3.153000149759464,14.000000208616257,20.0,0.0,0.0,-6.671748161315918,0.0,0.0,0.0,1.0,75.0,1050.0,1.0,98.0,0.0,11.0,0.0,0.0,11.0,10.0,1864.0,106.6158218383789,0.0,0.0,0.0,0.0,0.0,0.0,0.0,0.0,0.0,0.0,0.0,0.0,0.0,0.0,0.0,0.0,13.0,0.0,0.0,0.0,2.0,0
55.00199890136719,250.0,1049.0,52.0,54548.0,0.0,0.0,0.0,44.0,66.0,9.0,0.0,100.0,100.0,100.0,103.0,100.0,103.0,100.0,50.0,50.0,0.0,3.355000159353949,3.355000159353949,3.355000159353949,3.355000159353949,14.70000021904707,1.0,2.9328291416168213,0.0,0.0,13.0,3.000000142492354,3.0170001432998106,14.000000208616257,10.0,0.0,0.0,-6.671748161315918,0.0,0.0,0.0,1.0,75.0,1050.0,1.0,98.0,0.0,11.0,0.0,0.0,11.0,10.0,1864.0,106.6158218383789,0.0,0.0,0.0,0.0,0.0,0.0,0.0,0.0,0.0,0.0,0.0,0.0,0.0,0.0,0.0,0.0,13.0,0.0,0.0,0.0,2.0,0
55.069000244140625,250.0,1048.0,52.0,54496.0,0.0,0.0,0.0,44.0,66.0,9.0,0.0,100.0,100.0,100.0,103.0,100.0,103.0,100.0,50.0,50.0,0.0,3.355000159353949,3.355000159353949,3.355000159353949,3.355000159353949,14.70000021904707,1.0,2.9300334453582764,0.0,0.0,13.0,3.000000142492354,3.18600015132688,14.000000208616257,10.0,0.0,0.0,-6.671748161315918,0.0,0.0,0.0,1.0,75.0,1050.0,2.0,98.0,0.0,11.0,0.0,0.0,11.0,10.0,1864.0,106.71755981445312,0.0,0.0,0.0,0.0,0.0,0.0,0.0,0.0,0.0,0.0,0.0,0.0,0.0,0.0,0.0,0.0,13.0,0.0,0.0,0.0,2.0,0
55.132999420166016,250.0,1047.0,52.0,54444.0,0.0,0.0,0.0,44.0,66.0,9.0,0.0,100.0,100.0,100.0,103.0,100.0,103.0,100.0,50.0,50.0,0.0,3.355000159353949,3.355000159353949,3.355000159353949,3.355000159353949,14.70000021904707,1.0,2.9272375106811523,0.0,0.0,13.0,3.000000142492354,3.1360001489520073,14.000000208616257,-10.0,0.0,0.0,-6.671748161315918,0.0,0.0,0.0,1.0,75.0,1050.0,3.0,98.0,0.0,11.0,0.0,0.0,11.0,10.0,1864.0,106.8194808959961,0.0,0.0,0.0,0.0,0.0,0.0,0.0,0.0,0.0,0.0,0.0,0.0,0.0,0.0,0.0,0.0,13.0,0.0,0.0,0.0,2.0,0
55.20399856567383,251.0,1047.0,52.0,54444.0,0.0,0.0,0.0,44.0,66.0,9.0,0.0,100.0,100.0,100.0,103.0,100.0,103.0,100.0,50.0,50.0,0.0,3.355000159353949,3.355000159353949,3.355000159353949,3.355000159353949,14.70000021904707,1.0,2.9272375106811523,0.0,0.0,13.0,3.000000142492354,3.0320001440122724,14.000000208616257,-10.0,0.0,0.0,-6.671748161315918,0.0,0.0,0.0,1.0,75.0,1050.0,3.0,98.0,0.0,11.0,0.0,0.0,11.0,10.0,1868.0,107.04871368408203,0.0,0.0,0.0,0.0,0.0,0.0,0.0,0.0,0.0,0.0,0.0,0.0,0.0,0.0,0.0,0.0,13.0,0.0,0.0,0.0,2.0,0
55.268001556396484,251.0,1048.0,52.0,54496.0,0.0,0.0,0.0,44.0,66.0,9.0,0.0,100.0,100.0,100.0,103.0,100.0,103.0,100.0,50.0,50.0,0.0,3.355000159353949,3.355000159353949,3.355000159353949,3.355000159353949,14.70000021904707,1.0,2.9300334453582764,0.0,0.0,13.0,3.000000142492354,3.009000142919831,14.000000208616257,-10.0,0.0,0.0,-6.671748161315918,0.0,0.0,0.0,1.0,75.0,1050.0,2.0,98.0,0.0,11.0,0.0,0.0,11.0,10.0,1868.0,106.94656372070312,0.0,0.0,0.0,0.0,0.0,0.0,0.0,0.0,0.0,0.0,0.0,0.0,0.0,0.0,0.0,0.0,13.0,0.0,0.0,0.0,2.0,0
55.268001556396484,251.0,1048.0,52.0,54496.0,0.0,0.0,0.0,44.0,66.0,9.0,0.0,100.0,100.0,100.0,103.0,100.0,103.0,100.0,50.0,50.0,0.0,3.355000159353949,3.355000159353949,3.355000159353949,3.355000159353949,14.70000021904707,1.0,2.9300334453582764,0.0,0.0,13.0,3.000000142492354,3.0170001432998106,14.000000208616257,10.0,0.0,0.0,-6.671748161315918,0.0,0.0,0.0,1.0,75.0,1050.0,2.0,98.0,0.0,11.0,0.0,0.0,11.0,10.0,1868.0,106.94656372070312,0.0,0.0,0.0,0.0,0.0,0.0,0.0,0.0,0.0,0.0,0.0,0.0,0.0,0.0,0.0,0.0,13.0,0.0,0.0,0.0,2.0,0
55.39899826049805,251.0,1046.0,52.0,54392.0,0.0,0.0,0.0,44.0,66.0,9.0,0.0,100.0,100.0,100.0,103.0,100.0,103.0,100.0,50.0,50.0,0.0,3.355000159353949,3.355000159353949,3.355000159353949,3.355000159353949,14.70000021904707,1.0,2.9244415760040283,0.0,0.0,13.0,3.000000142492354,3.091000146814622,14.000000208616257,-20.0,0.0,0.0,-6.671748161315918,0.0,0.0,0.0,1.0,75.0,1050.0,4.0,98.0,0.0,11.0,0.0,0.0,11.0,10.0,1868.0,107.15105438232422,0.0,0.0,0.0,0.0,0.0,0.0,0.0,0.0,0.0,0.0,0.0,0.0,0.0,0.0,0.0,0.0,13.0,0.0,0.0,0.0,2.0,0
55.46900177001953,251.0,1043.0,52.0,54236.0,0.0,0.0,0.0,44.0,66.0,9.0,0.0,100.0,100.0,100.0,103.0,100.0,103.0,100.0,50.0,50.0,0.0,3.355000159353949,3.355000159353949,3.355000159353949,3.355000159353949,14.70000021904707,1.0,2.9160542488098145,0.0,0.0,13.0,3.000000142492354,3.016000143252313,14.000000208616257,-20.0,0.0,0.0,-6.671748161315918,0.0,0.0,0.0,1.0,75.0,1050.0,7.0,98.0,0.0,11.0,0.0,0.0,11.0,10.0,1868.0,107.4592514038086,0.0,0.0,0.0,0.0,0.0,0.0,0.0,0.0,0.0,0.0,0.0,0.0,0.0,0.0,0.0,0.0,13.0,0.0,0.0,0.0,2.0,0
55.53499984741211,251.0,1043.0,52.0,54236.0,0.0,0.0,0.0,44.0,66.0,9.0,0.0,100.0,100.0,100.0,103.0,100.0,103.0,100.0,50.0,50.0,0.0,3.355000159353949,3.355000159353949,3.355000159353949,3.355000159353949,14.70000021904707,1.0,2.9160542488098145,0.0,0.0,13.0,3.000000142492354,3.038000144297257,14.000000208616257,-30.0,0.0,0.0,-6.671748161315918,0.0,0.0,0.0,1.0,76.0,1050.0,7.0,98.0,0.0,11.0,0.0,0.0,11.0,10.0,1868.0,107.4592514038086,0.0,0.0,0.0,0.0,0.0,0.0,0.0,0.0,0.0,0.0,0.0,0.0,0.0,0.0,0.0,0.0,13.0,0.0,0.0,0.0,2.0,0
55.53499984741211,251.0,1046.0,52.0,54392.0,0.0,0.0,0.0,44.0,66.0,9.0,0.0,100.0,100.0,100.0,103.0,100.0,103.0,100.0,50.0,50.0,0.0,3.355000159353949,3.355000159353949,3.355000159353949,3.355000159353949,14.70000021904707,1.0,2.9244415760040283,0.0,0.0,13.0,3.000000142492354,3.093000146909617,14.000000208616257,30.0,0.0,0.0,-6.671748161315918,0.0,0.0,0.0,1.0,76.0,1050.0,4.0,98.0,0.0,11.0,0.0,0.0,11.0,10.0,1868.0,107.15105438232422,0.0,0.0,0.0,0.0,0.0,0.0,0.0,0.0,0.0,0.0,0.0,0.0,0.0,0.0,0.0,0.0,13.0,0.0,0.0,0.0,2.0,0
55.66999816894531,251.0,1046.0,52.0,54392.0,0.0,0.0,0.0,44.0,66.0,9.0,0.0,100.0,100.0,100.0,103.0,100.0,103.0,100.0,50.0,50.0,0.0,3.355000159353949,3.355000159353949,3.355000159353949,3.355000159353949,14.70000021904707,1.0,2.9244415760040283,0.0,0.0,13.0,3.000000142492354,3.022000143537298,14.000000208616257,30.0,0.0,0.0,-6.671748161315918,0.0,0.0,0.0,1.0,76.0,1050.0,4.0,98.0,0.0,11.0,0.0,0.0,11.0,10.0,1868.0,107.15105438232422,0.0,0.0,0.0,0.0,0.0,0.0,0.0,0.0,0.0,0.0,0.0,0.0,0.0,0.0,0.0,0.0,13.0,0.0,0.0,0.0,2.0,0
55.73400115966797,251.0,1045.0,52.0,54340.0,0.0,0.0,0.0,44.0,66.0,9.0,0.0,100.0,100.0,100.0,103.0,100.0,103.0,100.0,50.0,50.0,0.0,3.355000159353949,3.355000159353949,3.355000159353949,3.355000159353949,14.70000021904707,1.0,2.9216458797454834,0.0,0.0,13.0,3.000000142492354,3.1140001479070634,14.000000208616257,0.0,0.0,0.0,-6.671748161315918,0.0,0.0,0.0,1.0,76.0,1050.0,5.0,98.0,0.0,11.0,0.0,0.0,11.0,10.0,1868.0,107.25358581542969,0.0,0.0,0.0,0.0,0.0,0.0,0.0,0.0,0.0,0.0,0.0,0.0,0.0,0.0,0.0,0.0,13.0,0.0,0.0,0.0,2.0,0
55.80099868774414,251.0,1045.0,52.0,54340.0,0.0,0.0,0.0,44.0,66.0,9.0,0.0,100.0,100.0,100.0,103.0,100.0,103.0,100.0,50.0,50.0,0.0,3.355000159353949,3.355000159353949,3.355000159353949,3.355000159353949,14.70000021904707,1.0,2.9216458797454834,0.0,0.0,13.0,3.000000142492354,3.0170001432998106,14.000000208616257,-10.0,0.0,0.0,-6.671748161315918,0.0,0.0,0.0,1.0,75.0,1050.0,5.0,98.0,0.0,11.0,0.0,0.0,11.0,10.0,1868.0,107.25358581542969,0.0,0.0,0.0,0.0,0.0,0.0,0.0,0.0,0.0,0.0,0.0,0.0,0.0,0.0,0.0,0.0,13.0,0.0,0.0,0.0,2.0,0
55.86600112915039,251.0,1051.0,52.0,54652.0,0.0,0.0,0.0,44.0,66.0,9.0,0.0,100.0,100.0,100.0,103.0,100.0,103.0,100.0,50.0,50.0,0.0,3.355000159353949,3.355000159353949,3.355000159353949,3.355000159353949,14.70000021904707,1.0,2.9384207725524902,0.0,0.0,13.0,3.000000142492354,3.197000151849352,14.000000208616257,-10.0,0.0,0.0,-6.671748161315918,0.0,0.0,0.0,1.0,75.0,1050.0,-1.0,98.0,0.0,11.0,0.0,0.0,11.0,10.0,1868.0,106.64129638671875,0.0,0.0,0.0,0.0,0.0,0.0,0.0,0.0,0.0,0.0,0.0,0.0,0.0,0.0,0.0,0.0,13.0,0.0,0.0,0.0,2.0,0
55.93299865722656,251.0,1048.0,52.0,54496.0,0.0,0.0,0.0,44.0,66.0,9.0,0.0,100.0,100.0,100.0,103.0,100.0,103.0,100.0,50.0,50.0,0.0,3.355000159353949,3.355000159353949,3.355000159353949,3.355000159353949,14.70000021904707,1.0,2.9300334453582764,0.0,0.0,13.0,3.000000142492354,3.0120001430623233,14.000000208616257,60.0,0.0,0.0,-6.671748161315918,0.0,0.0,0.0,1.0,75.0,1050.0,2.0,98.0,0.0,11.0,0.0,0.0,11.0,10.0,1868.0,106.94656372070312,0.0,0.0,0.0,0.0,0.0,0.0,0.0,0.0,0.0,0.0,0.0,0.0,0.0,0.0,0.0,0.0,13.0,0.0,0.0,0.0,2.0,0
56.000999450683594,251.0,1048.0,52.0,54496.0,0.0,0.0,0.0,44.0,66.0,9.0,0.0,100.0,100.0,100.0,103.0,100.0,103.0,100.0,50.0,50.0,0.0,3.355000159353949,3.355000159353949,3.355000159353949,3.355000159353949,14.70000021904707,1.0,2.9300334453582764,0.0,0.0,13.0,3.000000142492354,3.027000143774785,14.000000208616257,-30.0,0.0,0.0,-6.671748161315918,0.0,0.0,0.0,1.0,75.0,1050.0,2.0,98.0,0.0,11.0,0.0,0.0,11.0,10.0,1868.0,106.94656372070312,0.0,0.0,0.0,0.0,0.0,0.0,0.0,0.0,0.0,0.0,0.0,0.0,0.0,0.0,0.0,0.0,13.0,0.0,0.0,0.0,2.0,0
56.06700134277344,251.0,1046.0,52.0,54392.0,0.0,0.0,0.0,44.0,66.0,9.0,0.0,100.0,100.0,100.0,103.0,100.0,103.0,100.0,50.0,50.0,0.0,3.355000159353949,3.355000159353949,3.355000159353949,3.355000159353949,14.70000021904707,1.0,2.9244415760040283,0.0,0.0,13.0,3.000000142492354,3.189000151469372,14.000000208616257,-30.0,0.0,0.0,-6.671748161315918,0.0,0.0,0.0,1.0,75.0,1050.0,4.0,98.0,0.0,11.0,0.0,0.0,11.0,10.0,1868.0,107.15105438232422,0.0,0.0,0.0,0.0,0.0,0.0,0.0,0.0,0.0,0.0,0.0,0.0,0.0,0.0,0.0,0.0,13.0,0.0,0.0,0.0,2.0,0
56.132999420166016,251.0,1046.0,52.0,54392.0,0.0,0.0,0.0,44.0,66.0,9.0,0.0,100.0,100.0,100.0,103.0,100.0,103.0,100.0,50.0,50.0,0.0,3.355000159353949,3.355000159353949,3.355000159353949,3.355000159353949,14.70000021904707,1.0,2.9244415760040283,0.0,0.0,13.0,3.000000142492354,3.018000143347308,14.000000208616257,-20.0,0.0,0.0,-6.671748161315918,0.0,0.0,0.0,1.0,75.0,1050.0,4.0,98.0,0.0,11.0,0.0,0.0,11.0,10.0,1868.0,107.15105438232422,0.0,0.0,0.0,0.0,0.0,0.0,0.0,0.0,0.0,0.0,0.0,0.0,0.0,0.0,0.0,0.0,13.0,0.0,0.0,0.0,2.0,0
56.20199966430664,252.0,1050.0,52.0,54600.0,0.0,0.0,0.0,44.0,66.0,9.0,0.0,100.0,100.0,100.0,103.0,100.0,103.0,100.0,50.0,50.0,0.0,3.355000159353949,3.355000159353949,3.355000159353949,3.355000159353949,14.70000021904707,1.0,2.9356250762939453,0.0,0.0,13.0,3.000000142492354,3.0520001449622214,14.000000208616257,40.0,0.0,0.0,-6.671748161315918,0.0,0.0,0.0,1.0,75.0,1050.0,0.0,98.0,0.0,11.0,0.0,0.0,11.0,10.0,1866.0,106.62857055664062,0.0,0.0,0.0,0.0,0.0,0.0,0.0,0.0,0.0,0.0,0.0,0.0,0.0,0.0,0.0,0.0,13.0,0.0,0.0,0.0,2.0,0
56.268001556396484,252.0,1050.0,52.0,54600.0,0.0,0.0,0.0,44.0,66.0,9.0,0.0,100.0,100.0,100.0,103.0,100.0,103.0,100.0,50.0,50.0,0.0,3.355000159353949,3.355000159353949,3.355000159353949,3.355000159353949,14.70000021904707,1.0,2.9356250762939453,0.0,0.0,13.0,3.000000142492354,3.016000143252313,14.000000208616257,40.0,0.0,0.0,-6.671748161315918,0.0,0.0,0.0,1.0,75.0,1050.0,0.0,98.0,0.0,11.0,0.0,0.0,11.0,10.0,1866.0,106.62857055664062,0.0,0.0,0.0,0.0,0.0,0.0,0.0,0.0,0.0,0.0,0.0,0.0,0.0,0.0,0.0,0.0,13.0,0.0,0.0,0.0,2.0,0
56.332000732421875,252.0,1050.0,52.0,54600.0,0.0,0.0,0.0,44.0,66.0,9.0,0.0,100.0,100.0,100.0,103.0,100.0,103.0,100.0,50.0,50.0,0.0,3.355000159353949,3.355000159353949,3.355000159353949,3.355000159353949,14.70000021904707,1.0,2.9356250762939453,0.0,0.0,13.0,3.000000142492354,3.0190001433948055,14.000000208616257,0.0,0.0,0.0,-6.671748161315918,0.0,0.0,0.0,1.0,75.0,1050.0,0.0,98.0,0.0,11.0,0.0,0.0,11.0,10.0,1866.0,106.62857055664062,0.0,0.0,0.0,0.0,0.0,0.0,0.0,0.0,0.0,0.0,0.0,0.0,0.0,0.0,0.0,0.0,13.0,0.0,0.0,0.0,2.0,0
56.400001525878906,252.0,1047.0,52.0,54444.0,0.0,0.0,0.0,44.0,66.0,9.0,0.0,100.0,100.0,100.0,103.0,100.0,103.0,100.0,50.0,50.0,0.0,3.355000159353949,3.355000159353949,3.355000159353949,3.355000159353949,14.70000021904707,1.0,2.9272375106811523,0.0,0.0,13.0,3.000000142492354,3.047000144724734,14.000000208616257,-30.0,0.0,0.0,-6.671748161315918,0.0,0.0,0.0,1.0,75.0,1050.0,3.0,98.0,0.0,11.0,0.0,0.0,11.0,10.0,1866.0,106.93409729003906,0.0,0.0,0.0,0.0,0.0,0.0,0.0,0.0,0.0,0.0,0.0,0.0,0.0,0.0,0.0,0.0,13.0,0.0,0.0,0.0,2.0,0
56.46799850463867,252.0,1047.0,52.0,54444.0,0.0,0.0,0.0,44.0,66.0,9.0,0.0,100.0,100.0,100.0,103.0,100.0,103.0,100.0,50.0,50.0,0.0,3.355000159353949,3.355000159353949,3.355000159353949,3.355000159353949,14.70000021904707,1.0,2.9272375106811523,0.0,0.0,13.0,3.000000142492354,3.0230001435847953,14.000000208616257,-30.0,0.0,0.0,-6.671748161315918,0.0,0.0,0.0,1.0,75.0,1050.0,3.0,98.0,0.0,11.0,0.0,0.0,11.0,10.0,1866.0,106.93409729003906,0.0,0.0,0.0,0.0,0.0,0.0,0.0,0.0,0.0,0.0,0.0,0.0,0.0,0.0,0.0,0.0,13.0,0.0,0.0,0.0,2.0,0
56.534000396728516,252.0,1043.0,52.0,54236.0,0.0,0.0,0.0,44.0,66.0,9.0,0.0,100.0,100.0,100.0,103.0,100.0,103.0,100.0,50.0,50.0,0.0,3.355000159353949,3.355000159353949,3.355000159353949,3.355000159353949,14.70000021904707,1.0,2.9160542488098145,0.0,0.0,13.0,3.000000142492354,3.1500001496169716,14.000000208616257,-40.0,0.0,0.0,-6.671748161315918,0.0,0.0,0.0,1.0,75.0,1050.0,7.0,98.0,0.0,11.0,0.0,0.0,11.0,10.0,1866.0,107.34420013427734,0.0,0.0,0.0,0.0,0.0,0.0,0.0,0.0,0.0,0.0,0.0,0.0,0.0,0.0,0.0,0.0,13.0,0.0,0.0,0.0,2.0,0
56.599998474121094,252.0,1043.0,52.0,54236.0,0.0,0.0,0.0,44.0,66.0,9.0,0.0,100.0,100.0,100.0,103.0,100.0,103.0,100.0,50.0,50.0,0.0,3.355000159353949,3.355000159353949,3.355000159353949,3.355000159353949,14.70000021904707,1.0,2.9160542488098145,0.0,0.0,13.0,3.000000142492354,3.0170001432998106,14.000000208616257,-40.0,0.0,0.0,-6.671748161315918,0.0,0.0,0.0,1.0,75.0,1050.0,7.0,98.0,0.0,11.0,0.0,0.0,11.0,10.0,1866.0,107.34420013427734,0.0,0.0,0.0,0.0,0.0,0.0,0.0,0.0,0.0,0.0,0.0,0.0,0.0,0.0,0.0,0.0,13.0,0.0,0.0,0.0,2.0,0
56.66899871826172,252.0,1039.0,52.0,54028.0,0.0,0.0,0.0,44.0,66.0,9.0,0.0,100.0,100.0,100.0,103.0,100.0,103.0,100.0,50.0,50.0,0.0,3.355000159353949,3.355000159353949,3.355000159353949,3.355000159353949,14.70000021904707,1.0,2.9048707485198975,0.0,0.0,13.0,3.000000142492354,3.0720001459121704,14.000000208616257,0.0,0.0,0.0,-6.671748161315918,0.0,0.0,0.0,1.0,75.0,1050.0,11.0,98.0,0.0,11.0,0.0,0.0,11.0,10.0,1866.0,107.75746154785156,0.0,0.0,0.0,0.0,0.0,0.0,0.0,0.0,0.0,0.0,0.0,0.0,0.0,0.0,0.0,0.0,13.0,0.0,0.0,0.0,2.0,0
56.73400115966797,252.0,1032.0,52.0,53664.0,0.0,0.0,0.0,44.0,66.0,9.0,0.0,100.0,100.0,100.0,103.0,100.0,103.0,100.0,50.0,50.0,0.0,3.355000159353949,3.355000159353949,3.355000159353949,3.355000159353949,14.70000021904707,1.0,2.8852999210357666,0.0,0.0,13.0,3.000000142492354,3.016000143252313,14.000000208616257,-40.0,0.0,0.0,-6.671748161315918,0.0,0.0,0.0,1.0,76.0,1050.0,18.0,98.0,0.0,11.0,0.0,0.0,11.0,10.0,1866.0,108.48837280273438,0.0,0.0,0.0,0.0,0.0,0.0,0.0,0.0,0.0,0.0,0.0,0.0,0.0,0.0,0.0,0.0,13.0,0.0,0.0,0.0,2.0,0
56.79999923706055,252.0,1032.0,52.0,53664.0,0.0,0.0,0.0,44.0,66.0,9.0,0.0,100.0,100.0,100.0,103.0,100.0,103.0,100.0,50.0,50.0,0.0,3.355000159353949,3.355000159353949,3.355000159353949,3.355000159353949,14.70000021904707,1.0,2.8852999210357666,0.0,0.0,13.0,3.000000142492354,3.038000144297257,14.000000208616257,-40.0,0.0,0.0,-6.671748161315918,0.0,0.0,0.0,1.0,76.0,1050.0,18.0,98.0,0.0,11.0,0.0,0.0,11.0,10.0,1866.0,108.48837280273438,0.0,0.0,0.0,0.0,0.0,0.0,0.0,0.0,0.0,0.0,0.0,0.0,0.0,0.0,0.0,0.0,13.0,0.0,0.0,0.0,2.0,0
56.86600112915039,252.0,1035.0,53.0,54855.0,0.0,0.0,0.0,44.0,66.0,9.0,0.0,100.0,100.0,100.0,103.0,100.0,103.0,100.0,50.0,50.0,0.0,3.392000161111355,3.392000161111355,3.392000161111355,3.392000161111355,14.70000021904707,1.0,2.925600051879883,0.0,0.0,13.0,3.000000142492354,3.0550001451047137,14.000000208616257,-70.0,0.0,0.0,-6.526710033416748,0.0,0.0,0.0,1.0,76.0,1050.0,15.0,98.0,0.0,11.0,0.0,0.0,11.0,10.0,1866.0,108.17391204833984,0.0,0.0,0.0,0.0,0.0,0.0,0.0,0.0,0.0,0.0,0.0,0.0,0.0,0.0,0.0,0.0,13.0,0.0,0.0,0.0,2.0,0
56.86600112915039,252.0,1035.0,53.0,54855.0,0.0,0.0,0.0,44.0,66.0,9.0,0.0,100.0,100.0,100.0,103.0,100.0,103.0,100.0,50.0,50.0,0.0,3.392000161111355,3.392000161111355,3.392000161111355,3.392000161111355,14.70000021904707,1.0,2.925600051879883,0.0,0.0,13.0,3.000000142492354,3.022000143537298,14.000000208616257,30.0,0.0,0.0,-6.526710033416748,0.0,0.0,0.0,1.0,76.0,1050.0,15.0,98.0,0.0,11.0,0.0,0.0,11.0,10.0,1866.0,108.17391204833984,0.0,0.0,0.0,0.0,0.0,0.0,0.0,0.0,0.0,0.0,0.0,0.0,0.0,0.0,0.0,0.0,13.0,0.0,0.0,0.0,2.0,0
57.000999450683594,252.0,1037.0,53.0,54961.0,0.0,0.0,0.0,44.0,66.0,9.0,0.0,100.0,100.0,100.0,103.0,100.0,103.0,100.0,50.0,50.0,0.0,3.392000161111355,3.392000161111355,3.392000161111355,3.392000161111355,14.70000021904707,1.0,2.931253433227539,0.0,0.0,13.0,3.000000142492354,3.2500001543667167,14.000000208616257,30.0,0.0,0.0,-6.526710033416748,0.0,0.0,0.0,1.0,76.0,1050.0,13.0,98.0,0.0,11.0,0.0,0.0,11.0,10.0,1866.0,107.96528625488281,0.0,0.0,0.0,0.0,0.0,0.0,0.0,0.0,0.0,0.0,0.0,0.0,0.0,0.0,0.0,0.0,13.0,0.0,0.0,0.0,2.0,0
57.066001892089844,252.0,1037.0,53.0,54961.0,0.0,0.0,0.0,44.0,66.0,9.0,0.0,100.0,100.0,100.0,103.0,100.0,103.0,100.0,50.0,50.0,0.0,3.392000161111355,3.392000161111355,3.392000161111355,3.392000161111355,14.70000021904707,1.0,2.931253433227539,0.0,0.0,13.0,3.000000142492354,3.0190001433948055,14.000000208616257,20.0,0.0,0.0,-6.526710033416748,0.0,0.0,0.0,1.0,77.0,1050.0,13.0,98.0,0.0,11.0,0.0,0.0,11.0,10.0,1866.0,107.96528625488281,0.0,0.0,0.0,0.0,0.0,0.0,0.0,0.0,0.0,0.0,0.0,0.0,0.0,0.0,0.0,0.0,13.0,0.0,0.0,0.0,2.0,0
57.132999420166016,252.0,1043.0,53.0,55279.0,0.0,0.0,0.0,44.0,66.0,9.0,0.0,100.0,100.0,100.0,103.0,100.0,103.0,100.0,50.0,50.0,0.0,3.392000161111355,3.392000161111355,3.392000161111355,3.392000161111355,14.70000021904707,1.0,2.9482133388519287,0.0,0.0,13.0,3.000000142492354,3.166000150376931,14.000000208616257,60.0,0.0,0.0,-6.526710033416748,0.0,0.0,0.0,1.0,77.0,1050.0,7.0,98.0,0.0,11.0,0.0,0.0,11.0,10.0,1866.0,107.34420013427734,0.0,0.0,0.0,0.0,0.0,0.0,0.0,0.0,0.0,0.0,0.0,0.0,0.0,0.0,0.0,0.0,13.0,0.0,0.0,0.0,2.0,0
57.198001861572266,252.0,1050.0,53.0,55650.0,0.0,0.0,0.0,44.0,66.0,9.0,0.0,100.0,100.0,100.0,103.0,100.0,103.0,100.0,50.0,50.0,0.0,3.392000161111355,3.392000161111355,3.392000161111355,3.392000161111355,14.70000021904707,1.0,2.9679999351501465,0.0,0.0,13.0,3.000000142492354,3.1360001489520073,14.000000208616257,60.0,0.0,0.0,-6.526710033416748,0.0,0.0,0.0,1.0,77.0,1050.0,0.0,98.0,0.0,11.0,0.0,0.0,11.0,10.0,1866.0,106.62857055664062,0.0,0.0,0.0,0.0,0.0,0.0,0.0,0.0,0.0,0.0,0.0,0.0,0.0,0.0,0.0,0.0,13.0,0.0,0.0,0.0,2.0,0
57.266998291015625,253.0,1050.0,53.0,55650.0,0.0,0.0,0.0,44.0,66.0,9.0,0.0,100.0,100.0,100.0,103.0,100.0,103.0,100.0,50.0,50.0,0.0,3.392000161111355,3.392000161111355,3.392000161111355,3.392000161111355,14.70000021904707,1.0,2.9679999351501465,0.0,0.0,13.0,3.000000142492354,3.0240001436322927,13.90000020712614,70.0,0.0,0.0,-6.526710033416748,0.0,0.0,0.0,1.0,77.0,1050.0,0.0,98.0,0.0,11.0,0.0,0.0,11.0,10.0,1862.0,106.4000015258789,0.0,0.0,0.0,0.0,0.0,0.0,0.0,0.0,0.0,0.0,0.0,0.0,0.0,0.0,0.0,0.0,13.0,0.0,0.0,0.0,2.0,0
57.33300018310547,253.0,1051.0,53.0,55703.0,0.0,0.0,0.0,44.0,66.0,9.0,0.0,100.0,100.0,100.0,103.0,100.0,103.0,100.0,50.0,50.0,0.0,3.392000161111355,3.392000161111355,3.392000161111355,3.392000161111355,14.70000021904707,1.0,2.9708266258239746,0.0,0.0,13.0,3.000000142492354,3.1250001484295353,13.90000020712614,10.0,0.0,0.0,-6.526710033416748,0.0,0.0,0.0,1.0,75.0,1050.0,-1.0,98.0,0.0,11.0,0.0,0.0,11.0,10.0,1862.0,106.29875946044922,0.0,0.0,0.0,0.0,0.0,0.0,0.0,0.0,0.0,0.0,0.0,0.0,0.0,0.0,0.0,0.0,13.0,0.0,0.0,0.0,2.0,0
57.39899826049805,253.0,1051.0,53.0,55703.0,0.0,0.0,0.0,44.0,66.0,9.0,0.0,100.0,100.0,100.0,103.0,100.0,103.0,100.0,50.0,50.0,0.0,3.392000161111355,3.392000161111355,3.392000161111355,3.392000161111355,14.70000021904707,1.0,2.9708266258239746,0.0,0.0,13.0,3.000000142492354,3.0170001432998106,13.90000020712614,10.0,0.0,0.0,-6.526710033416748,0.0,0.0,0.0,1.0,75.0,1050.0,-1.0,98.0,0.0,11.0,0.0,0.0,11.0,10.0,1862.0,106.29875946044922,0.0,0.0,0.0,0.0,0.0,0.0,0.0,0.0,0.0,0.0,0.0,0.0,0.0,0.0,0.0,0.0,13.0,0.0,0.0,0.0,2.0,0
57.46799850463867,253.0,1059.0,52.0,55068.0,0.0,0.0,0.0,44.0,66.0,9.0,0.0,100.0,100.0,100.0,103.0,100.0,103.0,100.0,50.0,50.0,0.0,3.355000159353949,3.355000159353949,3.355000159353949,3.355000159353949,14.70000021904707,1.0,2.960787534713745,0.0,0.0,13.0,3.000000142492354,3.1050001474795863,13.90000020712614,80.0,0.0,0.0,-6.671748161315918,0.0,0.0,0.0,1.0,75.0,1050.0,-9.0,98.0,0.0,11.0,0.0,0.0,11.0,10.0,1862.0,105.4957504272461,0.0,0.0,0.0,0.0,0.0,0.0,0.0,0.0,0.0,0.0,0.0,0.0,0.0,0.0,0.0,0.0,13.0,0.0,0.0,0.0,2.0,0
57.53300094604492,253.0,1059.0,52.0,55068.0,0.0,0.0,0.0,44.0,66.0,9.0,0.0,100.0,100.0,100.0,103.0,100.0,103.0,100.0,50.0,50.0,0.0,3.355000159353949,3.355000159353949,3.355000159353949,3.355000159353949,14.70000021904707,1.0,2.960787534713745,0.0,0.0,13.0,3.000000142492354,3.0170001432998106,13.90000020712614,0.0,0.0,0.0,-6.671748161315918,0.0,0.0,0.0,1.0,75.0,1050.0,-9.0,98.0,0.0,11.0,0.0,0.0,11.0,10.0,1862.0,105.4957504272461,0.0,0.0,0.0,0.0,0.0,0.0,0.0,0.0,0.0,0.0,0.0,0.0,0.0,0.0,0.0,0.0,13.0,0.0,0.0,0.0,2.0,0
57.5989990234375,253.0,1059.0,52.0,55068.0,0.0,0.0,0.0,44.0,66.0,9.0,0.0,100.0,100.0,100.0,103.0,100.0,103.0,100.0,50.0,50.0,0.0,3.355000159353949,3.355000159353949,3.355000159353949,3.355000159353949,14.70000021904707,1.0,2.960787534713745,0.0,0.0,13.0,3.000000142492354,3.0210001434898004,13.90000020712614,0.0,0.0,0.0,-6.671748161315918,0.0,0.0,0.0,1.0,75.0,1050.0,-9.0,98.0,0.0,11.0,0.0,0.0,11.0,10.0,1862.0,105.4957504272461,0.0,0.0,0.0,0.0,0.0,0.0,0.0,0.0,0.0,0.0,0.0,0.0,0.0,0.0,0.0,0.0,13.0,0.0,0.0,0.0,2.0,0
57.667999267578125,253.0,1059.0,51.0,54009.0,0.0,0.0,0.0,44.0,66.0,9.0,0.0,100.0,100.0,100.0,103.0,100.0,103.0,100.0,50.0,50.0,0.0,3.282000155886635,3.282000155886635,3.282000155886635,3.282000155886635,14.70000021904707,1.0,2.89636492729187,0.0,0.0,13.0,3.000000142492354,2.9590001405449584,13.90000020712614,0.0,0.0,0.0,-6.81678581237793,0.0,0.0,0.0,1.0,74.0,1050.0,-9.0,98.0,0.0,11.0,0.0,0.0,11.0,10.0,1862.0,105.4957504272461,0.0,0.0,0.0,0.0,0.0,0.0,0.0,0.0,0.0,0.0,0.0,0.0,0.0,0.0,0.0,0.0,13.0,0.0,0.0,0.0,2.0,0
57.667999267578125,253.0,1059.0,51.0,54009.0,0.0,0.0,0.0,44.0,66.0,9.0,0.0,100.0,100.0,100.0,103.0,100.0,103.0,100.0,50.0,50.0,0.0,3.282000155886635,3.282000155886635,3.282000155886635,3.282000155886635,14.70000021904707,1.0,2.89636492729187,0.0,0.0,13.0,3.000000142492354,3.022000143537298,13.90000020712614,0.0,0.0,0.0,-6.81678581237793,0.0,0.0,0.0,1.0,74.0,1050.0,-9.0,98.0,0.0,11.0,0.0,0.0,11.0,10.0,1862.0,105.4957504272461,0.0,0.0,0.0,0.0,0.0,0.0,0.0,0.0,0.0,0.0,0.0,0.0,0.0,0.0,0.0,0.0,13.0,0.0,0.0,0.0,2.0,0
57.79999923706055,253.0,1049.0,51.0,53499.0,0.0,0.0,0.0,44.0,66.0,9.0,0.0,100.0,100.0,100.0,103.0,100.0,103.0,100.0,50.0,50.0,0.0,3.282000155886635,3.282000155886635,3.282000155886635,3.282000155886635,14.70000021904707,1.0,2.8690149784088135,0.0,0.0,13.0,3.000000142492354,3.0320001440122724,13.90000020712614,0.0,0.0,0.0,-6.81678581237793,0.0,0.0,0.0,1.0,74.0,1050.0,1.0,98.0,0.0,11.0,0.0,0.0,11.0,10.0,1862.0,106.50142669677734,0.0,0.0,0.0,0.0,0.0,0.0,0.0,0.0,0.0,0.0,0.0,0.0,0.0,0.0,0.0,0.0,13.0,0.0,0.0,0.0,2.0,0
57.8650016784668,253.0,1049.0,51.0,53499.0,0.0,0.0,0.0,44.0,66.0,9.0,0.0,100.0,100.0,100.0,103.0,100.0,103.0,100.0,50.0,50.0,0.0,3.282000155886635,3.282000155886635,3.282000155886635,3.282000155886635,14.70000021904707,1.0,2.8690149784088135,0.0,0.0,13.0,3.000000142492354,3.016000143252313,13.90000020712614,-100.0,0.0,0.0,-6.81678581237793,0.0,0.0,0.0,1.0,74.0,1050.0,1.0,98.0,0.0,11.0,0.0,0.0,11.0,10.0,1862.0,106.50142669677734,0.0,0.0,0.0,0.0,0.0,0.0,0.0,0.0,0.0,0.0,0.0,0.0,0.0,0.0,0.0,0.0,13.0,0.0,0.0,0.0,2.0,0
57.935001373291016,253.0,1037.0,51.0,52887.0,0.0,0.0,0.0,44.0,66.0,9.0,0.0,100.0,100.0,100.0,103.0,100.0,103.0,100.0,50.0,50.0,0.0,3.282000155886635,3.282000155886635,3.282000155886635,3.282000155886635,14.70000021904707,1.0,2.8361949920654297,0.0,0.0,13.0,3.000000142492354,3.0790001462446526,13.90000020712614,-120.0,0.0,0.0,-6.81678581237793,0.0,0.0,0.0,1.0,77.0,1050.0,13.0,98.0,0.0,11.0,0.0,0.0,11.0,10.0,1862.0,107.73384857177734,0.0,0.0,0.0,0.0,0.0,0.0,0.0,0.0,0.0,0.0,0.0,0.0,0.0,0.0,0.0,0.0,13.0,0.0,0.0,0.0,2.0,0
58.000999450683594,253.0,1029.0,52.0,53508.0,0.0,0.0,0.0,44.0,66.0,9.0,0.0,100.0,100.0,100.0,103.0,100.0,103.0,100.0,50.0,50.0,0.0,3.355000159353949,3.355000159353949,3.355000159353949,3.355000159353949,14.70000021904707,1.0,2.8769125938415527,0.0,0.0,13.0,3.000000142492354,3.0680001457221806,13.90000020712614,-120.0,0.0,0.0,-6.671748161315918,0.0,0.0,0.0,1.0,77.0,1050.0,21.0,98.0,0.0,11.0,0.0,0.0,11.0,10.0,1862.0,108.57142639160156,0.0,0.0,0.0,0.0,0.0,0.0,0.0,0.0,0.0,0.0,0.0,0.0,0.0,0.0,0.0,0.0,13.0,0.0,0.0,0.0,2.0,0
58.066001892089844,253.0,1029.0,52.0,53508.0,0.0,0.0,0.0,44.0,66.0,9.0,0.0,100.0,100.0,100.0,103.0,100.0,103.0,100.0,50.0,50.0,0.0,3.355000159353949,3.355000159353949,3.355000159353949,3.355000159353949,14.70000021904707,1.0,2.8769125938415527,0.0,0.0,13.0,3.000000142492354,3.0170001432998106,13.90000020712614,-80.0,0.0,0.0,-6.671748161315918,0.0,0.0,0.0,1.0,77.0,1050.0,21.0,98.0,0.0,11.0,0.0,0.0,11.0,10.0,1862.0,108.57142639160156,0.0,0.0,0.0,0.0,0.0,0.0,0.0,0.0,0.0,0.0,0.0,0.0,0.0,0.0,0.0,0.0,13.0,0.0,0.0,0.0,2.0,0
58.1349983215332,253.0,1026.0,53.0,54378.0,0.0,0.0,0.0,44.0,66.0,9.0,0.0,100.0,100.0,100.0,103.0,100.0,103.0,100.0,50.0,50.0,0.0,3.392000161111355,3.392000161111355,3.392000161111355,3.392000161111355,14.70000021904707,1.0,2.900160074234009,0.0,0.0,13.0,3.000000142492354,2.9770001413999125,13.90000020712614,-30.0,0.0,0.0,-6.526710033416748,0.0,0.0,0.0,1.0,77.0,1050.0,24.0,98.0,0.0,11.0,0.0,0.0,11.0,10.0,1862.0,108.88888549804688,0.0,0.0,0.0,0.0,0.0,0.0,0.0,0.0,0.0,0.0,0.0,0.0,0.0,0.0,0.0,0.0,13.0,0.0,0.0,0.0,2.0,0
58.20100021362305,253.0,1026.0,53.0,54378.0,0.0,0.0,0.0,44.0,66.0,9.0,0.0,100.0,100.0,100.0,103.0,100.0,103.0,100.0,50.0,50.0,0.0,3.392000161111355,3.392000161111355,3.392000161111355,3.392000161111355,14.70000021904707,1.0,2.900160074234009,0.0,0.0,13.0,3.000000142492354,3.0210001434898004,13.90000020712614,-30.0,0.0,0.0,-6.526710033416748,0.0,0.0,0.0,1.0,77.0,1050.0,24.0,98.0,0.0,11.0,0.0,0.0,11.0,10.0,1862.0,108.88888549804688,0.0,0.0,0.0,0.0,0.0,0.0,0.0,0.0,0.0,0.0,0.0,0.0,0.0,0.0,0.0,0.0,13.0,0.0,0.0,0.0,2.0,0
58.266998291015625,254.0,1028.0,53.0,54484.0,0.0,0.0,0.0,44.0,66.0,9.0,0.0,100.0,100.0,100.0,103.0,100.0,103.0,100.0,50.0,50.0,0.0,3.392000161111355,3.392000161111355,3.392000161111355,3.392000161111355,14.70000021904707,1.0,2.905813217163086,0.0,0.0,13.0,3.000000142492354,2.947000139974989,14.000000208616257,20.0,0.0,0.0,-6.526710033416748,0.0,0.0,0.0,1.0,78.0,1050.0,22.0,98.0,0.0,11.0,0.0,0.0,11.0,10.0,1868.0,109.02723693847656,0.0,0.0,0.0,0.0,0.0,0.0,0.0,0.0,0.0,0.0,0.0,0.0,0.0,0.0,0.0,0.0,13.0,0.0,0.0,0.0,2.0,0
58.332000732421875,254.0,1028.0,53.0,54484.0,0.0,0.0,0.0,44.0,66.0,9.0,0.0,100.0,100.0,100.0,103.0,100.0,103.0,100.0,50.0,50.0,0.0,3.392000161111355,3.392000161111355,3.392000161111355,3.392000161111355,14.70000021904707,1.0,2.905813217163086,0.0,0.0,13.0,3.000000142492354,3.0140001431573182,14.000000208616257,0.0,0.0,0.0,-6.526710033416748,0.0,0.0,0.0,1.0,78.0,1050.0,22.0,98.0,0.0,11.0,0.0,0.0,11.0,10.0,1868.0,109.02723693847656,0.0,0.0,0.0,0.0,0.0,0.0,0.0,0.0,0.0,0.0,0.0,0.0,0.0,0.0,0.0,0.0,13.0,0.0,0.0,0.0,2.0,0
58.4010009765625,254.0,1028.0,53.0,54484.0,0.0,0.0,0.0,44.0,66.0,9.0,0.0,100.0,100.0,100.0,103.0,100.0,103.0,100.0,50.0,50.0,0.0,3.392000161111355,3.392000161111355,3.392000161111355,3.392000161111355,14.70000021904707,1.0,2.905813217163086,0.0,0.0,13.0,3.000000142492354,3.082000146387145,14.000000208616257,0.0,0.0,0.0,-6.526710033416748,0.0,0.0,0.0,1.0,78.0,1050.0,22.0,98.0,0.0,11.0,0.0,0.0,11.0,10.0,1868.0,109.02723693847656,0.0,0.0,0.0,0.0,0.0,0.0,0.0,0.0,0.0,0.0,0.0,0.0,0.0,0.0,0.0,0.0,13.0,0.0,0.0,0.0,2.0,0
58.46699905395508,254.0,1031.0,54.0,55674.0,0.0,0.0,0.0,44.0,66.0,9.0,0.0,100.0,100.0,100.0,103.0,100.0,103.0,100.0,50.0,50.0,0.0,3.428000162821263,3.428000162821263,3.428000162821263,3.428000162821263,14.70000021904707,1.0,2.945223331451416,0.0,0.0,13.0,3.000000142492354,3.206000152276829,14.000000208616257,0.0,0.0,0.0,-6.381671905517578,0.0,0.0,0.0,1.0,78.0,1050.0,19.0,98.0,0.0,11.0,0.0,0.0,11.0,10.0,1868.0,108.70999145507812,0.0,0.0,0.0,0.0,0.0,0.0,0.0,0.0,0.0,0.0,0.0,0.0,0.0,0.0,0.0,0.0,13.0,0.0,0.0,0.0,2.0,0
58.46699905395508,254.0,1031.0,54.0,55674.0,0.0,0.0,0.0,44.0,66.0,9.0,0.0,100.0,100.0,100.0,103.0,100.0,103.0,100.0,50.0,50.0,0.0,3.428000162821263,3.428000162821263,3.428000162821263,3.428000162821263,14.70000021904707,1.0,2.945223331451416,0.0,0.0,13.0,3.000000142492354,3.038000144297257,14.000000208616257,30.0,0.0,0.0,-6.381671905517578,0.0,0.0,0.0,1.0,78.0,1050.0,19.0,98.0,0.0,11.0,0.0,0.0,11.0,10.0,1868.0,108.70999145507812,0.0,0.0,0.0,0.0,0.0,0.0,0.0,0.0,0.0,0.0,0.0,0.0,0.0,0.0,0.0,0.0,13.0,0.0,0.0,0.0,2.0,0
58.60200119018555,254.0,1040.0,54.0,56160.0,0.0,0.0,0.0,44.0,66.0,9.0,0.0,100.0,100.0,100.0,103.0,100.0,103.0,100.0,50.0,50.0,0.0,3.428000162821263,3.428000162821263,3.428000162821263,3.428000162821263,14.70000021904707,1.0,2.970933437347412,0.0,0.0,13.0,3.000000142492354,3.1920001516118646,14.000000208616257,30.0,0.0,0.0,-6.381671905517578,0.0,0.0,0.0,1.0,78.0,1050.0,10.0,98.0,0.0,11.0,0.0,0.0,11.0,10.0,1868.0,107.76923370361328,0.0,0.0,0.0,0.0,0.0,0.0,0.0,0.0,0.0,0.0,0.0,0.0,0.0,0.0,0.0,0.0,13.0,0.0,0.0,0.0,2.0,0
58.667999267578125,254.0,1040.0,54.0,56160.0,0.0,0.0,0.0,44.0,66.0,9.0,0.0,100.0,100.0,100.0,103.0,100.0,103.0,100.0,50.0,50.0,0.0,3.428000162821263,3.428000162821263,3.428000162821263,3.428000162821263,14.70000021904707,1.0,2.970933437347412,0.0,0.0,13.0,3.000000142492354,3.018000143347308,14.000000208616257,90.0,0.0,0.0,-6.381671905517578,0.0,0.0,0.0,1.0,78.0,1050.0,10.0,98.0,0.0,11.0,0.0,0.0,11.0,10.0,1868.0,107.76923370361328,0.0,0.0,0.0,0.0,0.0,0.0,0.0,0.0,0.0,0.0,0.0,0.0,0.0,0.0,0.0,0.0,13.0,0.0,0.0,0.0,2.0,0
58.733001708984375,254.0,1048.0,53.0,55544.0,0.0,0.0,0.0,44.0,66.0,9.0,0.0,100.0,100.0,100.0,103.0,100.0,103.0,100.0,50.0,50.0,0.0,3.392000161111355,3.392000161111355,3.392000161111355,3.392000161111355,14.70000021904707,1.0,2.9623465538024902,0.0,0.0,13.0,3.000000142492354,3.1650001503294334,14.000000208616257,80.0,0.0,0.0,-6.526710033416748,0.0,0.0,0.0,1.0,78.0,1050.0,2.0,98.0,0.0,11.0,0.0,0.0,11.0,10.0,1868.0,106.94656372070312,0.0,0.0,0.0,0.0,0.0,0.0,0.0,0.0,0.0,0.0,0.0,0.0,0.0,0.0,0.0,0.0,13.0,0.0,0.0,0.0,2.0,0
58.79899978637695,254.0,1049.0,53.0,55597.0,0.0,0.0,0.0,44.0,66.0,9.0,0.0,100.0,100.0,100.0,103.0,100.0,103.0,100.0,50.0,50.0,0.0,3.392000161111355,3.392000161111355,3.392000161111355,3.392000161111355,14.70000021904707,1.0,2.9651732444763184,0.0,0.0,13.0,3.000000142492354,3.0170001432998106,13.90000020712614,80.0,0.0,0.0,-6.526710033416748,0.0,0.0,0.0,1.0,78.0,1050.0,1.0,98.0,0.0,11.0,0.0,0.0,11.0,10.0,1868.0,106.84461212158203,0.0,0.0,0.0,0.0,0.0,0.0,0.0,0.0,0.0,0.0,0.0,0.0,0.0,0.0,0.0,0.0,13.0,0.0,0.0,0.0,2.0,0
58.86800003051758,254.0,1049.0,53.0,55597.0,0.0,0.0,0.0,44.0,66.0,9.0,0.0,100.0,100.0,100.0,103.0,100.0,103.0,100.0,50.0,50.0,0.0,3.392000161111355,3.392000161111355,3.392000161111355,3.392000161111355,14.70000021904707,1.0,2.9651732444763184,0.0,0.0,13.0,3.000000142492354,3.0350001441547647,13.90000020712614,10.0,0.0,0.0,-6.526710033416748,0.0,0.0,0.0,1.0,76.0,1050.0,1.0,98.0,0.0,11.0,0.0,0.0,11.0,10.0,1868.0,106.84461212158203,0.0,0.0,0.0,0.0,0.0,0.0,0.0,0.0,0.0,0.0,0.0,0.0,0.0,0.0,0.0,0.0,13.0,0.0,0.0,0.0,2.0,0
58.933998107910156,254.0,1053.0,53.0,55809.0,0.0,0.0,0.0,44.0,66.0,9.0,0.0,100.0,100.0,100.0,103.0,100.0,103.0,100.0,50.0,50.0,0.0,3.392000161111355,3.392000161111355,3.392000161111355,3.392000161111355,14.70000021904707,1.0,2.976480007171631,0.0,0.0,13.0,3.000000142492354,3.03300014405977,13.90000020712614,10.0,0.0,0.0,-6.526710033416748,0.0,0.0,0.0,1.0,76.0,1050.0,-3.0,98.0,0.0,11.0,0.0,0.0,11.0,10.0,1868.0,106.4387435913086,0.0,0.0,0.0,0.0,0.0,0.0,0.0,0.0,0.0,0.0,0.0,0.0,0.0,0.0,0.0,0.0,13.0,0.0,0.0,0.0,2.0,0
59.0,254.0,1053.0,53.0,55809.0,0.0,0.0,0.0,44.0,66.0,9.0,0.0,100.0,100.0,100.0,103.0,100.0,103.0,100.0,50.0,50.0,0.0,3.392000161111355,3.392000161111355,3.392000161111355,3.392000161111355,14.70000021904707,1.0,2.976480007171631,0.0,0.0,13.0,3.000000142492354,3.0350001441547647,13.90000020712614,40.0,0.0,0.0,-6.526710033416748,0.0,0.0,0.0,1.0,76.0,1050.0,-3.0,98.0,0.0,11.0,0.0,0.0,11.0,10.0,1868.0,106.4387435913086,0.0,0.0,0.0,0.0,0.0,0.0,0.0,0.0,0.0,0.0,0.0,0.0,0.0,0.0,0.0,0.0,13.0,0.0,0.0,0.0,2.0,0
59.064998626708984,254.0,1050.0,52.0,54600.0,0.0,0.0,0.0,44.0,66.0,9.0,0.0,100.0,100.0,100.0,103.0,100.0,103.0,100.0,50.0,50.0,0.0,3.355000159353949,3.355000159353949,3.355000159353949,3.355000159353949,14.70000021904707,1.0,2.9356250762939453,0.0,0.0,13.0,3.000000142492354,3.0440001445822418,13.90000020712614,-30.0,0.0,0.0,-6.671748161315918,0.0,0.0,0.0,1.0,76.0,1050.0,0.0,98.0,0.0,11.0,0.0,0.0,11.0,10.0,1868.0,106.74285888671875,0.0,0.0,0.0,0.0,0.0,0.0,0.0,0.0,0.0,0.0,0.0,0.0,0.0,0.0,0.0,0.0,13.0,0.0,0.0,0.0,2.0,0
59.1349983215332,254.0,1050.0,52.0,54600.0,0.0,0.0,0.0,44.0,66.0,9.0,0.0,100.0,100.0,100.0,103.0,100.0,103.0,100.0,50.0,50.0,0.0,3.355000159353949,3.355000159353949,3.355000159353949,3.355000159353949,14.70000021904707,1.0,2.9356250762939453,0.0,0.0,13.0,3.000000142492354,3.016000143252313,13.90000020712614,-30.0,0.0,0.0,-6.671748161315918,0.0,0.0,0.0,1.0,76.0,1050.0,0.0,98.0,0.0,11.0,0.0,0.0,11.0,10.0,1868.0,106.74285888671875,0.0,0.0,0.0,0.0,0.0,0.0,0.0,0.0,0.0,0.0,0.0,0.0,0.0,0.0,0.0,0.0,13.0,0.0,0.0,0.0,2.0,0
59.20000076293945,254.0,1050.0,52.0,54600.0,0.0,0.0,0.0,44.0,66.0,9.0,0.0,100.0,100.0,100.0,103.0,100.0,103.0,100.0,50.0,50.0,0.0,3.355000159353949,3.355000159353949,3.355000159353949,3.355000159353949,14.70000021904707,1.0,2.9356250762939453,0.0,0.0,13.0,3.000000142492354,3.0590001452947035,13.90000020712614,0.0,0.0,0.0,-6.671748161315918,0.0,0.0,0.0,1.0,76.0,1050.0,0.0,98.0,0.0,11.0,0.0,0.0,11.0,10.0,1868.0,106.74285888671875,0.0,0.0,0.0,0.0,0.0,0.0,0.0,0.0,0.0,0.0,0.0,0.0,0.0,0.0,0.0,0.0,13.0,0.0,0.0,0.0,2.0,0
59.26499938964844,255.0,1051.0,52.0,54652.0,0.0,0.0,0.0,44.0,66.0,9.0,0.0,100.0,100.0,100.0,103.0,100.0,103.0,100.0,50.0,50.0,0.0,3.355000159353949,3.355000159353949,3.355000159353949,3.355000159353949,14.70000021904707,1.0,2.9384207725524902,0.0,0.0,13.0,3.000000142492354,3.047000144724734,13.90000020712614,0.0,0.0,0.0,-6.671748161315918,0.0,0.0,0.0,1.0,76.0,1050.0,-1.0,98.0,0.0,11.0,0.0,0.0,11.0,10.0,1868.0,106.64129638671875,0.0,0.0,0.0,0.0,0.0,0.0,0.0,0.0,0.0,0.0,0.0,0.0,0.0,0.0,0.0,0.0,13.0,0.0,0.0,0.0,2.0,0
59.332000732421875,255.0,1051.0,52.0,54652.0,0.0,0.0,0.0,44.0,66.0,9.0,0.0,100.0,100.0,100.0,103.0,100.0,103.0,100.0,50.0,50.0,0.0,3.355000159353949,3.355000159353949,3.355000159353949,3.355000159353949,14.70000021904707,1.0,2.9384207725524902,0.0,0.0,13.0,3.000000142492354,3.0230001435847953,13.90000020712614,0.0,0.0,0.0,-6.671748161315918,0.0,0.0,0.0,1.0,76.0,1050.0,-1.0,98.0,0.0,11.0,0.0,0.0,11.0,10.0,1868.0,106.64129638671875,0.0,0.0,0.0,0.0,0.0,0.0,0.0,0.0,0.0,0.0,0.0,0.0,0.0,0.0,0.0,0.0,13.0,0.0,0.0,0.0,2.0,0
59.4010009765625,255.0,1046.0,52.0,54392.0,0.0,0.0,0.0,44.0,66.0,9.0,0.0,100.0,100.0,100.0,103.0,100.0,103.0,100.0,50.0,50.0,0.0,3.355000159353949,3.355000159353949,3.355000159353949,3.355000159353949,14.70000021904707,1.0,2.9244415760040283,0.0,0.0,13.0,3.000000142492354,3.1430001492844895,13.90000020712614,10.0,0.0,0.0,-6.671748161315918,0.0,0.0,0.0,1.0,76.0,1050.0,4.0,98.0,0.0,11.0,0.0,0.0,11.0,10.0,1868.0,107.15105438232422,0.0,0.0,0.0,0.0,0.0,0.0,0.0,0.0,0.0,0.0,0.0,0.0,0.0,0.0,0.0,0.0,13.0,0.0,0.0,0.0,2.0,0
59.46699905395508,255.0,1046.0,52.0,54392.0,0.0,0.0,0.0,44.0,66.0,9.0,0.0,100.0,100.0,100.0,103.0,100.0,103.0,100.0,50.0,50.0,0.0,3.355000159353949,3.355000159353949,3.355000159353949,3.355000159353949,14.70000021904707,1.0,2.9244415760040283,0.0,0.0,13.0,3.000000142492354,3.018000143347308,13.90000020712614,-50.0,0.0,0.0,-6.671748161315918,0.0,0.0,0.0,1.0,76.0,1050.0,4.0,98.0,0.0,11.0,0.0,0.0,11.0,10.0,1868.0,107.15105438232422,0.0,0.0,0.0,0.0,0.0,0.0,0.0,0.0,0.0,0.0,0.0,0.0,0.0,0.0,0.0,0.0,13.0,0.0,0.0,0.0,2.0,0
59.53499984741211,255.0,1045.0,52.0,54340.0,0.0,0.0,0.0,44.0,66.0,9.0,0.0,100.0,100.0,100.0,103.0,100.0,103.0,100.0,50.0,50.0,0.0,3.355000159353949,3.355000159353949,3.355000159353949,3.355000159353949,14.70000021904707,1.0,2.9216458797454834,0.0,0.0,13.0,3.000000142492354,3.171000150614418,14.000000208616257,-50.0,0.0,0.0,-6.671748161315918,0.0,0.0,0.0,1.0,76.0,1050.0,5.0,98.0,0.0,11.0,0.0,0.0,11.0,10.0,1868.0,107.25358581542969,0.0,0.0,0.0,0.0,0.0,0.0,0.0,0.0,0.0,0.0,0.0,0.0,0.0,0.0,0.0,0.0,13.0,0.0,0.0,0.0,2.0,0
59.60100173950195,255.0,1040.0,52.0,54080.0,0.0,0.0,0.0,44.0,66.0,9.0,0.0,100.0,100.0,100.0,103.0,100.0,103.0,100.0,50.0,50.0,0.0,3.355000159353949,3.355000159353949,3.355000159353949,3.355000159353949,14.70000021904707,1.0,2.9076666831970215,0.0,0.0,13.0,3.000000142492354,3.018000143347308,14.000000208616257,-10.0,0.0,0.0,-6.671748161315918,0.0,0.0,0.0,1.0,76.0,1050.0,10.0,98.0,0.0,11.0,0.0,0.0,11.0,10.0,1868.0,107.76923370361328,0.0,0.0,0.0,0.0,0.0,0.0,0.0,0.0,0.0,0.0,0.0,0.0,0.0,0.0,0.0,0.0,13.0,0.0,0.0,0.0,2.0,0
59.66899871826172,255.0,1040.0,52.0,54080.0,0.0,0.0,0.0,44.0,66.0,9.0,0.0,100.0,100.0,100.0,103.0,100.0,103.0,100.0,50.0,50.0,0.0,3.355000159353949,3.355000159353949,3.355000159353949,3.355000159353949,14.70000021904707,1.0,2.9076666831970215,0.0,0.0,13.0,3.000000142492354,3.0390001443447545,14.000000208616257,-50.0,0.0,0.0,-6.671748161315918,0.0,0.0,0.0,1.0,76.0,1050.0,10.0,98.0,0.0,11.0,0.0,0.0,11.0,10.0,1868.0,107.76923370361328,0.0,0.0,0.0,0.0,0.0,0.0,0.0,0.0,0.0,0.0,0.0,0.0,0.0,0.0,0.0,0.0,13.0,0.0,0.0,0.0,2.0,0
59.733001708984375,255.0,1038.0,52.0,53976.0,0.0,0.0,0.0,44.0,66.0,9.0,0.0,100.0,100.0,100.0,103.0,100.0,103.0,100.0,50.0,50.0,0.0,3.355000159353949,3.355000159353949,3.355000159353949,3.355000159353949,14.70000021904707,1.0,2.9020750522613525,0.0,0.0,13.0,3.000000142492354,3.1080001476220787,14.000000208616257,-50.0,0.0,0.0,-6.671748161315918,0.0,0.0,0.0,1.0,76.0,1050.0,12.0,98.0,0.0,11.0,0.0,0.0,11.0,10.0,1868.0,107.97687530517578,0.0,0.0,0.0,0.0,0.0,0.0,0.0,0.0,0.0,0.0,0.0,0.0,0.0,0.0,0.0,0.0,13.0,0.0,0.0,0.0,2.0,0
59.79899978637695,255.0,1038.0,52.0,53976.0,0.0,0.0,0.0,44.0,66.0,9.0,0.0,100.0,100.0,100.0,103.0,100.0,103.0,100.0,50.0,50.0,0.0,3.355000159353949,3.355000159353949,3.355000159353949,3.355000159353949,14.70000021904707,1.0,2.9020750522613525,0.0,0.0,13.0,3.000000142492354,3.0230001435847953,14.000000208616257,-20.0,0.0,0.0,-6.671748161315918,0.0,0.0,0.0,1.0,77.0,1050.0,12.0,98.0,0.0,11.0,0.0,0.0,11.0,10.0,1868.0,107.97687530517578,0.0,0.0,0.0,0.0,0.0,0.0,0.0,0.0,0.0,0.0,0.0,0.0,0.0,0.0,0.0,0.0,13.0,0.0,0.0,0.0,2.0,0
59.867000579833984,255.0,1038.0,53.0,55014.0,0.0,0.0,0.0,44.0,66.0,9.0,0.0,100.0,100.0,100.0,103.0,100.0,103.0,100.0,50.0,50.0,0.0,3.392000161111355,3.392000161111355,3.392000161111355,3.392000161111355,14.70000021904707,1.0,2.934079885482788,0.0,0.0,13.0,3.000000142492354,3.107000147574581,14.000000208616257,0.0,0.0,0.0,-6.526710033416748,0.0,0.0,0.0,1.0,77.0,1050.0,12.0,98.0,0.0,11.0,0.0,0.0,11.0,10.0,1868.0,107.97687530517578,0.0,0.0,0.0,0.0,0.0,0.0,0.0,0.0,0.0,0.0,0.0,0.0,0.0,0.0,0.0,0.0,13.0,0.0,0.0,0.0,2.0,0
59.93299865722656,255.0,1038.0,53.0,55014.0,0.0,0.0,0.0,44.0,66.0,9.0,0.0,100.0,100.0,100.0,103.0,100.0,103.0,100.0,50.0,50.0,0.0,3.392000161111355,3.392000161111355,3.392000161111355,3.392000161111355,14.70000021904707,1.0,2.934079885482788,0.0,0.0,13.0,3.000000142492354,3.0170001432998106,14.000000208616257,0.0,0.0,0.0,-6.526710033416748,0.0,0.0,0.0,1.0,77.0,1050.0,12.0,98.0,0.0,11.0,0.0,0.0,11.0,10.0,1868.0,107.97687530517578,0.0,0.0,0.0,0.0,0.0,0.0,0.0,0.0,0.0,0.0,0.0,0.0,0.0,0.0,0.0,0.0,13.0,0.0,0.0,0.0,2.0,0
60.0,255.0,1037.0,53.0,54961.0,0.0,0.0,0.0,44.0,66.0,9.0,0.0,100.0,100.0,100.0,103.0,100.0,103.0,100.0,50.0,50.0,0.0,3.392000161111355,3.392000161111355,3.392000161111355,3.392000161111355,14.70000021904707,1.0,2.931253433227539,0.0,0.0,13.0,3.000000142492354,3.208000152371824,14.000000208616257,-10.0,0.0,0.0,-6.526710033416748,0.0,0.0,0.0,1.0,77.0,1050.0,13.0,98.0,0.0,11.0,0.0,0.0,11.0,10.0,1868.0,108.08100128173828,0.0,0.0,0.0,0.0,0.0,0.0,0.0,0.0,0.0,0.0,0.0,0.0,0.0,0.0,0.0,0.0,13.0,0.0,0.0,0.0,2.0,0
60.069000244140625,255.0,1044.0,53.0,55332.0,0.0,0.0,0.0,44.0,66.0,9.0,0.0,100.0,100.0,100.0,103.0,100.0,103.0,100.0,50.0,50.0,0.0,3.392000161111355,3.392000161111355,3.392000161111355,3.392000161111355,14.70000021904707,1.0,2.951040029525757,0.0,0.0,13.0,3.000000142492354,2.9420001397375017,14.000000208616257,0.0,0.0,0.0,-6.526710033416748,0.0,0.0,0.0,1.0,78.0,1050.0,6.0,98.0,0.0,11.0,0.0,0.0,11.0,10.0,1868.0,107.3563232421875,0.0,0.0,0.0,0.0,0.0,0.0,0.0,0.0,0.0,0.0,0.0,0.0,0.0,0.0,0.0,0.0,13.0,0.0,0.0,0.0,2.0,0
60.069000244140625,255.0,1044.0,53.0,55332.0,0.0,0.0,0.0,44.0,66.0,9.0,0.0,100.0,100.0,100.0,103.0,100.0,103.0,100.0,50.0,50.0,0.0,3.392000161111355,3.392000161111355,3.392000161111355,3.392000161111355,14.70000021904707,1.0,2.951040029525757,0.0,0.0,13.0,3.000000142492354,3.0350001441547647,14.000000208616257,0.0,0.0,0.0,-6.526710033416748,0.0,0.0,0.0,1.0,78.0,1050.0,6.0,98.0,0.0,11.0,0.0,0.0,11.0,10.0,1868.0,107.3563232421875,0.0,0.0,0.0,0.0,0.0,0.0,0.0,0.0,0.0,0.0,0.0,0.0,0.0,0.0,0.0,0.0,13.0,0.0,0.0,0.0,2.0,0
60.19900131225586,255.0,1049.0,53.0,55597.0,0.0,0.0,0.0,44.0,66.0,9.0,0.0,100.0,100.0,100.0,103.0,100.0,103.0,100.0,50.0,50.0,0.0,3.392000161111355,3.392000161111355,3.392000161111355,3.392000161111355,14.70000021904707,1.0,2.9651732444763184,0.0,0.0,13.0,3.000000142492354,3.0790001462446526,14.000000208616257,70.0,0.0,0.0,-6.526710033416748,0.0,0.0,0.0,1.0,78.0,1050.0,1.0,98.0,0.0,11.0,0.0,0.0,11.0,10.0,1868.0,106.84461212158203,0.0,0.0,0.0,0.0,0.0,0.0,0.0,0.0,0.0,0.0,0.0,0.0,0.0,0.0,0.0,0.0,13.0,0.0,0.0,0.0,2.0,0
60.334999084472656,0.0,1057.0,53.0,56021.0,0.0,0.0,0.0,44.0,66.0,9.0,0.0,100.0,100.0,100.0,103.0,100.0,103.0,100.0,50.0,50.0,0.0,3.392000161111355,3.392000161111355,3.392000161111355,3.392000161111355,14.70000021904707,1.0,2.9877867698669434,0.0,0.0,13.0,3.000000142492354,3.1680001504719257,14.000000208616257,50.0,0.0,0.0,-6.526710033416748,0.0,0.0,0.0,1.0,78.0,1050.0,-7.0,98.0,0.0,11.0,0.0,0.0,11.0,10.0,1866.0,105.92242431640625,0.0,0.0,0.0,0.0,0.0,0.0,0.0,0.0,0.0,0.0,0.0,0.0,0.0,0.0,0.0,0.0,13.0,0.0,0.0,0.0,2.0,0
60.400001525878906,0.0,1062.0,53.0,56286.0,0.0,0.0,0.0,44.0,66.0,9.0,0.0,100.0,100.0,100.0,103.0,100.0,103.0,100.0,50.0,50.0,0.0,3.392000161111355,3.392000161111355,3.392000161111355,3.392000161111355,14.70000021904707,1.0,3.001919984817505,0.0,0.0,13.0,3.000000142492354,3.0170001432998106,14.000000208616257,80.0,0.0,0.0,-6.526710033416748,0.0,0.0,0.0,1.0,75.0,1050.0,-12.0,98.0,0.0,11.0,0.0,0.0,11.0,10.0,1866.0,105.4237289428711,0.0,0.0,0.0,0.0,0.0,0.0,0.0,0.0,0.0,0.0,0.0,0.0,0.0,0.0,0.0,0.0,13.0,0.0,0.0,0.0,2.0,0
60.400001525878906,0.0,1062.0,52.0,55224.0,0.0,0.0,0.0,44.0,66.0,9.0,0.0,100.0,100.0,100.0,103.0,100.0,103.0,100.0,50.0,50.0,0.0,3.355000159353949,3.355000159353949,3.355000159353949,3.355000159353949,14.70000021904707,1.0,2.969175100326538,0.0,0.0,13.0,3.000000142492354,3.009000142919831,14.000000208616257,50.0,0.0,0.0,-6.671748161315918,0.0,0.0,0.0,1.0,75.0,1050.0,-12.0,98.0,0.0,11.0,0.0,0.0,11.0,10.0,1866.0,105.4237289428711,0.0,0.0,0.0,0.0,0.0,0.0,0.0,0.0,0.0,0.0,0.0,0.0,0.0,0.0,0.0,0.0,13.0,0.0,0.0,0.0,2.0,0
60.53499984741211,0.0,1061.0,52.0,55172.0,0.0,0.0,0.0,44.0,66.0,9.0,0.0,100.0,100.0,100.0,103.0,100.0,103.0,100.0,50.0,50.0,0.0,3.355000159353949,3.355000159353949,3.355000159353949,3.355000159353949,14.70000021904707,1.0,2.966379165649414,0.0,0.0,13.0,3.000000142492354,3.0720001459121704,14.000000208616257,50.0,0.0,0.0,-6.671748161315918,0.0,0.0,0.0,1.0,75.0,1050.0,-11.0,98.0,0.0,11.0,0.0,0.0,11.0,10.0,1866.0,105.5230941772461,0.0,0.0,0.0,0.0,0.0,0.0,0.0,0.0,0.0,0.0,0.0,0.0,0.0,0.0,0.0,0.0,13.0,0.0,0.0,0.0,2.0,0
60.60200119018555,0.0,1061.0,52.0,55172.0,0.0,0.0,0.0,44.0,66.0,9.0,0.0,100.0,100.0,100.0,103.0,100.0,103.0,100.0,50.0,50.0,0.0,3.355000159353949,3.355000159353949,3.355000159353949,3.355000159353949,14.70000021904707,1.0,2.966379165649414,0.0,0.0,13.0,3.000000142492354,3.022000143537298,14.000000208616257,-10.0,0.0,0.0,-6.671748161315918,0.0,0.0,0.0,1.0,75.0,1050.0,-11.0,98.0,0.0,11.0,0.0,0.0,11.0,10.0,1866.0,105.5230941772461,0.0,0.0,0.0,0.0,0.0,0.0,0.0,0.0,0.0,0.0,0.0,0.0,0.0,0.0,0.0,0.0,13.0,0.0,0.0,0.0,2.0,0
60.66600036621094,0.0,1061.0,51.0,54111.0,0.0,0.0,0.0,44.0,66.0,9.0,0.0,100.0,100.0,100.0,103.0,100.0,103.0,100.0,50.0,50.0,0.0,3.282000155886635,3.282000155886635,3.282000155886635,3.282000155886635,14.70000021904707,1.0,2.9018349647521973,0.0,0.0,13.0,3.000000142492354,3.122000148287043,14.000000208616257,0.0,0.0,0.0,-6.81678581237793,0.0,0.0,0.0,1.0,74.0,1050.0,-11.0,98.0,0.0,11.0,0.0,0.0,11.0,10.0,1866.0,105.5230941772461,0.0,0.0,0.0,0.0,0.0,0.0,0.0,0.0,0.0,0.0,0.0,0.0,0.0,0.0,0.0,0.0,13.0,0.0,0.0,0.0,2.0,0
60.731998443603516,0.0,1061.0,51.0,54111.0,0.0,0.0,0.0,44.0,66.0,9.0,0.0,100.0,100.0,100.0,103.0,100.0,103.0,100.0,50.0,50.0,0.0,3.282000155886635,3.282000155886635,3.282000155886635,3.282000155886635,14.70000021904707,1.0,2.9018349647521973,0.0,0.0,13.0,3.000000142492354,3.0170001432998106,14.000000208616257,0.0,0.0,0.0,-6.81678581237793,0.0,0.0,0.0,1.0,74.0,1050.0,-11.0,98.0,0.0,11.0,0.0,0.0,11.0,10.0,1866.0,105.5230941772461,0.0,0.0,0.0,0.0,0.0,0.0,0.0,0.0,0.0,0.0,0.0,0.0,0.0,0.0,0.0,0.0,13.0,0.0,0.0,0.0,2.0,0
60.801998138427734,0.0,1058.0,51.0,53958.0,0.0,0.0,0.0,44.0,66.0,9.0,0.0,100.0,100.0,100.0,103.0,100.0,103.0,100.0,50.0,50.0,0.0,3.282000155886635,3.282000155886635,3.282000155886635,3.282000155886635,14.70000021904707,1.0,2.893630027770996,0.0,0.0,13.0,3.000000142492354,3.058000145247206,14.000000208616257,-30.0,0.0,0.0,-6.81678581237793,0.0,0.0,0.0,1.0,74.0,1050.0,-8.0,98.0,0.0,11.0,0.0,0.0,11.0,10.0,1866.0,105.82230377197266,0.0,0.0,0.0,0.0,0.0,0.0,0.0,0.0,0.0,0.0,0.0,0.0,0.0,0.0,0.0,0.0,13.0,0.0,0.0,0.0,2.0,0
60.867000579833984,0.0,1054.0,51.0,53754.0,0.0,0.0,0.0,44.0,66.0,9.0,0.0,100.0,100.0,100.0,103.0,100.0,103.0,100.0,50.0,50.0,0.0,3.282000155886635,3.282000155886635,3.282000155886635,3.282000155886635,14.70000021904707,1.0,2.882689952850342,0.0,0.0,13.0,3.000000142492354,3.0260001437272877,14.000000208616257,-40.0,0.0,0.0,-6.81678581237793,0.0,0.0,0.0,1.0,74.0,1050.0,-4.0,98.0,0.0,11.0,0.0,0.0,11.0,10.0,1866.0,106.22390747070312,0.0,0.0,0.0,0.0,0.0,0.0,0.0,0.0,0.0,0.0,0.0,0.0,0.0,0.0,0.0,0.0,13.0,0.0,0.0,0.0,2.0,0
60.867000579833984,0.0,1054.0,51.0,53754.0,0.0,0.0,0.0,44.0,66.0,9.0,0.0,100.0,100.0,100.0,103.0,100.0,103.0,100.0,50.0,50.0,0.0,3.282000155886635,3.282000155886635,3.282000155886635,3.282000155886635,14.70000021904707,1.0,2.882689952850342,0.0,0.0,13.0,3.000000142492354,3.0150001432048157,14.000000208616257,-40.0,0.0,0.0,-6.81678581237793,0.0,0.0,0.0,1.0,74.0,1050.0,-4.0,98.0,0.0,11.0,0.0,0.0,11.0,10.0,1866.0,106.22390747070312,0.0,0.0,0.0,0.0,0.0,0.0,0.0,0.0,0.0,0.0,0.0,0.0,0.0,0.0,0.0,0.0,13.0,0.0,0.0,0.0,2.0,0
61.00199890136719,0.0,1042.0,52.0,54184.0,0.0,0.0,0.0,44.0,66.0,9.0,0.0,100.0,100.0,100.0,103.0,100.0,103.0,100.0,50.0,50.0,0.0,3.355000159353949,3.355000159353949,3.355000159353949,3.355000159353949,14.70000021904707,1.0,2.9132583141326904,0.0,0.0,13.0,3.000000142492354,3.0750001460546628,14.000000208616257,-120.0,0.0,0.0,-6.671748161315918,0.0,0.0,0.0,1.0,77.0,1050.0,8.0,98.0,0.0,11.0,0.0,0.0,11.0,10.0,1866.0,107.44721984863281,0.0,0.0,0.0,0.0,0.0,0.0,0.0,0.0,0.0,0.0,0.0,0.0,0.0,0.0,0.0,0.0,13.0,0.0,0.0,0.0,2.0,0
61.06800079345703,0.0,1042.0,52.0,54184.0,0.0,0.0,0.0,44.0,66.0,9.0,0.0,100.0,100.0,100.0,103.0,100.0,103.0,100.0,50.0,50.0,0.0,3.355000159353949,3.355000159353949,3.355000159353949,3.355000159353949,14.70000021904707,1.0,2.9132583141326904,0.0,0.0,13.0,3.000000142492354,3.018000143347308,14.000000208616257,0.0,0.0,0.0,-6.671748161315918,0.0,0.0,0.0,1.0,77.0,1050.0,8.0,98.0,0.0,11.0,0.0,0.0,11.0,10.0,1866.0,107.44721984863281,0.0,0.0,0.0,0.0,0.0,0.0,0.0,0.0,0.0,0.0,0.0,0.0,0.0,0.0,0.0,0.0,13.0,0.0,0.0,0.0,2.0,0
61.132999420166016,0.0,1035.0,52.0,53820.0,0.0,0.0,0.0,44.0,66.0,9.0,0.0,100.0,100.0,100.0,103.0,100.0,103.0,100.0,50.0,50.0,0.0,3.355000159353949,3.355000159353949,3.355000159353949,3.355000159353949,14.70000021904707,1.0,2.8936874866485596,0.0,0.0,13.0,3.000000142492354,3.155000149854459,14.000000208616257,0.0,0.0,0.0,-6.671748161315918,0.0,0.0,0.0,1.0,77.0,1050.0,15.0,98.0,0.0,11.0,0.0,0.0,11.0,10.0,1866.0,108.17391204833984,0.0,0.0,0.0,0.0,0.0,0.0,0.0,0.0,0.0,0.0,0.0,0.0,0.0,0.0,0.0,0.0,13.0,0.0,0.0,0.0,2.0,0
61.198001861572266,0.0,1037.0,53.0,54961.0,0.0,0.0,0.0,44.0,66.0,9.0,0.0,100.0,100.0,100.0,103.0,100.0,103.0,100.0,50.0,50.0,0.0,3.392000161111355,3.392000161111355,3.392000161111355,3.392000161111355,14.70000021904707,1.0,2.931253433227539,0.0,0.0,13.0,3.000000142492354,3.0170001432998106,14.000000208616257,-70.0,0.0,0.0,-6.526710033416748,0.0,0.0,0.0,1.0,77.0,1050.0,13.0,98.0,0.0,11.0,0.0,0.0,11.0,10.0,1866.0,107.96528625488281,0.0,0.0,0.0,0.0,0.0,0.0,0.0,0.0,0.0,0.0,0.0,0.0,0.0,0.0,0.0,0.0,13.0,0.0,0.0,0.0,2.0,0
61.26499938964844,0.0,1037.0,53.0,54961.0,0.0,0.0,0.0,44.0,66.0,9.0,0.0,100.0,100.0,100.0,103.0,100.0,103.0,100.0,50.0,50.0,0.0,3.392000161111355,3.392000161111355,3.392000161111355,3.392000161111355,14.70000021904707,1.0,2.931253433227539,0.0,0.0,13.0,3.000000142492354,3.0150001432048157,14.000000208616257,-70.0,0.0,0.0,-6.526710033416748,0.0,0.0,0.0,1.0,77.0,1050.0,13.0,98.0,0.0,11.0,0.0,0.0,11.0,10.0,1866.0,107.96528625488281,0.0,0.0,0.0,0.0,0.0,0.0,0.0,0.0,0.0,0.0,0.0,0.0,0.0,0.0,0.0,0.0,13.0,0.0,0.0,0.0,2.0,0
61.33300018310547,1.0,1048.0,53.0,55544.0,0.0,0.0,0.0,44.0,66.0,9.0,0.0,100.0,100.0,100.0,103.0,100.0,103.0,100.0,50.0,50.0,0.0,3.392000161111355,3.392000161111355,3.392000161111355,3.392000161111355,14.70000021904707,1.0,2.9623465538024902,0.0,0.0,13.0,3.000000142492354,3.1670001504244283,14.000000208616257,20.0,0.0,0.0,-6.526710033416748,0.0,0.0,0.0,1.0,78.0,1050.0,2.0,98.0,0.0,11.0,0.0,0.0,11.0,10.0,1863.0,106.66030883789062,0.0,0.0,0.0,0.0,0.0,0.0,0.0,0.0,0.0,0.0,0.0,0.0,0.0,0.0,0.0,0.0,13.0,0.0,0.0,0.0,2.0,0
61.39899826049805,1.0,1048.0,53.0,55544.0,0.0,0.0,0.0,44.0,66.0,9.0,0.0,100.0,100.0,100.0,103.0,100.0,103.0,100.0,50.0,50.0,0.0,3.392000161111355,3.392000161111355,3.392000161111355,3.392000161111355,14.70000021904707,1.0,2.9623465538024902,0.0,0.0,13.0,3.000000142492354,3.071000145864673,14.000000208616257,110.0,0.0,0.0,-6.526710033416748,0.0,0.0,0.0,1.0,78.0,1050.0,2.0,98.0,0.0,11.0,0.0,0.0,11.0,10.0,1863.0,106.66030883789062,0.0,0.0,0.0,0.0,0.0,0.0,0.0,0.0,0.0,0.0,0.0,0.0,0.0,0.0,0.0,0.0,13.0,0.0,0.0,0.0,2.0,0
61.4640007019043,1.0,1113.0,51.0,56763.0,0.0,0.0,0.0,44.0,66.0,9.0,0.0,100.0,100.0,100.0,103.0,100.0,103.0,100.0,50.0,50.0,0.0,3.282000155886635,3.282000155886635,3.282000155886635,3.282000155886635,14.70000021904707,1.0,3.0440549850463867,0.0,0.0,13.0,3.000000142492354,3.259000154794194,14.000000208616257,110.0,0.0,0.0,-6.81678581237793,0.0,0.0,0.0,1.0,78.0,1050.0,-63.0,98.0,0.0,11.0,0.0,0.0,11.0,10.0,1863.0,100.43126678466797,0.0,0.0,0.0,0.0,0.0,0.0,0.0,0.0,0.0,0.0,0.0,0.0,0.0,0.0,0.0,0.0,13.0,0.0,0.0,0.0,2.0,0
61.53099822998047,1.0,1175.0,51.0,59925.0,0.0,0.0,0.0,44.0,66.0,9.0,0.0,100.0,100.0,100.0,103.0,100.0,103.0,100.0,50.0,50.0,0.0,3.282000155886635,3.282000155886635,3.282000155886635,3.282000155886635,14.70000021904707,1.0,3.213624954223633,0.0,0.0,13.0,3.000000142492354,3.062000145437196,14.000000208616257,650.0,0.0,0.0,-6.81678581237793,0.0,0.0,0.0,1.0,78.0,1050.0,-125.0,98.0,0.0,11.0,0.0,0.0,11.0,10.0,1863.0,95.13191223144531,0.0,0.0,0.0,0.0,0.0,0.0,0.0,0.0,0.0,0.0,0.0,0.0,0.0,0.0,0.0,0.0,13.0,0.0,0.0,0.0,2.0,0
61.599998474121094,1.0,1175.0,50.0,58750.0,0.0,0.0,0.0,44.0,66.0,9.0,0.0,100.0,100.0,100.0,103.0,100.0,103.0,100.0,50.0,50.0,0.0,3.246000154176727,3.246000154176727,3.246000154176727,3.246000154176727,14.70000021904707,1.0,3.178375005722046,0.0,0.0,13.0,3.000000142492354,3.0300001439172775,14.000000208616257,620.0,0.0,0.0,-6.9618239402771,0.0,0.0,0.0,1.0,57.0,1050.0,-125.0,98.0,0.0,11.0,0.0,0.0,11.0,10.0,1863.0,95.13191223144531,0.0,0.0,0.0,0.0,0.0,0.0,0.0,0.0,0.0,0.0,0.0,0.0,0.0,0.0,0.0,0.0,13.0,0.0,0.0,0.0,2.0,0
61.665000915527344,1.0,1221.0,44.0,53724.0,0.0,0.0,0.0,44.0,66.0,9.0,0.0,100.0,100.0,100.0,103.0,100.0,103.0,100.0,50.0,50.0,0.0,2.9520001402124763,2.9520001402124763,2.9520001402124763,2.9520001402124763,14.70000021904707,1.0,3.003659963607788,0.0,0.0,13.0,3.000000142492354,3.08400014648214,14.000000208616257,620.0,0.0,0.0,-7.832052230834961,0.0,0.0,0.0,1.0,57.0,1050.0,-171.0,98.0,0.0,11.0,0.0,0.0,11.0,10.0,1863.0,91.54791259765625,0.0,0.0,0.0,0.0,0.0,0.0,0.0,0.0,0.0,0.0,0.0,0.0,0.0,0.0,0.0,0.0,13.0,0.0,0.0,0.0,2.0,0
61.73099899291992,1.0,1249.0,42.0,52458.0,0.0,0.0,0.0,44.0,66.0,9.0,0.0,100.0,100.0,100.0,103.0,100.0,103.0,100.0,50.0,50.0,0.0,2.878000136697665,2.878000136697665,2.878000136697665,2.878000136697665,14.70000021904707,1.0,2.995518445968628,0.0,0.0,13.0,3.000000142492354,2.9480001400224864,14.000000208616257,460.0,0.0,0.0,-8.122127532958984,0.0,0.0,0.0,1.0,57.0,1050.0,-199.0,98.0,0.0,11.0,0.0,0.0,11.0,10.0,1863.0,89.49559783935547,0.0,0.0,0.0,0.0,0.0,0.0,0.0,0.0,0.0,0.0,0.0,0.0,0.0,0.0,0.0,0.0,13.0,0.0,0.0,0.0,2.0,0
61.797000885009766,1.0,1249.0,42.0,52458.0,0.0,0.0,0.0,44.0,66.0,9.0,0.0,100.0,100.0,100.0,103.0,100.0,103.0,100.0,50.0,50.0,0.0,2.878000136697665,2.878000136697665,2.878000136697665,2.878000136697665,14.70000021904707,1.0,2.995518445968628,0.0,0.0,13.0,3.000000142492354,3.0150001432048157,14.000000208616257,280.0,0.0,0.0,-8.122127532958984,0.0,0.0,0.0,1.0,57.0,1050.0,-199.0,98.0,0.0,11.0,0.0,0.0,11.0,10.0,1863.0,89.49559783935547,0.0,0.0,0.0,0.0,0.0,0.0,0.0,0.0,0.0,0.0,0.0,0.0,0.0,0.0,0.0,0.0,13.0,0.0,0.0,0.0,2.0,0
61.867000579833984,1.0,1240.0,40.0,49600.0,0.0,0.0,0.0,44.0,66.0,9.0,0.0,100.0,100.0,100.0,103.0,100.0,103.0,100.0,50.0,50.0,0.0,2.768000131472945,2.768000131472945,2.768000131472945,2.768000131472945,14.70000021904707,1.0,2.86026668548584,0.0,0.0,13.0,3.000000142492354,2.9370001395000145,14.000000208616257,280.0,0.0,0.0,-8.412203788757324,0.0,0.0,0.0,1.0,57.0,1050.0,-190.0,98.0,0.0,11.0,0.0,0.0,11.0,10.0,1863.0,90.1451644897461,0.0,0.0,0.0,0.0,0.0,0.0,0.0,0.0,0.0,0.0,0.0,0.0,0.0,0.0,0.0,0.0,13.0,0.0,0.0,0.0,2.0,0
61.93199920654297,1.0,1211.0,39.0,47229.0,0.0,0.0,0.0,44.0,66.0,9.0,0.0,100.0,100.0,100.0,103.0,100.0,103.0,100.0,50.0,50.0,0.0,2.732000129763037,2.732000129763037,2.732000129763037,2.732000129763037,14.70000021904707,1.0,2.7570433616638184,0.0,0.0,13.0,3.000000142492354,2.963000140734948,14.000000208616257,-90.0,0.0,0.0,-8.557242393493652,0.0,0.0,0.0,1.0,46.0,1050.0,-161.0,98.0,0.0,11.0,0.0,0.0,11.0,10.0,1863.0,92.30387878417969,0.0,0.0,0.0,0.0,0.0,0.0,0.0,0.0,0.0,0.0,0.0,0.0,0.0,0.0,0.0,0.0,13.0,0.0,0.0,0.0,2.0,0
62.00199890136719,1.0,1211.0,38.0,46018.0,0.0,0.0,0.0,44.0,66.0,9.0,0.0,100.0,100.0,100.0,103.0,100.0,103.0,100.0,50.0,50.0,0.0,2.6950001280056313,2.6950001280056313,2.6950001280056313,2.6950001280056313,14.70000021904707,1.0,2.7197041511535645,0.0,0.0,13.0,3.000000142492354,3.0170001432998106,14.000000208616257,-290.0,0.0,0.0,-8.702280044555664,0.0,0.0,0.0,1.0,46.0,1050.0,-161.0,98.0,0.0,11.0,0.0,0.0,11.0,10.0,1863.0,92.30387878417969,0.0,0.0,0.0,0.0,0.0,0.0,0.0,0.0,0.0,0.0,0.0,0.0,0.0,0.0,0.0,0.0,13.0,0.0,0.0,0.0,2.0,0
62.06800079345703,1.0,1199.0,37.0,44363.0,0.0,0.0,0.0,44.0,66.0,9.0,0.0,100.0,100.0,100.0,103.0,100.0,103.0,100.0,50.0,50.0,0.0,2.6220001245383173,2.6220001245383173,2.6220001245383173,2.6220001245383173,14.70000021904707,1.0,2.6198151111602783,0.0,0.0,13.0,3.000000142492354,3.0170001432998106,13.90000020712614,-290.0,0.0,0.0,-8.847317695617676,0.0,0.0,0.0,1.0,46.0,1050.0,-149.0,98.0,0.0,11.0,0.0,0.0,11.0,10.0,1863.0,93.22769165039062,0.0,0.0,0.0,0.0,0.0,0.0,0.0,0.0,0.0,0.0,0.0,0.0,0.0,0.0,0.0,0.0,13.0,0.0,0.0,0.0,2.0,0
62.13600158691406,1.0,1177.0,37.0,43549.0,0.0,0.0,0.0,44.0,66.0,9.0,0.0,100.0,100.0,100.0,103.0,100.0,103.0,100.0,50.0,50.0,0.0,2.6220001245383173,2.6220001245383173,2.6220001245383173,2.6220001245383173,14.70000021904707,1.0,2.571744918823242,0.0,0.0,13.0,3.000000142492354,2.9130001383600757,13.90000020712614,-120.0,0.0,0.0,-8.847317695617676,0.0,0.0,0.0,1.0,46.0,1050.0,-127.0,98.0,0.0,11.0,0.0,0.0,11.0,10.0,1863.0,94.97026062011719,0.0,0.0,0.0,0.0,0.0,0.0,0.0,0.0,0.0,0.0,0.0,0.0,0.0,0.0,0.0,0.0,13.0,0.0,0.0,0.0,2.0,0
62.20199966430664,1.0,1177.0,37.0,43549.0,0.0,0.0,0.0,44.0,66.0,9.0,0.0,100.0,100.0,100.0,103.0,100.0,103.0,100.0,50.0,50.0,0.0,2.6220001245383173,2.6220001245383173,2.6220001245383173,2.6220001245383173,14.70000021904707,1.0,2.571744918823242,0.0,0.0,13.0,3.000000142492354,3.013000143109821,13.90000020712614,-220.0,0.0,0.0,-8.847317695617676,0.0,0.0,0.0,1.0,54.0,1050.0,-127.0,98.0,0.0,11.0,0.0,0.0,11.0,10.0,1863.0,94.97026062011719,0.0,0.0,0.0,0.0,0.0,0.0,0.0,0.0,0.0,0.0,0.0,0.0,0.0,0.0,0.0,0.0,13.0,0.0,0.0,0.0,2.0,0
62.268001556396484,1.0,1152.0,38.0,43776.0,0.0,0.0,0.0,44.0,66.0,9.0,0.0,100.0,100.0,100.0,103.0,100.0,103.0,100.0,50.0,50.0,0.0,2.6950001280056313,2.6950001280056313,2.6950001280056313,2.6950001280056313,14.70000021904707,1.0,2.5871999263763428,0.0,0.0,13.0,3.000000142492354,2.9820001416374,13.90000020712614,-220.0,0.0,0.0,-8.702280044555664,0.0,0.0,0.0,1.0,54.0,1050.0,-102.0,98.0,0.0,11.0,0.0,0.0,11.0,10.0,1863.0,97.03125,0.0,0.0,0.0,0.0,0.0,0.0,0.0,0.0,0.0,0.0,0.0,0.0,0.0,0.0,0.0,0.0,13.0,0.0,0.0,0.0,2.0,0
62.33399963378906,2.0,1131.0,39.0,44109.0,0.0,0.0,0.0,44.0,66.0,9.0,0.0,100.0,100.0,100.0,103.0,100.0,103.0,100.0,50.0,50.0,0.0,2.732000129763037,2.732000129763037,2.732000129763037,2.732000129763037,14.70000021904707,1.0,2.5749099254608154,0.0,0.0,13.0,3.000000142492354,2.998000142397359,14.000000208616257,-250.0,0.0,0.0,-8.557242393493652,0.0,0.0,0.0,1.0,54.0,1050.0,-81.0,98.0,0.0,11.0,0.0,0.0,11.0,10.0,1899.0,100.74270629882812,0.0,0.0,0.0,0.0,0.0,0.0,0.0,0.0,0.0,0.0,0.0,0.0,0.0,0.0,0.0,0.0,13.0,0.0,0.0,0.0,2.0,0
62.400001525878906,2.0,1131.0,39.0,44109.0,0.0,0.0,0.0,44.0,66.0,9.0,0.0,100.0,100.0,100.0,103.0,100.0,103.0,100.0,50.0,50.0,0.0,2.732000129763037,2.732000129763037,2.732000129763037,2.732000129763037,14.70000021904707,1.0,2.5749099254608154,0.0,0.0,13.0,3.000000142492354,3.009000142919831,14.000000208616257,-210.0,0.0,0.0,-8.557242393493652,0.0,0.0,0.0,1.0,54.0,1050.0,-81.0,98.0,0.0,11.0,0.0,0.0,11.0,10.0,1899.0,100.74270629882812,0.0,0.0,0.0,0.0,0.0,0.0,0.0,0.0,0.0,0.0,0.0,0.0,0.0,0.0,0.0,0.0,13.0,0.0,0.0,0.0,2.0,0
62.4640007019043,2.0,1126.0,39.0,43914.0,0.0,0.0,0.0,44.0,66.0,9.0,0.0,100.0,100.0,100.0,103.0,100.0,103.0,100.0,50.0,50.0,0.0,2.732000129763037,2.732000129763037,2.732000129763037,2.732000129763037,14.70000021904707,1.0,2.5635266304016113,0.0,0.0,13.0,3.000000142492354,2.909000138170086,14.000000208616257,-210.0,0.0,0.0,-8.557242393493652,0.0,0.0,0.0,1.0,54.0,1050.0,-76.0,98.0,0.0,11.0,0.0,0.0,11.0,10.0,1899.0,101.19005584716797,0.0,0.0,0.0,0.0,0.0,0.0,0.0,0.0,0.0,0.0,0.0,0.0,0.0,0.0,0.0,0.0,13.0,0.0,0.0,0.0,2.0,0
62.4640007019043,2.0,1126.0,40.0,45040.0,0.0,0.0,0.0,44.0,66.0,9.0,0.0,100.0,100.0,100.0,103.0,100.0,103.0,100.0,50.0,50.0,0.0,2.768000131472945,2.768000131472945,2.768000131472945,2.768000131472945,14.70000021904707,1.0,2.597306728363037,0.0,0.0,13.0,3.000000142492354,3.0140001431573182,14.000000208616257,-50.0,0.0,0.0,-8.412203788757324,0.0,0.0,0.0,1.0,60.0,1050.0,-76.0,98.0,0.0,11.0,0.0,0.0,11.0,10.0,1899.0,101.19005584716797,0.0,0.0,0.0,0.0,0.0,0.0,0.0,0.0,0.0,0.0,0.0,0.0,0.0,0.0,0.0,0.0,13.0,0.0,0.0,0.0,2.0,0
62.5989990234375,2.0,1116.0,40.0,44640.0,0.0,0.0,0.0,44.0,66.0,9.0,0.0,100.0,100.0,100.0,103.0,100.0,103.0,100.0,50.0,50.0,0.0,2.768000131472945,2.768000131472945,2.768000131472945,2.768000131472945,14.70000021904707,1.0,2.57423996925354,0.0,0.0,13.0,3.000000142492354,3.011000143014826,14.000000208616257,-100.0,0.0,0.0,-8.412203788757324,0.0,0.0,0.0,1.0,60.0,1050.0,-66.0,98.0,0.0,11.0,0.0,0.0,11.0,10.0,1899.0,102.09677124023438,0.0,0.0,0.0,0.0,0.0,0.0,0.0,0.0,0.0,0.0,0.0,0.0,0.0,0.0,0.0,0.0,13.0,0.0,0.0,0.0,2.0,0
62.665000915527344,2.0,1106.0,41.0,45346.0,0.0,0.0,0.0,44.0,66.0,9.0,0.0,100.0,100.0,100.0,103.0,100.0,103.0,100.0,50.0,50.0,0.0,2.805000133230351,2.805000133230351,2.805000133230351,2.805000133230351,14.70000021904707,1.0,2.5852749347686768,0.0,0.0,13.0,3.000000142492354,2.9520001402124763,14.000000208616257,-100.0,0.0,0.0,-8.267166137695312,0.0,0.0,0.0,1.0,60.0,1050.0,-56.0,98.0,0.0,11.0,0.0,0.0,11.0,10.0,1899.0,103.01988983154297,0.0,0.0,0.0,0.0,0.0,0.0,0.0,0.0,0.0,0.0,0.0,0.0,0.0,0.0,0.0,0.0,13.0,0.0,0.0,0.0,2.0,0
62.73500061035156,2.0,1106.0,42.0,46452.0,0.0,0.0,0.0,44.0,66.0,9.0,0.0,100.0,100.0,100.0,103.0,100.0,103.0,100.0,50.0,50.0,0.0,2.878000136697665,2.878000136697665,2.878000136697665,2.878000136697665,14.70000021904707,1.0,2.6525566577911377,0.0,0.0,13.0,3.000000142492354,3.0150001432048157,14.000000208616257,-100.0,0.0,0.0,-8.122127532958984,0.0,0.0,0.0,1.0,60.0,1050.0,-56.0,98.0,0.0,11.0,0.0,0.0,11.0,10.0,1899.0,103.01988983154297,0.0,0.0,0.0,0.0,0.0,0.0,0.0,0.0,0.0,0.0,0.0,0.0,0.0,0.0,0.0,0.0,13.0,0.0,0.0,0.0,2.0,0
62.79999923706055,2.0,1112.0,42.0,46704.0,0.0,0.0,0.0,44.0,66.0,9.0,0.0,100.0,100.0,100.0,103.0,100.0,103.0,100.0,50.0,50.0,0.0,2.878000136697665,2.878000136697665,2.878000136697665,2.878000136697665,14.70000021904707,1.0,2.6669466495513916,0.0,0.0,13.0,3.000000142492354,3.111000147764571,14.000000208616257,60.0,0.0,0.0,-8.122127532958984,0.0,0.0,0.0,1.0,60.0,1050.0,-62.0,98.0,0.0,11.0,0.0,0.0,11.0,10.0,1899.0,102.46402740478516,0.0,0.0,0.0,0.0,0.0,0.0,0.0,0.0,0.0,0.0,0.0,0.0,0.0,0.0,0.0,0.0,13.0,0.0,0.0,0.0,2.0,0
62.86600112915039,2.0,1123.0,42.0,47166.0,0.0,0.0,0.0,44.0,66.0,9.0,0.0,100.0,100.0,100.0,103.0,100.0,103.0,100.0,50.0,50.0,0.0,2.878000136697665,2.878000136697665,2.878000136697665,2.878000136697665,14.70000021904707,1.0,2.693328380584717,0.0,0.0,13.0,3.000000142492354,3.122000148287043,14.000000208616257,60.0,0.0,0.0,-8.122127532958984,0.0,0.0,0.0,1.0,60.0,1050.0,-73.0,98.0,0.0,11.0,0.0,0.0,11.0,10.0,1899.0,101.46037292480469,0.0,0.0,0.0,0.0,0.0,0.0,0.0,0.0,0.0,0.0,0.0,0.0,0.0,0.0,0.0,0.0,13.0,0.0,0.0,0.0,2.0,0
62.935001373291016,2.0,1123.0,42.0,47166.0,0.0,0.0,0.0,44.0,66.0,9.0,0.0,100.0,100.0,100.0,103.0,100.0,103.0,100.0,50.0,50.0,0.0,2.878000136697665,2.878000136697665,2.878000136697665,2.878000136697665,14.70000021904707,1.0,2.693328380584717,0.0,0.0,13.0,3.000000142492354,3.0170001432998106,14.000000208616257,110.0,0.0,0.0,-8.122127532958984,0.0,0.0,0.0,1.0,60.0,1050.0,-73.0,98.0,0.0,11.0,0.0,0.0,11.0,10.0,1899.0,101.46037292480469,0.0,0.0,0.0,0.0,0.0,0.0,0.0,0.0,0.0,0.0,0.0,0.0,0.0,0.0,0.0,0.0,13.0,0.0,0.0,0.0,2.0,0
63.000999450683594,2.0,1138.0,42.0,47796.0,0.0,0.0,0.0,44.0,66.0,9.0,0.0,100.0,100.0,100.0,103.0,100.0,103.0,100.0,50.0,50.0,0.0,2.878000136697665,2.878000136697665,2.878000136697665,2.878000136697665,14.70000021904707,1.0,2.7293033599853516,0.0,0.0,13.0,3.000000142492354,3.113000147859566,14.000000208616257,150.0,0.0,0.0,-8.122127532958984,0.0,0.0,0.0,1.0,60.0,1050.0,-88.0,98.0,0.0,11.0,0.0,0.0,11.0,10.0,1899.0,100.1230239868164,0.0,0.0,0.0,0.0,0.0,0.0,0.0,0.0,0.0,0.0,0.0,0.0,0.0,0.0,0.0,0.0,13.0,0.0,0.0,0.0,2.0,0
63.066001892089844,2.0,1138.0,42.0,47796.0,0.0,0.0,0.0,44.0,66.0,9.0,0.0,100.0,100.0,100.0,103.0,100.0,103.0,100.0,50.0,50.0,0.0,2.878000136697665,2.878000136697665,2.878000136697665,2.878000136697665,14.70000021904707,1.0,2.7293033599853516,0.0,0.0,13.0,3.000000142492354,3.0170001432998106,14.000000208616257,150.0,0.0,0.0,-8.122127532958984,0.0,0.0,0.0,1.0,60.0,1050.0,-88.0,98.0,0.0,11.0,0.0,0.0,11.0,10.0,1899.0,100.1230239868164,0.0,0.0,0.0,0.0,0.0,0.0,0.0,0.0,0.0,0.0,0.0,0.0,0.0,0.0,0.0,0.0,13.0,0.0,0.0,0.0,2.0,0
63.132999420166016,2.0,1150.0,42.0,48300.0,0.0,0.0,0.0,44.0,66.0,9.0,0.0,100.0,100.0,100.0,103.0,100.0,103.0,100.0,50.0,50.0,0.0,2.878000136697665,2.878000136697665,2.878000136697665,2.878000136697665,14.70000021904707,1.0,2.7580833435058594,0.0,0.0,13.0,3.000000142492354,3.03300014405977,14.000000208616257,120.0,0.0,0.0,-8.122127532958984,0.0,0.0,0.0,1.0,54.0,1050.0,-100.0,98.0,0.0,11.0,0.0,0.0,11.0,10.0,1899.0,99.07826232910156,0.0,0.0,0.0,0.0,0.0,0.0,0.0,0.0,0.0,0.0,0.0,0.0,0.0,0.0,0.0,0.0,13.0,0.0,0.0,0.0,2.0,0
63.20100021362305,2.0,1155.0,40.0,46200.0,0.0,0.0,0.0,44.0,66.0,9.0,0.0,100.0,100.0,100.0,103.0,100.0,103.0,100.0,50.0,50.0,0.0,2.768000131472945,2.768000131472945,2.768000131472945,2.768000131472945,14.70000021904707,1.0,2.6642000675201416,0.0,0.0,13.0,3.000000142492354,3.118000148097053,14.000000208616257,50.0,0.0,0.0,-8.412203788757324,0.0,0.0,0.0,1.0,54.0,1050.0,-105.0,98.0,0.0,11.0,0.0,0.0,11.0,10.0,1899.0,98.64935302734375,0.0,0.0,0.0,0.0,0.0,0.0,0.0,0.0,0.0,0.0,0.0,0.0,0.0,0.0,0.0,0.0,13.0,0.0,0.0,0.0,2.0,0
63.268001556396484,2.0,1155.0,40.0,46200.0,0.0,0.0,0.0,44.0,66.0,9.0,0.0,100.0,100.0,100.0,103.0,100.0,103.0,100.0,50.0,50.0,0.0,2.768000131472945,2.768000131472945,2.768000131472945,2.768000131472945,14.70000021904707,1.0,2.6642000675201416,0.0,0.0,13.0,3.000000142492354,3.016000143252313,14.000000208616257,50.0,0.0,0.0,-8.412203788757324,0.0,0.0,0.0,1.0,54.0,1050.0,-105.0,98.0,0.0,11.0,0.0,0.0,11.0,10.0,1899.0,98.64935302734375,0.0,0.0,0.0,0.0,0.0,0.0,0.0,0.0,0.0,0.0,0.0,0.0,0.0,0.0,0.0,0.0,13.0,0.0,0.0,0.0,2.0,0
63.3380012512207,3.0,1161.0,39.0,45279.0,0.0,0.0,0.0,44.0,66.0,9.0,0.0,100.0,100.0,100.0,103.0,100.0,103.0,100.0,50.0,50.0,0.0,2.732000129763037,2.732000129763037,2.732000129763037,2.732000129763037,14.70000021904707,1.0,2.643209934234619,0.0,0.0,13.0,3.000000142492354,3.0150001432048157,14.000000208616257,60.0,0.0,0.0,-8.557242393493652,0.0,0.0,0.0,1.0,54.0,1050.0,-111.0,98.0,0.0,11.0,0.0,0.0,11.0,10.0,1911.0,98.75968933105469,0.0,0.0,0.0,0.0,0.0,0.0,0.0,0.0,0.0,0.0,0.0,0.0,0.0,0.0,0.0,0.0,13.0,0.0,0.0,0.0,2.0,0
63.3380012512207,3.0,1156.0,39.0,45084.0,0.0,0.0,0.0,44.0,66.0,9.0,0.0,100.0,100.0,100.0,103.0,100.0,103.0,100.0,50.0,50.0,0.0,2.732000129763037,2.732000129763037,2.732000129763037,2.732000129763037,14.70000021904707,1.0,2.631826639175415,0.0,0.0,13.0,3.000000142492354,2.987000141874887,14.000000208616257,-50.0,0.0,0.0,-8.557242393493652,0.0,0.0,0.0,1.0,54.0,1050.0,-106.0,98.0,0.0,11.0,0.0,0.0,11.0,10.0,1911.0,99.18685150146484,0.0,0.0,0.0,0.0,0.0,0.0,0.0,0.0,0.0,0.0,0.0,0.0,0.0,0.0,0.0,0.0,13.0,0.0,0.0,0.0,2.0,0
63.46799850463867,3.0,1156.0,39.0,45084.0,0.0,0.0,0.0,44.0,66.0,9.0,0.0,100.0,100.0,100.0,103.0,100.0,103.0,100.0,50.0,50.0,0.0,2.732000129763037,2.732000129763037,2.732000129763037,2.732000129763037,14.70000021904707,1.0,2.631826639175415,0.0,0.0,13.0,3.000000142492354,3.016000143252313,14.000000208616257,-50.0,0.0,0.0,-8.557242393493652,0.0,0.0,0.0,1.0,52.0,1050.0,-106.0,98.0,0.0,11.0,0.0,0.0,11.0,10.0,1911.0,99.18685150146484,0.0,0.0,0.0,0.0,0.0,0.0,0.0,0.0,0.0,0.0,0.0,0.0,0.0,0.0,0.0,0.0,13.0,0.0,0.0,0.0,2.0,0
63.534000396728516,3.0,1157.0,39.0,45123.0,0.0,0.0,0.0,44.0,66.0,9.0,0.0,100.0,100.0,100.0,103.0,100.0,103.0,100.0,50.0,50.0,0.0,2.732000129763037,2.732000129763037,2.732000129763037,2.732000129763037,14.70000021904707,1.0,2.634103298187256,0.0,0.0,13.0,3.000000142492354,3.0240001436322927,14.000000208616257,10.0,0.0,0.0,-8.557242393493652,0.0,0.0,0.0,1.0,52.0,1050.0,-107.0,98.0,0.0,11.0,0.0,0.0,11.0,10.0,1911.0,99.10111999511719,0.0,0.0,0.0,0.0,0.0,0.0,0.0,0.0,0.0,0.0,0.0,0.0,0.0,0.0,0.0,0.0,13.0,0.0,0.0,0.0,2.0,0
63.5989990234375,3.0,1148.0,39.0,44772.0,0.0,0.0,0.0,44.0,66.0,9.0,0.0,100.0,100.0,100.0,103.0,100.0,103.0,100.0,50.0,50.0,0.0,2.732000129763037,2.732000129763037,2.732000129763037,2.732000129763037,14.70000021904707,1.0,2.6136133670806885,0.0,0.0,13.0,3.000000142492354,3.005000142729841,14.000000208616257,10.0,0.0,0.0,-8.557242393493652,0.0,0.0,0.0,1.0,52.0,1050.0,-98.0,98.0,0.0,11.0,0.0,0.0,11.0,10.0,1911.0,99.8780517578125,0.0,0.0,0.0,0.0,0.0,0.0,0.0,0.0,0.0,0.0,0.0,0.0,0.0,0.0,0.0,0.0,13.0,0.0,0.0,0.0,2.0,0
63.66899871826172,3.0,1148.0,39.0,44772.0,0.0,0.0,0.0,44.0,66.0,9.0,0.0,100.0,100.0,100.0,103.0,100.0,103.0,100.0,50.0,50.0,0.0,2.732000129763037,2.732000129763037,2.732000129763037,2.732000129763037,14.70000021904707,1.0,2.6136133670806885,0.0,0.0,13.0,3.000000142492354,3.011000143014826,14.000000208616257,-90.0,0.0,0.0,-8.557242393493652,0.0,0.0,0.0,1.0,52.0,1050.0,-98.0,98.0,0.0,11.0,0.0,0.0,11.0,10.0,1911.0,99.8780517578125,0.0,0.0,0.0,0.0,0.0,0.0,0.0,0.0,0.0,0.0,0.0,0.0,0.0,0.0,0.0,0.0,13.0,0.0,0.0,0.0,2.0,0
63.73500061035156,3.0,1138.0,39.0,44382.0,0.0,0.0,0.0,44.0,66.0,9.0,0.0,100.0,100.0,100.0,103.0,100.0,103.0,100.0,50.0,50.0,0.0,2.732000129763037,2.732000129763037,2.732000129763037,2.732000129763037,14.70000021904707,1.0,2.5908467769622803,0.0,0.0,13.0,3.000000142492354,3.1520001497119665,14.000000208616257,-100.0,0.0,0.0,-8.557242393493652,0.0,0.0,0.0,1.0,53.0,1050.0,-88.0,98.0,0.0,11.0,0.0,0.0,11.0,10.0,1911.0,100.7557144165039,0.0,0.0,0.0,0.0,0.0,0.0,0.0,0.0,0.0,0.0,0.0,0.0,0.0,0.0,0.0,0.0,13.0,0.0,0.0,0.0,2.0,0
63.79899978637695,3.0,1130.0,39.0,44070.0,0.0,0.0,0.0,44.0,66.0,9.0,0.0,100.0,100.0,100.0,103.0,100.0,103.0,100.0,50.0,50.0,0.0,2.732000129763037,2.732000129763037,2.732000129763037,2.732000129763037,14.70000021904707,1.0,2.5726332664489746,0.0,0.0,13.0,3.000000142492354,3.0170001432998106,14.000000208616257,-100.0,0.0,0.0,-8.557242393493652,0.0,0.0,0.0,1.0,53.0,1050.0,-80.0,98.0,0.0,11.0,0.0,0.0,11.0,10.0,1911.0,101.46902465820312,0.0,0.0,0.0,0.0,0.0,0.0,0.0,0.0,0.0,0.0,0.0,0.0,0.0,0.0,0.0,0.0,13.0,0.0,0.0,0.0,2.0,0
63.86899948120117,3.0,1130.0,39.0,44070.0,0.0,0.0,0.0,44.0,66.0,9.0,0.0,100.0,100.0,100.0,103.0,100.0,103.0,100.0,50.0,50.0,0.0,2.732000129763037,2.732000129763037,2.732000129763037,2.732000129763037,14.70000021904707,1.0,2.5726332664489746,0.0,0.0,13.0,3.000000142492354,3.018000143347308,14.000000208616257,-80.0,0.0,0.0,-8.557242393493652,0.0,0.0,0.0,1.0,53.0,1050.0,-80.0,98.0,0.0,11.0,0.0,0.0,11.0,10.0,1911.0,101.46902465820312,0.0,0.0,0.0,0.0,0.0,0.0,0.0,0.0,0.0,0.0,0.0,0.0,0.0,0.0,0.0,0.0,13.0,0.0,0.0,0.0,2.0,0
63.935001373291016,3.0,1124.0,39.0,43836.0,0.0,0.0,0.0,44.0,66.0,9.0,0.0,100.0,100.0,100.0,103.0,100.0,103.0,100.0,50.0,50.0,0.0,2.732000129763037,2.732000129763037,2.732000129763037,2.732000129763037,14.70000021904707,1.0,2.5589733123779297,0.0,0.0,13.0,3.000000142492354,2.8990001376951113,14.000000208616257,-60.0,0.0,0.0,-8.557242393493652,0.0,0.0,0.0,1.0,53.0,1050.0,-74.0,98.0,0.0,11.0,0.0,0.0,11.0,10.0,1911.0,102.01067352294922,0.0,0.0,0.0,0.0,0.0,0.0,0.0,0.0,0.0,0.0,0.0,0.0,0.0,0.0,0.0,0.0,13.0,0.0,0.0,0.0,2.0,0
64.0009994506836,3.0,1124.0,39.0,43836.0,0.0,0.0,0.0,44.0,66.0,9.0,0.0,100.0,100.0,100.0,103.0,100.0,103.0,100.0,50.0,50.0,0.0,2.732000129763037,2.732000129763037,2.732000129763037,2.732000129763037,14.70000021904707,1.0,2.5589733123779297,0.0,0.0,13.0,3.000000142492354,3.016000143252313,14.000000208616257,-60.0,0.0,0.0,-8.557242393493652,0.0,0.0,0.0,1.0,53.0,1050.0,-74.0,98.0,0.0,11.0,0.0,0.0,11.0,10.0,1911.0,102.01067352294922,0.0,0.0,0.0,0.0,0.0,0.0,0.0,0.0,0.0,0.0,0.0,0.0,0.0,0.0,0.0,0.0,13.0,0.0,0.0,0.0,2.0,0
64.06600189208984,3.0,1119.0,39.0,43641.0,0.0,0.0,0.0,44.0,66.0,9.0,0.0,100.0,100.0,100.0,103.0,100.0,103.0,100.0,50.0,50.0,0.0,2.732000129763037,2.732000129763037,2.732000129763037,2.732000129763037,14.70000021904707,1.0,2.5475900173187256,0.0,0.0,13.0,3.000000142492354,2.994000142207369,13.90000020712614,0.0,0.0,0.0,-8.557242393493652,0.0,0.0,0.0,1.0,54.0,1050.0,-69.0,98.0,0.0,11.0,0.0,0.0,11.0,10.0,1911.0,102.46649169921875,0.0,0.0,0.0,0.0,0.0,0.0,0.0,0.0,0.0,0.0,0.0,0.0,0.0,0.0,0.0,0.0,13.0,0.0,0.0,0.0,2.0,0
64.13099670410156,3.0,1120.0,39.0,43680.0,0.0,0.0,0.0,44.0,66.0,9.0,0.0,100.0,100.0,100.0,103.0,100.0,103.0,100.0,50.0,50.0,0.0,2.732000129763037,2.732000129763037,2.732000129763037,2.732000129763037,14.70000021904707,1.0,2.5498666763305664,0.0,0.0,13.0,3.000000142492354,2.9660001408774406,13.90000020712614,-50.0,0.0,0.0,-8.557242393493652,0.0,0.0,0.0,1.0,54.0,1050.0,-70.0,98.0,0.0,11.0,0.0,0.0,11.0,10.0,1911.0,102.375,0.0,0.0,0.0,0.0,0.0,0.0,0.0,0.0,0.0,0.0,0.0,0.0,0.0,0.0,0.0,0.0,13.0,0.0,0.0,0.0,2.0,0
64.2020034790039,3.0,1120.0,39.0,43680.0,0.0,0.0,0.0,44.0,66.0,9.0,0.0,100.0,100.0,100.0,103.0,100.0,103.0,100.0,50.0,50.0,0.0,2.732000129763037,2.732000129763037,2.732000129763037,2.732000129763037,14.70000021904707,1.0,2.5498666763305664,0.0,0.0,13.0,3.000000142492354,3.007000142824836,13.90000020712614,-50.0,0.0,0.0,-8.557242393493652,0.0,0.0,0.0,1.0,54.0,1050.0,-70.0,98.0,0.0,11.0,0.0,0.0,11.0,10.0,1911.0,102.375,0.0,0.0,0.0,0.0,0.0,0.0,0.0,0.0,0.0,0.0,0.0,0.0,0.0,0.0,0.0,0.0,13.0,0.0,0.0,0.0,2.0,0
64.26599884033203,3.0,1119.0,39.0,43641.0,0.0,0.0,0.0,44.0,66.0,9.0,0.0,100.0,100.0,100.0,103.0,100.0,103.0,100.0,50.0,50.0,0.0,2.732000129763037,2.732000129763037,2.732000129763037,2.732000129763037,14.70000021904707,1.0,2.5475900173187256,0.0,0.0,13.0,3.000000142492354,3.091000146814622,13.90000020712614,10.0,0.0,0.0,-8.557242393493652,0.0,0.0,0.0,1.0,54.0,1050.0,-69.0,98.0,0.0,11.0,0.0,0.0,11.0,10.0,1911.0,102.46649169921875,0.0,0.0,0.0,0.0,0.0,0.0,0.0,0.0,0.0,0.0,0.0,0.0,0.0,0.0,0.0,0.0,13.0,0.0,0.0,0.0,2.0,0
64.33200073242188,4.0,1114.0,40.0,44560.0,0.0,0.0,0.0,44.0,66.0,9.0,0.0,100.0,100.0,100.0,103.0,100.0,103.0,100.0,50.0,50.0,0.0,2.768000131472945,2.768000131472945,2.768000131472945,2.768000131472945,14.70000021904707,1.0,2.569626569747925,0.0,0.0,13.0,3.000000142492354,3.016000143252313,13.90000020712614,-10.0,0.0,0.0,-8.412203788757324,0.0,0.0,0.0,1.0,54.0,1050.0,-64.0,98.0,0.0,11.0,0.0,0.0,11.0,10.0,1913.0,103.03411102294922,0.0,0.0,0.0,0.0,0.0,0.0,0.0,0.0,0.0,0.0,0.0,0.0,0.0,0.0,0.0,0.0,13.0,0.0,0.0,0.0,2.0,0
64.39900207519531,4.0,1114.0,40.0,44560.0,0.0,0.0,0.0,44.0,66.0,9.0,0.0,100.0,100.0,100.0,103.0,100.0,103.0,100.0,50.0,50.0,0.0,2.768000131472945,2.768000131472945,2.768000131472945,2.768000131472945,14.70000021904707,1.0,2.569626569747925,0.0,0.0,13.0,3.000000142492354,3.0260001437272877,13.90000020712614,-10.0,0.0,0.0,-8.412203788757324,0.0,0.0,0.0,1.0,54.0,1050.0,-64.0,98.0,0.0,11.0,0.0,0.0,11.0,10.0,1913.0,103.03411102294922,0.0,0.0,0.0,0.0,0.0,0.0,0.0,0.0,0.0,0.0,0.0,0.0,0.0,0.0,0.0,0.0,13.0,0.0,0.0,0.0,2.0,0
64.46700286865234,4.0,1121.0,40.0,44840.0,0.0,0.0,0.0,44.0,66.0,9.0,0.0,100.0,100.0,100.0,103.0,100.0,103.0,100.0,50.0,50.0,0.0,2.768000131472945,2.768000131472945,2.768000131472945,2.768000131472945,14.70000021904707,1.0,2.585773229598999,0.0,0.0,13.0,3.000000142492354,2.836000134702772,13.90000020712614,-50.0,0.0,0.0,-8.412203788757324,0.0,0.0,0.0,1.0,54.0,1050.0,-71.0,98.0,0.0,11.0,0.0,0.0,11.0,10.0,1913.0,102.3907241821289,0.0,0.0,0.0,0.0,0.0,0.0,0.0,0.0,0.0,0.0,0.0,0.0,0.0,0.0,0.0,0.0,13.0,0.0,0.0,0.0,2.0,0
64.53299713134766,4.0,1121.0,40.0,44840.0,0.0,0.0,0.0,44.0,66.0,9.0,0.0,100.0,100.0,100.0,103.0,100.0,103.0,100.0,50.0,50.0,0.0,2.768000131472945,2.768000131472945,2.768000131472945,2.768000131472945,14.70000021904707,1.0,2.585773229598999,0.0,0.0,13.0,3.000000142492354,3.016000143252313,13.90000020712614,70.0,0.0,0.0,-8.412203788757324,0.0,0.0,0.0,1.0,54.0,1050.0,-71.0,98.0,0.0,11.0,0.0,0.0,11.0,10.0,1913.0,102.3907241821289,0.0,0.0,0.0,0.0,0.0,0.0,0.0,0.0,0.0,0.0,0.0,0.0,0.0,0.0,0.0,0.0,13.0,0.0,0.0,0.0,2.0,0
64.5989990234375,4.0,1125.0,40.0,45000.0,0.0,0.0,0.0,44.0,66.0,9.0,0.0,100.0,100.0,100.0,103.0,100.0,103.0,100.0,50.0,50.0,0.0,2.768000131472945,2.768000131472945,2.768000131472945,2.768000131472945,14.70000021904707,1.0,2.5950000286102295,0.0,0.0,13.0,3.000000142492354,2.9610001406399533,13.90000020712614,70.0,0.0,0.0,-8.412203788757324,0.0,0.0,0.0,1.0,54.0,1050.0,-75.0,98.0,0.0,11.0,0.0,0.0,11.0,10.0,1913.0,102.02666473388672,0.0,0.0,0.0,0.0,0.0,0.0,0.0,0.0,0.0,0.0,0.0,0.0,0.0,0.0,0.0,0.0,13.0,0.0,0.0,0.0,2.0,0
64.66899871826172,4.0,1126.0,39.0,43914.0,0.0,0.0,0.0,44.0,66.0,9.0,0.0,100.0,100.0,100.0,103.0,100.0,103.0,100.0,50.0,50.0,0.0,2.732000129763037,2.732000129763037,2.732000129763037,2.732000129763037,14.70000021904707,1.0,2.5635266304016113,0.0,0.0,13.0,3.000000142492354,2.9410001396900043,13.90000020712614,40.0,0.0,0.0,-8.557242393493652,0.0,0.0,0.0,1.0,52.0,1050.0,-76.0,98.0,0.0,11.0,0.0,0.0,11.0,10.0,1913.0,101.9360580444336,0.0,0.0,0.0,0.0,0.0,0.0,0.0,0.0,0.0,0.0,0.0,0.0,0.0,0.0,0.0,0.0,13.0,0.0,0.0,0.0,2.0,0
64.73500061035156,4.0,1126.0,39.0,43914.0,0.0,0.0,0.0,44.0,66.0,9.0,0.0,100.0,100.0,100.0,103.0,100.0,103.0,100.0,50.0,50.0,0.0,2.732000129763037,2.732000129763037,2.732000129763037,2.732000129763037,14.70000021904707,1.0,2.5635266304016113,0.0,0.0,13.0,3.000000142492354,3.0120001430623233,13.90000020712614,10.0,0.0,0.0,-8.557242393493652,0.0,0.0,0.0,1.0,52.0,1050.0,-76.0,98.0,0.0,11.0,0.0,0.0,11.0,10.0,1913.0,101.9360580444336,0.0,0.0,0.0,0.0,0.0,0.0,0.0,0.0,0.0,0.0,0.0,0.0,0.0,0.0,0.0,0.0,13.0,0.0,0.0,0.0,2.0,0
64.8030014038086,4.0,1129.0,39.0,44031.0,0.0,0.0,0.0,44.0,66.0,9.0,0.0,100.0,100.0,100.0,103.0,100.0,103.0,100.0,50.0,50.0,0.0,2.732000129763037,2.732000129763037,2.732000129763037,2.732000129763037,14.70000021904707,1.0,2.570356607437134,0.0,0.0,13.0,3.000000142492354,2.9020001378376037,13.90000020712614,10.0,0.0,0.0,-8.557242393493652,0.0,0.0,0.0,1.0,52.0,1050.0,-79.0,98.0,0.0,11.0,0.0,0.0,11.0,10.0,1913.0,101.66519165039062,0.0,0.0,0.0,0.0,0.0,0.0,0.0,0.0,0.0,0.0,0.0,0.0,0.0,0.0,0.0,0.0,13.0,0.0,0.0,0.0,2.0,0
64.86799621582031,4.0,1127.0,39.0,43953.0,0.0,0.0,0.0,44.0,66.0,9.0,0.0,100.0,100.0,100.0,103.0,100.0,103.0,100.0,50.0,50.0,0.0,2.732000129763037,2.732000129763037,2.732000129763037,2.732000129763037,14.70000021904707,1.0,2.565803289413452,0.0,0.0,13.0,3.000000142492354,3.0140001431573182,14.000000208616257,30.0,0.0,0.0,-8.557242393493652,0.0,0.0,0.0,1.0,52.0,1050.0,-77.0,98.0,0.0,11.0,0.0,0.0,11.0,10.0,1913.0,101.84561157226562,0.0,0.0,0.0,0.0,0.0,0.0,0.0,0.0,0.0,0.0,0.0,0.0,0.0,0.0,0.0,0.0,13.0,0.0,0.0,0.0,2.0,0
64.86799621582031,4.0,1127.0,39.0,43953.0,0.0,0.0,0.0,44.0,66.0,9.0,0.0,100.0,100.0,100.0,103.0,100.0,103.0,100.0,50.0,50.0,0.0,2.732000129763037,2.732000129763037,2.732000129763037,2.732000129763037,14.70000021904707,1.0,2.565803289413452,0.0,0.0,13.0,3.000000142492354,3.009000142919831,14.000000208616257,-20.0,0.0,0.0,-8.557242393493652,0.0,0.0,0.0,1.0,50.0,1050.0,-77.0,98.0,0.0,11.0,0.0,0.0,11.0,10.0,1913.0,101.84561157226562,0.0,0.0,0.0,0.0,0.0,0.0,0.0,0.0,0.0,0.0,0.0,0.0,0.0,0.0,0.0,0.0,13.0,0.0,0.0,0.0,2.0,0
65.0,4.0,1123.0,39.0,43797.0,0.0,0.0,0.0,44.0,66.0,9.0,0.0,100.0,100.0,100.0,103.0,100.0,103.0,100.0,50.0,50.0,0.0,2.732000129763037,2.732000129763037,2.732000129763037,2.732000129763037,14.70000021904707,1.0,2.556696653366089,0.0,0.0,13.0,3.000000142492354,2.969000141019933,14.000000208616257,-20.0,0.0,0.0,-8.557242393493652,0.0,0.0,0.0,1.0,50.0,1050.0,-73.0,98.0,0.0,11.0,0.0,0.0,11.0,10.0,1913.0,102.2083740234375,0.0,0.0,0.0,0.0,0.0,0.0,0.0,0.0,0.0,0.0,0.0,0.0,0.0,0.0,0.0,0.0,13.0,0.0,0.0,0.0,2.0,0
65.06500244140625,4.0,1123.0,39.0,43797.0,0.0,0.0,0.0,44.0,66.0,9.0,0.0,100.0,100.0,100.0,103.0,100.0,103.0,100.0,50.0,50.0,0.0,2.732000129763037,2.732000129763037,2.732000129763037,2.732000129763037,14.70000021904707,1.0,2.556696653366089,0.0,0.0,13.0,3.000000142492354,3.0120001430623233,14.000000208616257,-40.0,0.0,0.0,-8.557242393493652,0.0,0.0,0.0,1.0,50.0,1050.0,-73.0,98.0,0.0,11.0,0.0,0.0,11.0,10.0,1913.0,102.2083740234375,0.0,0.0,0.0,0.0,0.0,0.0,0.0,0.0,0.0,0.0,0.0,0.0,0.0,0.0,0.0,0.0,13.0,0.0,0.0,0.0,2.0,0
65.13500213623047,4.0,1112.0,39.0,43368.0,0.0,0.0,0.0,44.0,66.0,9.0,0.0,100.0,100.0,100.0,103.0,100.0,103.0,100.0,50.0,50.0,0.0,2.732000129763037,2.732000129763037,2.732000129763037,2.732000129763037,14.70000021904707,1.0,2.53165340423584,0.0,0.0,13.0,3.000000142492354,3.047000144724734,14.000000208616257,-110.0,0.0,0.0,-8.557242393493652,0.0,0.0,0.0,1.0,50.0,1050.0,-62.0,98.0,0.0,11.0,0.0,0.0,11.0,10.0,1913.0,103.21942138671875,0.0,0.0,0.0,0.0,0.0,0.0,0.0,0.0,0.0,0.0,0.0,0.0,0.0,0.0,0.0,0.0,13.0,0.0,0.0,0.0,2.0,0
65.13500213623047,4.0,1111.0,39.0,43329.0,0.0,0.0,0.0,44.0,66.0,9.0,0.0,100.0,100.0,100.0,103.0,100.0,103.0,100.0,50.0,50.0,0.0,2.732000129763037,2.732000129763037,2.732000129763037,2.732000129763037,14.70000021904707,1.0,2.529376745223999,0.0,0.0,13.0,3.000000142492354,2.9480001400224864,14.000000208616257,-110.0,0.0,0.0,-8.557242393493652,0.0,0.0,0.0,1.0,50.0,1050.0,-61.0,98.0,0.0,11.0,0.0,0.0,11.0,10.0,1913.0,103.31233215332031,0.0,0.0,0.0,0.0,0.0,0.0,0.0,0.0,0.0,0.0,0.0,0.0,0.0,0.0,0.0,0.0,13.0,0.0,0.0,0.0,2.0,0
65.26899719238281,4.0,1111.0,39.0,43329.0,0.0,0.0,0.0,44.0,66.0,9.0,0.0,100.0,100.0,100.0,103.0,100.0,103.0,100.0,50.0,50.0,0.0,2.732000129763037,2.732000129763037,2.732000129763037,2.732000129763037,14.70000021904707,1.0,2.529376745223999,0.0,0.0,13.0,3.000000142492354,3.016000143252313,14.000000208616257,-10.0,0.0,0.0,-8.557242393493652,0.0,0.0,0.0,1.0,52.0,1050.0,-61.0,98.0,0.0,11.0,0.0,0.0,11.0,10.0,1913.0,103.31233215332031,0.0,0.0,0.0,0.0,0.0,0.0,0.0,0.0,0.0,0.0,0.0,0.0,0.0,0.0,0.0,0.0,13.0,0.0,0.0,0.0,2.0,0
65.33599853515625,5.0,1104.0,39.0,43056.0,0.0,0.0,0.0,44.0,66.0,9.0,0.0,100.0,100.0,100.0,103.0,100.0,103.0,100.0,50.0,50.0,0.0,2.732000129763037,2.732000129763037,2.732000129763037,2.732000129763037,14.70000021904707,1.0,2.513439893722534,0.0,0.0,13.0,3.000000142492354,3.104000147432089,14.000000208616257,-70.0,0.0,0.0,-8.557242393493652,0.0,0.0,0.0,1.0,52.0,1050.0,-54.0,98.0,0.0,11.0,0.0,0.0,11.0,10.0,1912.0,103.91304016113281,0.0,0.0,0.0,0.0,0.0,0.0,0.0,0.0,0.0,0.0,0.0,0.0,0.0,0.0,0.0,0.0,13.0,0.0,0.0,0.0,2.0,0
65.4010009765625,5.0,1104.0,39.0,43056.0,0.0,0.0,0.0,44.0,66.0,9.0,0.0,100.0,100.0,100.0,103.0,100.0,103.0,100.0,50.0,50.0,0.0,2.732000129763037,2.732000129763037,2.732000129763037,2.732000129763037,14.70000021904707,1.0,2.513439893722534,0.0,0.0,13.0,3.000000142492354,3.016000143252313,14.000000208616257,-70.0,0.0,0.0,-8.557242393493652,0.0,0.0,0.0,1.0,52.0,1050.0,-54.0,98.0,0.0,11.0,0.0,0.0,11.0,10.0,1912.0,103.91304016113281,0.0,0.0,0.0,0.0,0.0,0.0,0.0,0.0,0.0,0.0,0.0,0.0,0.0,0.0,0.0,0.0,13.0,0.0,0.0,0.0,2.0,0
65.46800231933594,5.0,1101.0,39.0,42939.0,0.0,0.0,0.0,44.0,66.0,9.0,0.0,100.0,100.0,100.0,103.0,100.0,103.0,100.0,50.0,50.0,0.0,2.732000129763037,2.732000129763037,2.732000129763037,2.732000129763037,14.70000021904707,1.0,2.5066099166870117,0.0,0.0,13.0,3.000000142492354,3.0260001437272877,14.000000208616257,-30.0,0.0,0.0,-8.557242393493652,0.0,0.0,0.0,1.0,52.0,1050.0,-51.0,98.0,0.0,11.0,0.0,0.0,11.0,10.0,1912.0,104.19618225097656,0.0,0.0,0.0,0.0,0.0,0.0,0.0,0.0,0.0,0.0,0.0,0.0,0.0,0.0,0.0,0.0,13.0,0.0,0.0,0.0,2.0,0
65.53600311279297,5.0,1096.0,39.0,42744.0,0.0,0.0,0.0,44.0,66.0,9.0,0.0,100.0,100.0,100.0,103.0,100.0,103.0,100.0,50.0,50.0,0.0,2.732000129763037,2.732000129763037,2.732000129763037,2.732000129763037,14.70000021904707,1.0,2.4952266216278076,0.0,0.0,13.0,3.000000142492354,3.0190001433948055,14.000000208616257,-50.0,0.0,0.0,-8.557242393493652,0.0,0.0,0.0,1.0,53.0,1050.0,-46.0,98.0,0.0,11.0,0.0,0.0,11.0,10.0,1912.0,104.6715316772461,0.0,0.0,0.0,0.0,0.0,0.0,0.0,0.0,0.0,0.0,0.0,0.0,0.0,0.0,0.0,0.0,13.0,0.0,0.0,0.0,2.0,0
65.60199737548828,5.0,1096.0,39.0,42744.0,0.0,0.0,0.0,44.0,66.0,9.0,0.0,100.0,100.0,100.0,103.0,100.0,103.0,100.0,50.0,50.0,0.0,2.732000129763037,2.732000129763037,2.732000129763037,2.732000129763037,14.70000021904707,1.0,2.4952266216278076,0.0,0.0,13.0,3.000000142492354,3.020000143442303,14.000000208616257,-50.0,0.0,0.0,-8.557242393493652,0.0,0.0,0.0,1.0,53.0,1050.0,-46.0,98.0,0.0,11.0,0.0,0.0,11.0,10.0,1912.0,104.6715316772461,0.0,0.0,0.0,0.0,0.0,0.0,0.0,0.0,0.0,0.0,0.0,0.0,0.0,0.0,0.0,0.0,13.0,0.0,0.0,0.0,2.0,0
65.66699981689453,5.0,1093.0,39.0,42627.0,0.0,0.0,0.0,44.0,66.0,9.0,0.0,100.0,100.0,100.0,103.0,100.0,103.0,100.0,50.0,50.0,0.0,2.732000129763037,2.732000129763037,2.732000129763037,2.732000129763037,14.70000021904707,1.0,2.488396644592285,0.0,0.0,13.0,3.000000142492354,3.067000145674683,14.000000208616257,-30.0,0.0,0.0,-8.557242393493652,0.0,0.0,0.0,1.0,53.0,1050.0,-43.0,98.0,0.0,11.0,0.0,0.0,11.0,10.0,1912.0,104.95883178710938,0.0,0.0,0.0,0.0,0.0,0.0,0.0,0.0,0.0,0.0,0.0,0.0,0.0,0.0,0.0,0.0,13.0,0.0,0.0,0.0,2.0,0
65.66699981689453,5.0,1092.0,39.0,42588.0,0.0,0.0,0.0,44.0,66.0,9.0,0.0,100.0,100.0,100.0,103.0,100.0,103.0,100.0,50.0,50.0,0.0,2.732000129763037,2.732000129763037,2.732000129763037,2.732000129763037,14.70000021904707,1.0,2.4861199855804443,0.0,0.0,13.0,3.000000142492354,3.016000143252313,14.000000208616257,-30.0,0.0,0.0,-8.557242393493652,0.0,0.0,0.0,1.0,53.0,1050.0,-42.0,98.0,0.0,11.0,0.0,0.0,11.0,10.0,1912.0,105.05494689941406,0.0,0.0,0.0,0.0,0.0,0.0,0.0,0.0,0.0,0.0,0.0,0.0,0.0,0.0,0.0,0.0,13.0,0.0,0.0,0.0,2.0,0
65.802001953125,5.0,1092.0,39.0,42588.0,0.0,0.0,0.0,44.0,66.0,9.0,0.0,100.0,100.0,100.0,103.0,100.0,103.0,100.0,50.0,50.0,0.0,2.732000129763037,2.732000129763037,2.732000129763037,2.732000129763037,14.70000021904707,1.0,2.4861199855804443,0.0,0.0,13.0,3.000000142492354,3.027000143774785,14.000000208616257,-10.0,0.0,0.0,-8.557242393493652,0.0,0.0,0.0,1.0,53.0,1050.0,-42.0,98.0,0.0,11.0,0.0,0.0,11.0,10.0,1912.0,105.05494689941406,0.0,0.0,0.0,0.0,0.0,0.0,0.0,0.0,0.0,0.0,0.0,0.0,0.0,0.0,0.0,0.0,13.0,0.0,0.0,0.0,2.0,0
65.86799621582031,5.0,1100.0,40.0,44000.0,0.0,0.0,0.0,44.0,66.0,9.0,0.0,100.0,100.0,100.0,103.0,100.0,103.0,100.0,50.0,50.0,0.0,2.768000131472945,2.768000131472945,2.768000131472945,2.768000131472945,14.70000021904707,1.0,2.5373332500457764,0.0,0.0,13.0,3.000000142492354,3.0190001433948055,14.000000208616257,0.0,0.0,0.0,-8.412203788757324,0.0,0.0,0.0,1.0,53.0,1050.0,-50.0,98.0,0.0,11.0,0.0,0.0,11.0,10.0,1912.0,104.29090881347656,0.0,0.0,0.0,0.0,0.0,0.0,0.0,0.0,0.0,0.0,0.0,0.0,0.0,0.0,0.0,0.0,13.0,0.0,0.0,0.0,2.0,0
65.93399810791016,5.0,1100.0,40.0,44000.0,0.0,0.0,0.0,44.0,66.0,9.0,0.0,100.0,100.0,100.0,103.0,100.0,103.0,100.0,50.0,50.0,0.0,2.768000131472945,2.768000131472945,2.768000131472945,2.768000131472945,14.70000021904707,1.0,2.5373332500457764,0.0,0.0,13.0,3.000000142492354,3.016000143252313,14.000000208616257,0.0,0.0,0.0,-8.412203788757324,0.0,0.0,0.0,1.0,53.0,1050.0,-50.0,98.0,0.0,11.0,0.0,0.0,11.0,10.0,1912.0,104.29090881347656,0.0,0.0,0.0,0.0,0.0,0.0,0.0,0.0,0.0,0.0,0.0,0.0,0.0,0.0,0.0,0.0,13.0,0.0,0.0,0.0,2.0,0
66.0,5.0,1099.0,40.0,43960.0,0.0,0.0,0.0,44.0,66.0,9.0,0.0,100.0,100.0,100.0,103.0,100.0,103.0,100.0,50.0,50.0,0.0,2.768000131472945,2.768000131472945,2.768000131472945,2.768000131472945,14.70000021904707,1.0,2.5350265502929688,0.0,0.0,13.0,3.000000142492354,3.020000143442303,14.000000208616257,80.0,0.0,0.0,-8.412203788757324,0.0,0.0,0.0,1.0,53.0,1050.0,-49.0,98.0,0.0,11.0,0.0,0.0,11.0,10.0,1912.0,104.38580322265625,0.0,0.0,0.0,0.0,0.0,0.0,0.0,0.0,0.0,0.0,0.0,0.0,0.0,0.0,0.0,0.0,13.0,0.0,0.0,0.0,2.0,0
66.06999969482422,5.0,1099.0,40.0,43960.0,0.0,0.0,0.0,44.0,66.0,9.0,0.0,100.0,100.0,100.0,103.0,100.0,103.0,100.0,50.0,50.0,0.0,2.768000131472945,2.768000131472945,2.768000131472945,2.768000131472945,14.70000021904707,1.0,2.5350265502929688,0.0,0.0,13.0,3.000000142492354,3.016000143252313,14.000000208616257,-10.0,0.0,0.0,-8.412203788757324,0.0,0.0,0.0,1.0,53.0,1050.0,-49.0,98.0,0.0,11.0,0.0,0.0,11.0,10.0,1912.0,104.38580322265625,0.0,0.0,0.0,0.0,0.0,0.0,0.0,0.0,0.0,0.0,0.0,0.0,0.0,0.0,0.0,0.0,13.0,0.0,0.0,0.0,2.0,0
66.13400268554688,5.0,1099.0,40.0,43960.0,0.0,0.0,0.0,44.0,66.0,9.0,0.0,100.0,100.0,100.0,103.0,100.0,103.0,100.0,50.0,50.0,0.0,2.768000131472945,2.768000131472945,2.768000131472945,2.768000131472945,14.70000021904707,1.0,2.5350265502929688,0.0,0.0,13.0,3.000000142492354,3.031000143964775,14.000000208616257,-10.0,0.0,0.0,-8.412203788757324,0.0,0.0,0.0,1.0,53.0,1050.0,-49.0,98.0,0.0,11.0,0.0,0.0,11.0,10.0,1912.0,104.38580322265625,0.0,0.0,0.0,0.0,0.0,0.0,0.0,0.0,0.0,0.0,0.0,0.0,0.0,0.0,0.0,0.0,13.0,0.0,0.0,0.0,2.0,0
66.1989974975586,5.0,1099.0,40.0,43960.0,0.0,0.0,0.0,44.0,66.0,9.0,0.0,100.0,100.0,100.0,103.0,100.0,103.0,100.0,50.0,50.0,0.0,2.768000131472945,2.768000131472945,2.768000131472945,2.768000131472945,14.70000021904707,1.0,2.5350265502929688,0.0,0.0,13.0,3.000000142492354,3.107000147574581,14.000000208616257,0.0,0.0,0.0,-8.412203788757324,0.0,0.0,0.0,1.0,52.0,1050.0,-49.0,98.0,0.0,11.0,0.0,0.0,11.0,10.0,1912.0,104.38580322265625,0.0,0.0,0.0,0.0,0.0,0.0,0.0,0.0,0.0,0.0,0.0,0.0,0.0,0.0,0.0,0.0,13.0,0.0,0.0,0.0,2.0,0
66.26599884033203,5.0,1099.0,40.0,43960.0,0.0,0.0,0.0,44.0,66.0,9.0,0.0,100.0,100.0,100.0,103.0,100.0,103.0,100.0,50.0,50.0,0.0,2.768000131472945,2.768000131472945,2.768000131472945,2.768000131472945,14.70000021904707,1.0,2.5350265502929688,0.0,0.0,13.0,3.000000142492354,3.0170001432998106,14.000000208616257,0.0,0.0,0.0,-8.412203788757324,0.0,0.0,0.0,1.0,52.0,1050.0,-49.0,98.0,0.0,11.0,0.0,0.0,11.0,10.0,1912.0,104.38580322265625,0.0,0.0,0.0,0.0,0.0,0.0,0.0,0.0,0.0,0.0,0.0,0.0,0.0,0.0,0.0,0.0,13.0,0.0,0.0,0.0,2.0,0
66.33499908447266,5.0,1100.0,39.0,42900.0,0.0,0.0,0.0,44.0,66.0,9.0,0.0,100.0,100.0,100.0,103.0,100.0,103.0,100.0,50.0,50.0,0.0,2.732000129763037,2.732000129763037,2.732000129763037,2.732000129763037,14.70000021904707,1.0,2.504333257675171,0.0,0.0,13.0,3.000000142492354,3.104000147432089,14.000000208616257,0.0,0.0,0.0,-8.557242393493652,0.0,0.0,0.0,1.0,52.0,1050.0,-50.0,98.0,0.0,11.0,0.0,0.0,11.0,10.0,1912.0,104.29090881347656,0.0,0.0,0.0,0.0,0.0,0.0,0.0,0.0,0.0,0.0,0.0,0.0,0.0,0.0,0.0,0.0,13.0,0.0,0.0,0.0,2.0,0
66.4000015258789,6.0,1103.0,39.0,43017.0,0.0,0.0,0.0,44.0,66.0,9.0,0.0,100.0,100.0,100.0,103.0,100.0,103.0,100.0,50.0,50.0,0.0,2.732000129763037,2.732000129763037,2.732000129763037,2.732000129763037,14.70000021904707,1.0,2.5111632347106934,0.0,0.0,13.0,3.000000142492354,2.9590001405449584,14.000000208616257,10.0,0.0,0.0,-8.557242393493652,0.0,0.0,0.0,1.0,52.0,1050.0,-53.0,98.0,0.0,11.0,0.0,0.0,11.0,10.0,1903.0,103.5176773071289,0.0,0.0,0.0,0.0,0.0,0.0,0.0,0.0,0.0,0.0,0.0,0.0,0.0,0.0,0.0,0.0,13.0,0.0,0.0,0.0,2.0,0
66.46600341796875,6.0,1103.0,39.0,43017.0,0.0,0.0,0.0,44.0,66.0,9.0,0.0,100.0,100.0,100.0,103.0,100.0,103.0,100.0,50.0,50.0,0.0,2.732000129763037,2.732000129763037,2.732000129763037,2.732000129763037,14.70000021904707,1.0,2.5111632347106934,0.0,0.0,13.0,3.000000142492354,3.018000143347308,14.000000208616257,30.0,0.0,0.0,-8.557242393493652,0.0,0.0,0.0,1.0,50.0,1050.0,-53.0,98.0,0.0,11.0,0.0,0.0,11.0,10.0,1903.0,103.5176773071289,0.0,0.0,0.0,0.0,0.0,0.0,0.0,0.0,0.0,0.0,0.0,0.0,0.0,0.0,0.0,0.0,13.0,0.0,0.0,0.0,2.0,0
66.53500366210938,6.0,1104.0,39.0,43056.0,0.0,0.0,0.0,44.0,66.0,9.0,0.0,100.0,100.0,100.0,103.0,100.0,103.0,100.0,50.0,50.0,0.0,2.732000129763037,2.732000129763037,2.732000129763037,2.732000129763037,14.70000021904707,1.0,2.513439893722534,0.0,0.0,13.0,3.000000142492354,3.0080001428723335,14.000000208616257,30.0,0.0,0.0,-8.557242393493652,0.0,0.0,0.0,1.0,50.0,1050.0,-54.0,98.0,0.0,11.0,0.0,0.0,11.0,10.0,1903.0,103.42391204833984,0.0,0.0,0.0,0.0,0.0,0.0,0.0,0.0,0.0,0.0,0.0,0.0,0.0,0.0,0.0,0.0,13.0,0.0,0.0,0.0,2.0,0
66.60099792480469,6.0,1104.0,39.0,43056.0,0.0,0.0,0.0,44.0,66.0,9.0,0.0,100.0,100.0,100.0,103.0,100.0,103.0,100.0,50.0,50.0,0.0,2.732000129763037,2.732000129763037,2.732000129763037,2.732000129763037,14.70000021904707,1.0,2.513439893722534,0.0,0.0,13.0,3.000000142492354,3.0150001432048157,14.000000208616257,10.0,0.0,0.0,-8.557242393493652,0.0,0.0,0.0,1.0,50.0,1050.0,-54.0,98.0,0.0,11.0,0.0,0.0,11.0,10.0,1903.0,103.42391204833984,0.0,0.0,0.0,0.0,0.0,0.0,0.0,0.0,0.0,0.0,0.0,0.0,0.0,0.0,0.0,0.0,13.0,0.0,0.0,0.0,2.0,0
66.66699981689453,6.0,1103.0,39.0,43017.0,0.0,0.0,0.0,44.0,66.0,9.0,0.0,100.0,100.0,100.0,103.0,100.0,103.0,100.0,50.0,50.0,0.0,2.732000129763037,2.732000129763037,2.732000129763037,2.732000129763037,14.70000021904707,1.0,2.5111632347106934,0.0,0.0,13.0,3.000000142492354,3.144000149331987,14.000000208616257,-10.0,0.0,0.0,-8.557242393493652,0.0,0.0,0.0,1.0,50.0,1050.0,-53.0,98.0,0.0,11.0,0.0,0.0,11.0,10.0,1903.0,103.5176773071289,0.0,0.0,0.0,0.0,0.0,0.0,0.0,0.0,0.0,0.0,0.0,0.0,0.0,0.0,0.0,0.0,13.0,0.0,0.0,0.0,2.0,0
66.73200225830078,6.0,1099.0,39.0,42861.0,0.0,0.0,0.0,44.0,66.0,9.0,0.0,100.0,100.0,100.0,103.0,100.0,103.0,100.0,50.0,50.0,0.0,2.732000129763037,2.732000129763037,2.732000129763037,2.732000129763037,14.70000021904707,1.0,2.50205659866333,0.0,0.0,13.0,3.000000142492354,2.9520001402124763,14.000000208616257,-10.0,0.0,0.0,-8.557242393493652,0.0,0.0,0.0,1.0,50.0,1050.0,-49.0,98.0,0.0,11.0,0.0,0.0,11.0,10.0,1903.0,103.89444732666016,0.0,0.0,0.0,0.0,0.0,0.0,0.0,0.0,0.0,0.0,0.0,0.0,0.0,0.0,0.0,0.0,13.0,0.0,0.0,0.0,2.0,0
66.802001953125,6.0,1099.0,39.0,42861.0,0.0,0.0,0.0,44.0,66.0,9.0,0.0,100.0,100.0,100.0,103.0,100.0,103.0,100.0,50.0,50.0,0.0,2.732000129763037,2.732000129763037,2.732000129763037,2.732000129763037,14.70000021904707,1.0,2.50205659866333,0.0,0.0,13.0,3.000000142492354,3.027000143774785,14.000000208616257,-40.0,0.0,0.0,-8.557242393493652,0.0,0.0,0.0,1.0,50.0,1050.0,-49.0,98.0,0.0,11.0,0.0,0.0,11.0,10.0,1903.0,103.89444732666016,0.0,0.0,0.0,0.0,0.0,0.0,0.0,0.0,0.0,0.0,0.0,0.0,0.0,0.0,0.0,0.0,13.0,0.0,0.0,0.0,2.0,0
66.86799621582031,6.0,1094.0,39.0,42666.0,0.0,0.0,0.0,44.0,66.0,9.0,0.0,100.0,100.0,100.0,103.0,100.0,103.0,100.0,50.0,50.0,0.0,2.732000129763037,2.732000129763037,2.732000129763037,2.732000129763037,14.70000021904707,1.0,2.490673303604126,0.0,0.0,13.0,3.000000142492354,3.107000147574581,14.000000208616257,-50.0,0.0,0.0,-8.557242393493652,0.0,0.0,0.0,1.0,50.0,1050.0,-44.0,98.0,0.0,11.0,0.0,0.0,11.0,10.0,1903.0,104.3692855834961,0.0,0.0,0.0,0.0,0.0,0.0,0.0,0.0,0.0,0.0,0.0,0.0,0.0,0.0,0.0,0.0,13.0,0.0,0.0,0.0,2.0,0
66.93299865722656,6.0,1091.0,39.0,42549.0,0.0,0.0,0.0,44.0,66.0,9.0,0.0,100.0,100.0,100.0,103.0,100.0,103.0,100.0,50.0,50.0,0.0,2.732000129763037,2.732000129763037,2.732000129763037,2.732000129763037,14.70000021904707,1.0,2.4838433265686035,0.0,0.0,13.0,3.000000142492354,3.0170001432998106,14.000000208616257,-50.0,0.0,0.0,-8.557242393493652,0.0,0.0,0.0,1.0,50.0,1050.0,-41.0,98.0,0.0,11.0,0.0,0.0,11.0,10.0,1903.0,104.65628051757812,0.0,0.0,0.0,0.0,0.0,0.0,0.0,0.0,0.0,0.0,0.0,0.0,0.0,0.0,0.0,0.0,13.0,0.0,0.0,0.0,2.0,0
66.9990005493164,6.0,1091.0,39.0,42549.0,0.0,0.0,0.0,44.0,66.0,9.0,0.0,100.0,100.0,100.0,103.0,100.0,103.0,100.0,50.0,50.0,0.0,2.732000129763037,2.732000129763037,2.732000129763037,2.732000129763037,14.70000021904707,1.0,2.4838433265686035,0.0,0.0,13.0,3.000000142492354,3.0320001440122724,14.000000208616257,-30.0,0.0,0.0,-8.557242393493652,0.0,0.0,0.0,1.0,50.0,1050.0,-41.0,98.0,0.0,11.0,0.0,0.0,11.0,10.0,1903.0,104.65628051757812,0.0,0.0,0.0,0.0,0.0,0.0,0.0,0.0,0.0,0.0,0.0,0.0,0.0,0.0,0.0,0.0,13.0,0.0,0.0,0.0,2.0,0
67.06800079345703,6.0,1085.0,39.0,42315.0,0.0,0.0,0.0,44.0,66.0,9.0,0.0,100.0,100.0,100.0,103.0,100.0,103.0,100.0,50.0,50.0,0.0,2.732000129763037,2.732000129763037,2.732000129763037,2.732000129763037,14.70000021904707,1.0,2.4701833724975586,0.0,0.0,13.0,3.000000142492354,3.051000144914724,14.000000208616257,-60.0,0.0,0.0,-8.557242393493652,0.0,0.0,0.0,1.0,52.0,1050.0,-35.0,98.0,0.0,11.0,0.0,0.0,11.0,10.0,1903.0,105.23502349853516,0.0,0.0,0.0,0.0,0.0,0.0,0.0,0.0,0.0,0.0,0.0,0.0,0.0,0.0,0.0,0.0,13.0,0.0,0.0,0.0,2.0,0
67.13400268554688,6.0,1085.0,39.0,42315.0,0.0,0.0,0.0,44.0,66.0,9.0,0.0,100.0,100.0,100.0,103.0,100.0,103.0,100.0,50.0,50.0,0.0,2.732000129763037,2.732000129763037,2.732000129763037,2.732000129763037,14.70000021904707,1.0,2.4701833724975586,0.0,0.0,13.0,3.000000142492354,3.0300001439172775,14.000000208616257,-60.0,0.0,0.0,-8.557242393493652,0.0,0.0,0.0,1.0,52.0,1050.0,-35.0,98.0,0.0,11.0,0.0,0.0,11.0,10.0,1903.0,105.23502349853516,0.0,0.0,0.0,0.0,0.0,0.0,0.0,0.0,0.0,0.0,0.0,0.0,0.0,0.0,0.0,0.0,13.0,0.0,0.0,0.0,2.0,0
67.1989974975586,6.0,1086.0,39.0,42354.0,0.0,0.0,0.0,44.0,66.0,9.0,0.0,100.0,100.0,100.0,103.0,100.0,103.0,100.0,50.0,50.0,0.0,2.732000129763037,2.732000129763037,2.732000129763037,2.732000129763037,14.70000021904707,1.0,2.4724600315093994,0.0,0.0,13.0,3.000000142492354,3.1030001473845914,14.000000208616257,10.0,0.0,0.0,-8.557242393493652,0.0,0.0,0.0,1.0,52.0,1050.0,-36.0,98.0,0.0,11.0,0.0,0.0,11.0,10.0,1903.0,105.13812255859375,0.0,0.0,0.0,0.0,0.0,0.0,0.0,0.0,0.0,0.0,0.0,0.0,0.0,0.0,0.0,0.0,13.0,0.0,0.0,0.0,2.0,0
67.26399993896484,6.0,1088.0,39.0,42432.0,0.0,0.0,0.0,44.0,66.0,9.0,0.0,100.0,100.0,100.0,103.0,100.0,103.0,100.0,50.0,50.0,0.0,2.732000129763037,2.732000129763037,2.732000129763037,2.732000129763037,14.70000021904707,1.0,2.477013349533081,0.0,0.0,13.0,3.000000142492354,3.0170001432998106,14.000000208616257,0.0,0.0,0.0,-8.557242393493652,0.0,0.0,0.0,1.0,52.0,1050.0,-38.0,98.0,0.0,11.0,0.0,0.0,11.0,10.0,1903.0,104.94485473632812,0.0,0.0,0.0,0.0,0.0,0.0,0.0,0.0,0.0,0.0,0.0,0.0,0.0,0.0,0.0,0.0,13.0,0.0,0.0,0.0,2.0,0
67.33399963378906,6.0,1088.0,39.0,42432.0,0.0,0.0,0.0,44.0,66.0,9.0,0.0,100.0,100.0,100.0,103.0,100.0,103.0,100.0,50.0,50.0,0.0,2.732000129763037,2.732000129763037,2.732000129763037,2.732000129763037,14.70000021904707,1.0,2.477013349533081,0.0,0.0,13.0,3.000000142492354,3.0260001437272877,14.000000208616257,0.0,0.0,0.0,-8.557242393493652,0.0,0.0,0.0,1.0,52.0,1050.0,-38.0,98.0,0.0,11.0,0.0,0.0,11.0,10.0,1903.0,104.94485473632812,0.0,0.0,0.0,0.0,0.0,0.0,0.0,0.0,0.0,0.0,0.0,0.0,0.0,0.0,0.0,0.0,13.0,0.0,0.0,0.0,2.0,0
67.4000015258789,7.0,1086.0,39.0,42354.0,0.0,0.0,0.0,44.0,66.0,9.0,0.0,100.0,100.0,100.0,103.0,100.0,103.0,100.0,50.0,50.0,0.0,2.732000129763037,2.732000129763037,2.732000129763037,2.732000129763037,14.70000021904707,1.0,2.4724600315093994,0.0,0.0,13.0,3.000000142492354,3.104000147432089,14.000000208616257,20.0,0.0,0.0,-8.557242393493652,0.0,0.0,0.0,1.0,50.0,1050.0,-36.0,98.0,0.0,11.0,0.0,0.0,11.0,10.0,1909.0,105.46961212158203,0.0,0.0,0.0,0.0,0.0,0.0,0.0,0.0,0.0,0.0,0.0,0.0,0.0,0.0,0.0,0.0,13.0,0.0,0.0,0.0,2.0,0
67.46600341796875,7.0,1086.0,39.0,42354.0,0.0,0.0,0.0,44.0,66.0,9.0,0.0,100.0,100.0,100.0,103.0,100.0,103.0,100.0,50.0,50.0,0.0,2.732000129763037,2.732000129763037,2.732000129763037,2.732000129763037,14.70000021904707,1.0,2.4724600315093994,0.0,0.0,13.0,3.000000142492354,3.018000143347308,14.000000208616257,-20.0,0.0,0.0,-8.557242393493652,0.0,0.0,0.0,1.0,50.0,1050.0,-36.0,98.0,0.0,11.0,0.0,0.0,11.0,10.0,1909.0,105.46961212158203,0.0,0.0,0.0,0.0,0.0,0.0,0.0,0.0,0.0,0.0,0.0,0.0,0.0,0.0,0.0,0.0,13.0,0.0,0.0,0.0,2.0,0
67.53500366210938,7.0,1090.0,39.0,42510.0,0.0,0.0,0.0,44.0,66.0,9.0,0.0,100.0,100.0,100.0,103.0,100.0,103.0,100.0,50.0,50.0,0.0,2.732000129763037,2.732000129763037,2.732000129763037,2.732000129763037,14.70000021904707,1.0,2.4815666675567627,0.0,0.0,13.0,3.000000142492354,3.1680001504719257,14.000000208616257,-20.0,0.0,0.0,-8.557242393493652,0.0,0.0,0.0,1.0,50.0,1050.0,-40.0,98.0,0.0,11.0,0.0,0.0,11.0,10.0,1909.0,105.08256530761719,0.0,0.0,0.0,0.0,0.0,0.0,0.0,0.0,0.0,0.0,0.0,0.0,0.0,0.0,0.0,0.0,13.0,0.0,0.0,0.0,2.0,0
67.60099792480469,7.0,1094.0,39.0,42666.0,0.0,0.0,0.0,44.0,66.0,9.0,0.0,100.0,100.0,100.0,103.0,100.0,103.0,100.0,50.0,50.0,0.0,2.732000129763037,2.732000129763037,2.732000129763037,2.732000129763037,14.70000021904707,1.0,2.490673303604126,0.0,0.0,13.0,3.000000142492354,2.934000139357522,14.000000208616257,40.0,0.0,0.0,-8.557242393493652,0.0,0.0,0.0,1.0,50.0,1050.0,-44.0,98.0,0.0,11.0,0.0,0.0,11.0,10.0,1909.0,104.69835662841797,0.0,0.0,0.0,0.0,0.0,0.0,0.0,0.0,0.0,0.0,0.0,0.0,0.0,0.0,0.0,0.0,13.0,0.0,0.0,0.0,2.0,0
67.6709976196289,7.0,1094.0,39.0,42666.0,0.0,0.0,0.0,44.0,66.0,9.0,0.0,100.0,100.0,100.0,103.0,100.0,103.0,100.0,50.0,50.0,0.0,2.732000129763037,2.732000129763037,2.732000129763037,2.732000129763037,14.70000021904707,1.0,2.490673303604126,0.0,0.0,13.0,3.000000142492354,3.0350001441547647,14.000000208616257,40.0,0.0,0.0,-8.557242393493652,0.0,0.0,0.0,1.0,49.0,1050.0,-44.0,98.0,0.0,11.0,0.0,0.0,11.0,10.0,1909.0,104.69835662841797,0.0,0.0,0.0,0.0,0.0,0.0,0.0,0.0,0.0,0.0,0.0,0.0,0.0,0.0,0.0,0.0,13.0,0.0,0.0,0.0,2.0,0
67.73600006103516,7.0,1085.0,39.0,42315.0,0.0,0.0,0.0,44.0,66.0,9.0,0.0,100.0,100.0,100.0,103.0,100.0,103.0,100.0,50.0,50.0,0.0,2.732000129763037,2.732000129763037,2.732000129763037,2.732000129763037,14.70000021904707,1.0,2.4701833724975586,0.0,0.0,13.0,3.000000142492354,3.0790001462446526,14.000000208616257,40.0,0.0,0.0,-8.557242393493652,0.0,0.0,0.0,1.0,49.0,1050.0,-35.0,98.0,0.0,11.0,0.0,0.0,11.0,10.0,1909.0,105.56681823730469,0.0,0.0,0.0,0.0,0.0,0.0,0.0,0.0,0.0,0.0,0.0,0.0,0.0,0.0,0.0,0.0,13.0,0.0,0.0,0.0,2.0,0
67.8010025024414,7.0,1085.0,39.0,42315.0,0.0,0.0,0.0,44.0,66.0,9.0,0.0,100.0,100.0,100.0,103.0,100.0,103.0,100.0,50.0,50.0,0.0,2.732000129763037,2.732000129763037,2.732000129763037,2.732000129763037,14.70000021904707,1.0,2.4701833724975586,0.0,0.0,13.0,3.000000142492354,3.0170001432998106,14.000000208616257,-90.0,0.0,0.0,-8.557242393493652,0.0,0.0,0.0,1.0,49.0,1050.0,-35.0,98.0,0.0,11.0,0.0,0.0,11.0,10.0,1909.0,105.56681823730469,0.0,0.0,0.0,0.0,0.0,0.0,0.0,0.0,0.0,0.0,0.0,0.0,0.0,0.0,0.0,0.0,13.0,0.0,0.0,0.0,2.0,0
67.86599731445312,7.0,1092.0,39.0,42588.0,0.0,0.0,0.0,44.0,66.0,9.0,0.0,100.0,100.0,100.0,103.0,100.0,103.0,100.0,50.0,50.0,0.0,2.732000129763037,2.732000129763037,2.732000129763037,2.732000129763037,14.70000021904707,1.0,2.4861199855804443,0.0,0.0,13.0,3.000000142492354,3.1140001479070634,14.000000208616257,-90.0,0.0,0.0,-8.557242393493652,0.0,0.0,0.0,1.0,49.0,1050.0,-42.0,98.0,0.0,11.0,0.0,0.0,11.0,10.0,1909.0,104.89010620117188,0.0,0.0,0.0,0.0,0.0,0.0,0.0,0.0,0.0,0.0,0.0,0.0,0.0,0.0,0.0,0.0,13.0,0.0,0.0,0.0,2.0,0
67.93299865722656,7.0,1090.0,39.0,42510.0,0.0,0.0,0.0,44.0,66.0,9.0,0.0,100.0,100.0,100.0,103.0,100.0,103.0,100.0,50.0,50.0,0.0,2.732000129763037,2.732000129763037,2.732000129763037,2.732000129763037,14.70000021904707,1.0,2.4815666675567627,0.0,0.0,13.0,3.000000142492354,2.9730001412099227,14.000000208616257,70.0,0.0,0.0,-8.557242393493652,0.0,0.0,0.0,1.0,49.0,1050.0,-40.0,98.0,0.0,11.0,0.0,0.0,11.0,10.0,1909.0,105.08256530761719,0.0,0.0,0.0,0.0,0.0,0.0,0.0,0.0,0.0,0.0,0.0,0.0,0.0,0.0,0.0,0.0,13.0,0.0,0.0,0.0,2.0,0
67.99800109863281,7.0,1090.0,39.0,42510.0,0.0,0.0,0.0,44.0,66.0,9.0,0.0,100.0,100.0,100.0,103.0,100.0,103.0,100.0,50.0,50.0,0.0,2.732000129763037,2.732000129763037,2.732000129763037,2.732000129763037,14.70000021904707,1.0,2.4815666675567627,0.0,0.0,13.0,3.000000142492354,3.0350001441547647,14.000000208616257,-20.0,0.0,0.0,-8.557242393493652,0.0,0.0,0.0,1.0,49.0,1050.0,-40.0,98.0,0.0,11.0,0.0,0.0,11.0,10.0,1909.0,105.08256530761719,0.0,0.0,0.0,0.0,0.0,0.0,0.0,0.0,0.0,0.0,0.0,0.0,0.0,0.0,0.0,0.0,13.0,0.0,0.0,0.0,2.0,0
68.06400299072266,7.0,1086.0,39.0,42354.0,0.0,0.0,0.0,44.0,66.0,9.0,0.0,100.0,100.0,100.0,103.0,100.0,103.0,100.0,50.0,50.0,0.0,2.732000129763037,2.732000129763037,2.732000129763037,2.732000129763037,14.70000021904707,1.0,2.4724600315093994,0.0,0.0,13.0,3.000000142492354,3.146000149426982,14.000000208616257,-20.0,0.0,0.0,-8.557242393493652,0.0,0.0,0.0,1.0,49.0,1050.0,-36.0,98.0,0.0,11.0,0.0,0.0,11.0,10.0,1909.0,105.46961212158203,0.0,0.0,0.0,0.0,0.0,0.0,0.0,0.0,0.0,0.0,0.0,0.0,0.0,0.0,0.0,0.0,13.0,0.0,0.0,0.0,2.0,0
68.13300323486328,7.0,1086.0,39.0,42354.0,0.0,0.0,0.0,44.0,66.0,9.0,0.0,100.0,100.0,100.0,103.0,100.0,103.0,100.0,50.0,50.0,0.0,2.732000129763037,2.732000129763037,2.732000129763037,2.732000129763037,14.70000021904707,1.0,2.4724600315093994,0.0,0.0,13.0,3.000000142492354,3.0170001432998106,14.000000208616257,-40.0,0.0,0.0,-8.557242393493652,0.0,0.0,0.0,1.0,49.0,1050.0,-36.0,98.0,0.0,11.0,0.0,0.0,11.0,10.0,1909.0,105.46961212158203,0.0,0.0,0.0,0.0,0.0,0.0,0.0,0.0,0.0,0.0,0.0,0.0,0.0,0.0,0.0,0.0,13.0,0.0,0.0,0.0,2.0,0
68.197998046875,7.0,1083.0,39.0,42237.0,0.0,0.0,0.0,44.0,66.0,9.0,0.0,100.0,100.0,100.0,103.0,100.0,103.0,100.0,50.0,50.0,0.0,2.732000129763037,2.732000129763037,2.732000129763037,2.732000129763037,14.70000021904707,1.0,2.465630054473877,0.0,0.0,13.0,3.000000142492354,3.049000144819729,14.000000208616257,-30.0,0.0,0.0,-8.557242393493652,0.0,0.0,0.0,1.0,49.0,1050.0,-33.0,98.0,0.0,11.0,0.0,0.0,11.0,10.0,1909.0,105.76177215576172,0.0,0.0,0.0,0.0,0.0,0.0,0.0,0.0,0.0,0.0,0.0,0.0,0.0,0.0,0.0,0.0,13.0,0.0,0.0,0.0,2.0,0
68.26399993896484,7.0,1077.0,39.0,42003.0,0.0,0.0,0.0,44.0,66.0,9.0,0.0,100.0,100.0,100.0,103.0,100.0,103.0,100.0,50.0,50.0,0.0,2.732000129763037,2.732000129763037,2.732000129763037,2.732000129763037,14.70000021904707,1.0,2.451970100402832,0.0,0.0,13.0,3.000000142492354,2.991000142064877,14.000000208616257,-30.0,0.0,0.0,-8.557242393493652,0.0,0.0,0.0,1.0,49.0,1050.0,-27.0,98.0,0.0,11.0,0.0,0.0,11.0,10.0,1909.0,106.3509750366211,0.0,0.0,0.0,0.0,0.0,0.0,0.0,0.0,0.0,0.0,0.0,0.0,0.0,0.0,0.0,0.0,13.0,0.0,0.0,0.0,2.0,0
68.33300018310547,7.0,1077.0,39.0,42003.0,0.0,0.0,0.0,44.0,66.0,9.0,0.0,100.0,100.0,100.0,103.0,100.0,103.0,100.0,50.0,50.0,0.0,2.732000129763037,2.732000129763037,2.732000129763037,2.732000129763037,14.70000021904707,1.0,2.451970100402832,0.0,0.0,13.0,3.000000142492354,3.0190001433948055,14.000000208616257,-60.0,0.0,0.0,-8.557242393493652,0.0,0.0,0.0,1.0,51.0,1050.0,-27.0,98.0,0.0,11.0,0.0,0.0,11.0,10.0,1909.0,106.3509750366211,0.0,0.0,0.0,0.0,0.0,0.0,0.0,0.0,0.0,0.0,0.0,0.0,0.0,0.0,0.0,0.0,13.0,0.0,0.0,0.0,2.0,0
68.39900207519531,8.0,1080.0,39.0,42120.0,0.0,0.0,0.0,44.0,66.0,9.0,0.0,100.0,100.0,100.0,103.0,100.0,103.0,100.0,50.0,50.0,0.0,2.732000129763037,2.732000129763037,2.732000129763037,2.732000129763037,14.70000021904707,1.0,2.4588000774383545,0.0,0.0,13.0,3.000000142492354,2.9660001408774406,14.000000208616257,30.0,0.0,0.0,-8.557242393493652,0.0,0.0,0.0,1.0,51.0,1050.0,-30.0,98.0,0.0,11.0,0.0,0.0,11.0,10.0,1878.0,104.33333587646484,0.0,0.0,0.0,0.0,0.0,0.0,0.0,0.0,0.0,0.0,0.0,0.0,0.0,0.0,0.0,0.0,13.0,0.0,0.0,0.0,2.0,0
68.46499633789062,8.0,1080.0,39.0,42120.0,0.0,0.0,0.0,44.0,66.0,9.0,0.0,100.0,100.0,100.0,103.0,100.0,103.0,100.0,50.0,50.0,0.0,2.732000129763037,2.732000129763037,2.732000129763037,2.732000129763037,14.70000021904707,1.0,2.4588000774383545,0.0,0.0,13.0,3.000000142492354,3.0140001431573182,14.000000208616257,30.0,0.0,0.0,-8.557242393493652,0.0,0.0,0.0,1.0,51.0,1050.0,-30.0,98.0,0.0,11.0,0.0,0.0,11.0,10.0,1878.0,104.33333587646484,0.0,0.0,0.0,0.0,0.0,0.0,0.0,0.0,0.0,0.0,0.0,0.0,0.0,0.0,0.0,0.0,13.0,0.0,0.0,0.0,2.0,0
68.53399658203125,8.0,1078.0,39.0,42042.0,0.0,0.0,0.0,44.0,66.0,9.0,0.0,100.0,100.0,100.0,103.0,100.0,103.0,100.0,50.0,50.0,0.0,2.732000129763037,2.732000129763037,2.732000129763037,2.732000129763037,14.70000021904707,1.0,2.454246759414673,0.0,0.0,13.0,3.000000142492354,3.1520001497119665,14.000000208616257,0.0,0.0,0.0,-8.557242393493652,0.0,0.0,0.0,1.0,51.0,1050.0,-28.0,98.0,0.0,11.0,0.0,0.0,11.0,10.0,1878.0,104.52690124511719,0.0,0.0,0.0,0.0,0.0,0.0,0.0,0.0,0.0,0.0,0.0,0.0,0.0,0.0,0.0,0.0,13.0,0.0,0.0,0.0,2.0,0
68.5999984741211,8.0,1073.0,39.0,41847.0,0.0,0.0,0.0,44.0,66.0,9.0,0.0,100.0,100.0,100.0,103.0,100.0,103.0,100.0,50.0,50.0,0.0,2.732000129763037,2.732000129763037,2.732000129763037,2.732000129763037,14.70000021904707,1.0,2.4428632259368896,0.0,0.0,13.0,3.000000142492354,2.9770001413999125,14.000000208616257,-20.0,0.0,0.0,-8.557242393493652,0.0,0.0,0.0,1.0,50.0,1050.0,-23.0,98.0,0.0,11.0,0.0,0.0,11.0,10.0,1878.0,105.01397705078125,0.0,0.0,0.0,0.0,0.0,0.0,0.0,0.0,0.0,0.0,0.0,0.0,0.0,0.0,0.0,0.0,13.0,0.0,0.0,0.0,2.0,0
68.66699981689453,8.0,1073.0,39.0,41847.0,0.0,0.0,0.0,44.0,66.0,9.0,0.0,100.0,100.0,100.0,103.0,100.0,103.0,100.0,50.0,50.0,0.0,2.732000129763037,2.732000129763037,2.732000129763037,2.732000129763037,14.70000021904707,1.0,2.4428632259368896,0.0,0.0,13.0,3.000000142492354,3.0100001429673284,14.000000208616257,-20.0,0.0,0.0,-8.557242393493652,0.0,0.0,0.0,1.0,50.0,1050.0,-23.0,98.0,0.0,11.0,0.0,0.0,11.0,10.0,1878.0,105.01397705078125,0.0,0.0,0.0,0.0,0.0,0.0,0.0,0.0,0.0,0.0,0.0,0.0,0.0,0.0,0.0,0.0,13.0,0.0,0.0,0.0,2.0,0
68.73500061035156,8.0,1071.0,39.0,41769.0,0.0,0.0,0.0,44.0,66.0,9.0,0.0,100.0,100.0,100.0,103.0,100.0,103.0,100.0,50.0,50.0,0.0,2.732000129763037,2.732000129763037,2.732000129763037,2.732000129763037,14.70000021904707,1.0,2.438309907913208,0.0,0.0,13.0,3.000000142492354,3.1670001504244283,14.000000208616257,-50.0,0.0,0.0,-8.557242393493652,0.0,0.0,0.0,1.0,50.0,1050.0,-21.0,98.0,0.0,11.0,0.0,0.0,11.0,10.0,1878.0,105.2100830078125,0.0,0.0,0.0,0.0,0.0,0.0,0.0,0.0,0.0,0.0,0.0,0.0,0.0,0.0,0.0,0.0,13.0,0.0,0.0,0.0,2.0,0
68.80000305175781,8.0,1071.0,39.0,41769.0,0.0,0.0,0.0,44.0,66.0,9.0,0.0,100.0,100.0,100.0,103.0,100.0,103.0,100.0,50.0,50.0,0.0,2.732000129763037,2.732000129763037,2.732000129763037,2.732000129763037,14.70000021904707,1.0,2.438309907913208,0.0,0.0,13.0,3.000000142492354,3.0170001432998106,14.000000208616257,-20.0,0.0,0.0,-8.557242393493652,0.0,0.0,0.0,1.0,50.0,1050.0,-21.0,98.0,0.0,11.0,0.0,0.0,11.0,10.0,1878.0,105.2100830078125,0.0,0.0,0.0,0.0,0.0,0.0,0.0,0.0,0.0,0.0,0.0,0.0,0.0,0.0,0.0,0.0,13.0,0.0,0.0,0.0,2.0,0
68.87000274658203,8.0,1070.0,39.0,41730.0,0.0,0.0,0.0,44.0,66.0,9.0,0.0,100.0,100.0,100.0,103.0,100.0,103.0,100.0,50.0,50.0,0.0,2.732000129763037,2.732000129763037,2.732000129763037,2.732000129763037,14.70000021904707,1.0,2.436033248901367,0.0,0.0,13.0,3.000000142492354,3.08400014648214,14.000000208616257,-20.0,0.0,0.0,-8.557242393493652,0.0,0.0,0.0,1.0,50.0,1050.0,-20.0,98.0,0.0,11.0,0.0,0.0,11.0,10.0,1878.0,105.30841064453125,0.0,0.0,0.0,0.0,0.0,0.0,0.0,0.0,0.0,0.0,0.0,0.0,0.0,0.0,0.0,0.0,13.0,0.0,0.0,0.0,2.0,0
68.93599700927734,8.0,1073.0,39.0,41847.0,0.0,0.0,0.0,44.0,66.0,9.0,0.0,100.0,100.0,100.0,103.0,100.0,103.0,100.0,50.0,50.0,0.0,2.732000129763037,2.732000129763037,2.732000129763037,2.732000129763037,14.70000021904707,1.0,2.4428632259368896,0.0,0.0,13.0,3.000000142492354,2.9660001408774406,14.000000208616257,-10.0,0.0,0.0,-8.557242393493652,0.0,0.0,0.0,1.0,51.0,1050.0,-23.0,98.0,0.0,11.0,0.0,0.0,11.0,10.0,1878.0,105.01397705078125,0.0,0.0,0.0,0.0,0.0,0.0,0.0,0.0,0.0,0.0,0.0,0.0,0.0,0.0,0.0,0.0,13.0,0.0,0.0,0.0,2.0,0
69.00199890136719,8.0,1073.0,39.0,41847.0,0.0,0.0,0.0,44.0,66.0,9.0,0.0,100.0,100.0,100.0,103.0,100.0,103.0,100.0,50.0,50.0,0.0,2.732000129763037,2.732000129763037,2.732000129763037,2.732000129763037,14.70000021904707,1.0,2.4428632259368896,0.0,0.0,13.0,3.000000142492354,3.020000143442303,14.000000208616257,30.0,0.0,0.0,-8.557242393493652,0.0,0.0,0.0,1.0,51.0,1050.0,-23.0,98.0,0.0,11.0,0.0,0.0,11.0,10.0,1878.0,105.01397705078125,0.0,0.0,0.0,0.0,0.0,0.0,0.0,0.0,0.0,0.0,0.0,0.0,0.0,0.0,0.0,0.0,13.0,0.0,0.0,0.0,2.0,0
69.06700134277344,8.0,1068.0,39.0,41652.0,0.0,0.0,0.0,44.0,66.0,9.0,0.0,100.0,100.0,100.0,103.0,100.0,103.0,100.0,50.0,50.0,0.0,2.732000129763037,2.732000129763037,2.732000129763037,2.732000129763037,14.70000021904707,1.0,2.4314799308776855,0.0,0.0,13.0,3.000000142492354,3.1390001490944996,14.000000208616257,30.0,0.0,0.0,-8.557242393493652,0.0,0.0,0.0,1.0,51.0,1050.0,-18.0,98.0,0.0,11.0,0.0,0.0,11.0,10.0,1878.0,105.505615234375,0.0,0.0,0.0,0.0,0.0,0.0,0.0,0.0,0.0,0.0,0.0,0.0,0.0,0.0,0.0,0.0,13.0,0.0,0.0,0.0,2.0,0
69.13200378417969,8.0,1068.0,39.0,41652.0,0.0,0.0,0.0,44.0,66.0,9.0,0.0,100.0,100.0,100.0,103.0,100.0,103.0,100.0,50.0,50.0,0.0,2.732000129763037,2.732000129763037,2.732000129763037,2.732000129763037,14.70000021904707,1.0,2.4314799308776855,0.0,0.0,13.0,3.000000142492354,3.0170001432998106,14.000000208616257,-50.0,0.0,0.0,-8.557242393493652,0.0,0.0,0.0,1.0,51.0,1050.0,-18.0,98.0,0.0,11.0,0.0,0.0,11.0,10.0,1878.0,105.505615234375,0.0,0.0,0.0,0.0,0.0,0.0,0.0,0.0,0.0,0.0,0.0,0.0,0.0,0.0,0.0,0.0,13.0,0.0,0.0,0.0,2.0,0
69.2020034790039,8.0,1070.0,39.0,41730.0,0.0,0.0,0.0,44.0,66.0,9.0,0.0,100.0,100.0,100.0,103.0,100.0,103.0,100.0,50.0,50.0,0.0,2.732000129763037,2.732000129763037,2.732000129763037,2.732000129763037,14.70000021904707,1.0,2.436033248901367,0.0,0.0,13.0,3.000000142492354,3.02500014367979,14.000000208616257,20.0,0.0,0.0,-8.557242393493652,0.0,0.0,0.0,1.0,50.0,1050.0,-20.0,98.0,0.0,11.0,0.0,0.0,11.0,10.0,1878.0,105.30841064453125,0.0,0.0,0.0,0.0,0.0,0.0,0.0,0.0,0.0,0.0,0.0,0.0,0.0,0.0,0.0,0.0,13.0,0.0,0.0,0.0,2.0,0
69.26699829101562,8.0,1074.0,39.0,41886.0,0.0,0.0,0.0,44.0,66.0,9.0,0.0,100.0,100.0,100.0,103.0,100.0,103.0,100.0,50.0,50.0,0.0,2.732000129763037,2.732000129763037,2.732000129763037,2.732000129763037,14.70000021904707,1.0,2.4451398849487305,0.0,0.0,13.0,3.000000142492354,3.016000143252313,14.000000208616257,20.0,0.0,0.0,-8.557242393493652,0.0,0.0,0.0,1.0,50.0,1050.0,-24.0,98.0,0.0,11.0,0.0,0.0,11.0,10.0,1878.0,104.91619873046875,0.0,0.0,0.0,0.0,0.0,0.0,0.0,0.0,0.0,0.0,0.0,0.0,0.0,0.0,0.0,0.0,13.0,0.0,0.0,0.0,2.0,0
69.33300018310547,8.0,1074.0,39.0,41886.0,0.0,0.0,0.0,44.0,66.0,9.0,0.0,100.0,100.0,100.0,103.0,100.0,103.0,100.0,50.0,50.0,0.0,2.732000129763037,2.732000129763037,2.732000129763037,2.732000129763037,14.70000021904707,1.0,2.4451398849487305,0.0,0.0,13.0,3.000000142492354,3.0170001432998106,14.000000208616257,40.0,0.0,0.0,-8.557242393493652,0.0,0.0,0.0,1.0,50.0,1050.0,-24.0,98.0,0.0,11.0,0.0,0.0,11.0,10.0,1878.0,104.91619873046875,0.0,0.0,0.0,0.0,0.0,0.0,0.0,0.0,0.0,0.0,0.0,0.0,0.0,0.0,0.0,0.0,13.0,0.0,0.0,0.0,2.0,0
69.4000015258789,9.0,1071.0,39.0,41769.0,0.0,0.0,0.0,44.0,66.0,9.0,0.0,100.0,100.0,100.0,103.0,100.0,103.0,100.0,50.0,50.0,0.0,2.732000129763037,2.732000129763037,2.732000129763037,2.732000129763037,14.70000021904707,1.0,2.438309907913208,0.0,0.0,13.0,3.000000142492354,3.058000145247206,14.000000208616257,-30.0,0.0,0.0,-8.557242393493652,0.0,0.0,0.0,1.0,50.0,1050.0,-21.0,98.0,0.0,11.0,0.0,0.0,11.0,10.0,1866.0,104.5378189086914,0.0,0.0,0.0,0.0,0.0,0.0,0.0,0.0,0.0,0.0,0.0,0.0,0.0,0.0,0.0,0.0,13.0,0.0,0.0,0.0,2.0,0
69.46700286865234,9.0,1071.0,39.0,41769.0,0.0,0.0,0.0,44.0,66.0,9.0,0.0,100.0,100.0,100.0,103.0,100.0,103.0,100.0,50.0,50.0,0.0,2.732000129763037,2.732000129763037,2.732000129763037,2.732000129763037,14.70000021904707,1.0,2.438309907913208,0.0,0.0,13.0,3.000000142492354,3.016000143252313,14.000000208616257,-30.0,0.0,0.0,-8.557242393493652,0.0,0.0,0.0,1.0,50.0,1050.0,-21.0,98.0,0.0,11.0,0.0,0.0,11.0,10.0,1866.0,104.5378189086914,0.0,0.0,0.0,0.0,0.0,0.0,0.0,0.0,0.0,0.0,0.0,0.0,0.0,0.0,0.0,0.0,13.0,0.0,0.0,0.0,2.0,0
69.53500366210938,9.0,1075.0,39.0,41925.0,0.0,0.0,0.0,44.0,66.0,9.0,0.0,100.0,100.0,100.0,103.0,100.0,103.0,100.0,50.0,50.0,0.0,2.732000129763037,2.732000129763037,2.732000129763037,2.732000129763037,14.70000021904707,1.0,2.4474167823791504,0.0,0.0,13.0,3.000000142492354,3.0610001453896984,14.000000208616257,40.0,0.0,0.0,-8.557242393493652,0.0,0.0,0.0,1.0,50.0,1050.0,-25.0,98.0,0.0,11.0,0.0,0.0,11.0,10.0,1866.0,104.14883422851562,0.0,0.0,0.0,0.0,0.0,0.0,0.0,0.0,0.0,0.0,0.0,0.0,0.0,0.0,0.0,0.0,13.0,0.0,0.0,0.0,2.0,0
69.60399627685547,9.0,1074.0,39.0,41886.0,0.0,0.0,0.0,44.0,66.0,9.0,0.0,100.0,100.0,100.0,103.0,100.0,103.0,100.0,50.0,50.0,0.0,2.732000129763037,2.732000129763037,2.732000129763037,2.732000129763037,14.70000021904707,1.0,2.4451398849487305,0.0,0.0,13.0,3.000000142492354,3.016000143252313,14.000000208616257,0.0,0.0,0.0,-8.557242393493652,0.0,0.0,0.0,1.0,50.0,1050.0,-24.0,98.0,0.0,11.0,0.0,0.0,11.0,10.0,1866.0,104.24581146240234,0.0,0.0,0.0,0.0,0.0,0.0,0.0,0.0,0.0,0.0,0.0,0.0,0.0,0.0,0.0,0.0,13.0,0.0,0.0,0.0,2.0,0
69.66999816894531,9.0,1074.0,39.0,41886.0,0.0,0.0,0.0,44.0,66.0,9.0,0.0,100.0,100.0,100.0,103.0,100.0,103.0,100.0,50.0,50.0,0.0,2.732000129763037,2.732000129763037,2.732000129763037,2.732000129763037,14.70000021904707,1.0,2.4451398849487305,0.0,0.0,13.0,3.000000142492354,3.0120001430623233,14.000000208616257,0.0,0.0,0.0,-8.557242393493652,0.0,0.0,0.0,1.0,50.0,1050.0,-24.0,98.0,0.0,11.0,0.0,0.0,11.0,10.0,1866.0,104.24581146240234,0.0,0.0,0.0,0.0,0.0,0.0,0.0,0.0,0.0,0.0,0.0,0.0,0.0,0.0,0.0,0.0,13.0,0.0,0.0,0.0,2.0,0
69.73400115966797,9.0,1073.0,39.0,41847.0,0.0,0.0,0.0,44.0,66.0,9.0,0.0,100.0,100.0,100.0,103.0,100.0,103.0,100.0,50.0,50.0,0.0,2.732000129763037,2.732000129763037,2.732000129763037,2.732000129763037,14.70000021904707,1.0,2.4428632259368896,0.0,0.0,13.0,3.000000142492354,3.0610001453896984,14.000000208616257,-10.0,0.0,0.0,-8.557242393493652,0.0,0.0,0.0,1.0,50.0,1050.0,-23.0,98.0,0.0,11.0,0.0,0.0,11.0,10.0,1866.0,104.34296417236328,0.0,0.0,0.0,0.0,0.0,0.0,0.0,0.0,0.0,0.0,0.0,0.0,0.0,0.0,0.0,0.0,13.0,0.0,0.0,0.0,2.0,0
69.80000305175781,9.0,1073.0,39.0,41847.0,0.0,0.0,0.0,44.0,66.0,9.0,0.0,100.0,100.0,100.0,103.0,100.0,103.0,100.0,50.0,50.0,0.0,2.732000129763037,2.732000129763037,2.732000129763037,2.732000129763037,14.70000021904707,1.0,2.4428632259368896,0.0,0.0,13.0,3.000000142492354,3.0150001432048157,14.000000208616257,-10.0,0.0,0.0,-8.557242393493652,0.0,0.0,0.0,1.0,50.0,1050.0,-23.0,98.0,0.0,11.0,0.0,0.0,11.0,10.0,1866.0,104.34296417236328,0.0,0.0,0.0,0.0,0.0,0.0,0.0,0.0,0.0,0.0,0.0,0.0,0.0,0.0,0.0,0.0,13.0,0.0,0.0,0.0,2.0,0
69.86599731445312,9.0,1069.0,39.0,41691.0,0.0,0.0,0.0,44.0,66.0,9.0,0.0,100.0,100.0,100.0,103.0,100.0,103.0,100.0,50.0,50.0,0.0,2.732000129763037,2.732000129763037,2.732000129763037,2.732000129763037,14.70000021904707,1.0,2.4337565898895264,0.0,0.0,13.0,3.000000142492354,2.963000140734948,14.000000208616257,-10.0,0.0,0.0,-8.557242393493652,0.0,0.0,0.0,1.0,50.0,1050.0,-19.0,98.0,0.0,11.0,0.0,0.0,11.0,10.0,1866.0,104.7333984375,0.0,0.0,0.0,0.0,0.0,0.0,0.0,0.0,0.0,0.0,0.0,0.0,0.0,0.0,0.0,0.0,13.0,0.0,0.0,0.0,2.0,0
69.93499755859375,9.0,1062.0,39.0,41418.0,0.0,0.0,0.0,44.0,66.0,9.0,0.0,100.0,100.0,100.0,103.0,100.0,103.0,100.0,50.0,50.0,0.0,2.732000129763037,2.732000129763037,2.732000129763037,2.732000129763037,14.70000021904707,1.0,2.4178199768066406,0.0,0.0,13.0,3.000000142492354,3.0150001432048157,13.90000020712614,-40.0,0.0,0.0,-8.557242393493652,0.0,0.0,0.0,1.0,50.0,1050.0,-12.0,98.0,0.0,11.0,0.0,0.0,11.0,10.0,1866.0,105.4237289428711,0.0,0.0,0.0,0.0,0.0,0.0,0.0,0.0,0.0,0.0,0.0,0.0,0.0,0.0,0.0,0.0,13.0,0.0,0.0,0.0,2.0,0
70.0,9.0,1062.0,39.0,41418.0,0.0,0.0,0.0,44.0,66.0,9.0,0.0,100.0,100.0,100.0,103.0,100.0,103.0,100.0,50.0,50.0,0.0,2.732000129763037,2.732000129763037,2.732000129763037,2.732000129763037,14.70000021904707,1.0,2.4178199768066406,0.0,0.0,13.0,3.000000142492354,3.0190001433948055,13.90000020712614,-70.0,0.0,0.0,-8.557242393493652,0.0,0.0,0.0,1.0,50.0,1050.0,-12.0,98.0,0.0,11.0,0.0,0.0,11.0,10.0,1866.0,105.4237289428711,0.0,0.0,0.0,0.0,0.0,0.0,0.0,0.0,0.0,0.0,0.0,0.0,0.0,0.0,0.0,0.0,13.0,0.0,0.0,0.0,2.0,0
70.06700134277344,9.0,1063.0,39.0,41457.0,0.0,0.0,0.0,44.0,66.0,9.0,0.0,100.0,100.0,100.0,103.0,100.0,103.0,100.0,50.0,50.0,0.0,2.732000129763037,2.732000129763037,2.732000129763037,2.732000129763037,14.70000021904707,1.0,2.4200966358184814,0.0,0.0,13.0,3.000000142492354,2.8710001363651827,13.90000020712614,-70.0,0.0,0.0,-8.557242393493652,0.0,0.0,0.0,1.0,50.0,1050.0,-13.0,98.0,0.0,11.0,0.0,0.0,11.0,10.0,1866.0,105.32455444335938,0.0,0.0,0.0,0.0,0.0,0.0,0.0,0.0,0.0,0.0,0.0,0.0,0.0,0.0,0.0,0.0,13.0,0.0,0.0,0.0,2.0,0
70.13600158691406,9.0,1063.0,39.0,41457.0,0.0,0.0,0.0,44.0,66.0,9.0,0.0,100.0,100.0,100.0,103.0,100.0,103.0,100.0,50.0,50.0,0.0,2.732000129763037,2.732000129763037,2.732000129763037,2.732000129763037,14.70000021904707,1.0,2.4200966358184814,0.0,0.0,13.0,3.000000142492354,3.0240001436322927,13.90000020712614,10.0,0.0,0.0,-8.557242393493652,0.0,0.0,0.0,1.0,51.0,1050.0,-13.0,98.0,0.0,11.0,0.0,0.0,11.0,10.0,1866.0,105.32455444335938,0.0,0.0,0.0,0.0,0.0,0.0,0.0,0.0,0.0,0.0,0.0,0.0,0.0,0.0,0.0,0.0,13.0,0.0,0.0,0.0,2.0,0
70.13600158691406,9.0,1063.0,39.0,41457.0,0.0,0.0,0.0,44.0,66.0,9.0,0.0,100.0,100.0,100.0,103.0,100.0,103.0,100.0,50.0,50.0,0.0,2.732000129763037,2.732000129763037,2.732000129763037,2.732000129763037,14.70000021904707,1.0,2.4200966358184814,0.0,0.0,13.0,3.000000142492354,3.1010001472895965,13.90000020712614,0.0,0.0,0.0,-8.557242393493652,0.0,0.0,0.0,1.0,51.0,1050.0,-13.0,98.0,0.0,11.0,0.0,0.0,11.0,10.0,1866.0,105.32455444335938,0.0,0.0,0.0,0.0,0.0,0.0,0.0,0.0,0.0,0.0,0.0,0.0,0.0,0.0,0.0,0.0,13.0,0.0,0.0,0.0,2.0,0
70.26699829101562,9.0,1063.0,39.0,41457.0,0.0,0.0,0.0,44.0,66.0,9.0,0.0,100.0,100.0,100.0,103.0,100.0,103.0,100.0,50.0,50.0,0.0,2.732000129763037,2.732000129763037,2.732000129763037,2.732000129763037,14.70000021904707,1.0,2.4200966358184814,0.0,0.0,13.0,3.000000142492354,3.0170001432998106,13.90000020712614,0.0,0.0,0.0,-8.557242393493652,0.0,0.0,0.0,1.0,51.0,1050.0,-13.0,98.0,0.0,11.0,0.0,0.0,11.0,10.0,1866.0,105.32455444335938,0.0,0.0,0.0,0.0,0.0,0.0,0.0,0.0,0.0,0.0,0.0,0.0,0.0,0.0,0.0,0.0,13.0,0.0,0.0,0.0,2.0,0
70.33300018310547,9.0,1061.0,39.0,41379.0,0.0,0.0,0.0,44.0,66.0,9.0,0.0,100.0,100.0,100.0,103.0,100.0,103.0,100.0,50.0,50.0,0.0,2.732000129763037,2.732000129763037,2.732000129763037,2.732000129763037,14.70000021904707,1.0,2.4155433177948,0.0,0.0,13.0,3.000000142492354,3.0300001439172775,13.90000020712614,-20.0,0.0,0.0,-8.557242393493652,0.0,0.0,0.0,1.0,51.0,1050.0,-11.0,98.0,0.0,11.0,0.0,0.0,11.0,10.0,1866.0,105.5230941772461,0.0,0.0,0.0,0.0,0.0,0.0,0.0,0.0,0.0,0.0,0.0,0.0,0.0,0.0,0.0,0.0,13.0,0.0,0.0,0.0,2.0,0
70.4010009765625,9.0,1063.0,39.0,41457.0,0.0,0.0,0.0,44.0,66.0,9.0,0.0,100.0,100.0,100.0,103.0,100.0,103.0,100.0,50.0,50.0,0.0,2.732000129763037,2.732000129763037,2.732000129763037,2.732000129763037,14.70000021904707,1.0,2.4200966358184814,0.0,0.0,13.0,3.000000142492354,2.998000142397359,13.90000020712614,-20.0,0.0,0.0,-8.557242393493652,0.0,0.0,0.0,1.0,51.0,1050.0,-13.0,98.0,0.0,11.0,0.0,0.0,11.0,10.0,1866.0,105.32455444335938,0.0,0.0,0.0,0.0,0.0,0.0,0.0,0.0,0.0,0.0,0.0,0.0,0.0,0.0,0.0,0.0,13.0,0.0,0.0,0.0,2.0,0
70.46700286865234,10.0,1063.0,39.0,41457.0,0.0,0.0,0.0,44.0,66.0,9.0,0.0,100.0,100.0,100.0,103.0,100.0,103.0,100.0,50.0,50.0,0.0,2.732000129763037,2.732000129763037,2.732000129763037,2.732000129763037,14.70000021904707,1.0,2.4200966358184814,0.0,0.0,13.0,3.000000142492354,3.02900014386978,13.90000020712614,20.0,0.0,0.0,-8.557242393493652,0.0,0.0,0.0,1.0,50.0,1050.0,-13.0,98.0,0.0,11.0,0.0,0.0,11.0,10.0,1862.0,105.0987777709961,0.0,0.0,0.0,0.0,0.0,0.0,0.0,0.0,0.0,0.0,0.0,0.0,0.0,0.0,0.0,0.0,13.0,0.0,0.0,0.0,2.0,0
70.53299713134766,10.0,1062.0,39.0,41418.0,0.0,0.0,0.0,44.0,66.0,9.0,0.0,100.0,100.0,100.0,103.0,100.0,103.0,100.0,50.0,50.0,0.0,2.732000129763037,2.732000129763037,2.732000129763037,2.732000129763037,14.70000021904707,1.0,2.4178199768066406,0.0,0.0,13.0,3.000000142492354,3.122000148287043,13.90000020712614,-10.0,0.0,0.0,-8.557242393493652,0.0,0.0,0.0,1.0,50.0,1050.0,-12.0,98.0,0.0,11.0,0.0,0.0,11.0,10.0,1862.0,105.19773864746094,0.0,0.0,0.0,0.0,0.0,0.0,0.0,0.0,0.0,0.0,0.0,0.0,0.0,0.0,0.0,0.0,13.0,0.0,0.0,0.0,2.0,0
70.60299682617188,10.0,1062.0,39.0,41418.0,0.0,0.0,0.0,44.0,66.0,9.0,0.0,100.0,100.0,100.0,103.0,100.0,103.0,100.0,50.0,50.0,0.0,2.732000129763037,2.732000129763037,2.732000129763037,2.732000129763037,14.70000021904707,1.0,2.4178199768066406,0.0,0.0,13.0,3.000000142492354,3.0170001432998106,13.90000020712614,-10.0,0.0,0.0,-8.557242393493652,0.0,0.0,0.0,1.0,50.0,1050.0,-12.0,98.0,0.0,11.0,0.0,0.0,11.0,10.0,1862.0,105.19773864746094,0.0,0.0,0.0,0.0,0.0,0.0,0.0,0.0,0.0,0.0,0.0,0.0,0.0,0.0,0.0,0.0,13.0,0.0,0.0,0.0,2.0,0
70.66899871826172,10.0,1073.0,39.0,41847.0,0.0,0.0,0.0,44.0,66.0,9.0,0.0,100.0,100.0,100.0,103.0,100.0,103.0,100.0,50.0,50.0,0.0,2.732000129763037,2.732000129763037,2.732000129763037,2.732000129763037,14.70000021904707,1.0,2.4428632259368896,0.0,0.0,13.0,3.000000142492354,3.0010001425398514,13.90000020712614,110.0,0.0,0.0,-8.557242393493652,0.0,0.0,0.0,1.0,50.0,1050.0,-23.0,98.0,0.0,11.0,0.0,0.0,11.0,10.0,1862.0,104.11929321289062,0.0,0.0,0.0,0.0,0.0,0.0,0.0,0.0,0.0,0.0,0.0,0.0,0.0,0.0,0.0,0.0,13.0,0.0,0.0,0.0,2.0,0
70.73400115966797,10.0,1075.0,39.0,41925.0,0.0,0.0,0.0,44.0,66.0,9.0,0.0,100.0,100.0,100.0,103.0,100.0,103.0,100.0,50.0,50.0,0.0,2.732000129763037,2.732000129763037,2.732000129763037,2.732000129763037,14.70000021904707,1.0,2.4474167823791504,0.0,0.0,13.0,3.000000142492354,3.0440001445822418,13.90000020712614,0.0,0.0,0.0,-8.557242393493652,0.0,0.0,0.0,1.0,49.0,1050.0,-25.0,98.0,0.0,11.0,0.0,0.0,11.0,10.0,1862.0,103.92558288574219,0.0,0.0,0.0,0.0,0.0,0.0,0.0,0.0,0.0,0.0,0.0,0.0,0.0,0.0,0.0,0.0,13.0,0.0,0.0,0.0,2.0,0
70.79900360107422,10.0,1075.0,39.0,41925.0,0.0,0.0,0.0,44.0,66.0,9.0,0.0,100.0,100.0,100.0,103.0,100.0,103.0,100.0,50.0,50.0,0.0,2.732000129763037,2.732000129763037,2.732000129763037,2.732000129763037,14.70000021904707,1.0,2.4474167823791504,0.0,0.0,13.0,3.000000142492354,3.0230001435847953,13.90000020712614,0.0,0.0,0.0,-8.557242393493652,0.0,0.0,0.0,1.0,49.0,1050.0,-25.0,98.0,0.0,11.0,0.0,0.0,11.0,10.0,1862.0,103.92558288574219,0.0,0.0,0.0,0.0,0.0,0.0,0.0,0.0,0.0,0.0,0.0,0.0,0.0,0.0,0.0,0.0,13.0,0.0,0.0,0.0,2.0,0
70.86399841308594,10.0,1079.0,39.0,42081.0,0.0,0.0,0.0,44.0,66.0,9.0,0.0,100.0,100.0,100.0,103.0,100.0,103.0,100.0,50.0,50.0,0.0,2.732000129763037,2.732000129763037,2.732000129763037,2.732000129763037,14.70000021904707,1.0,2.4565234184265137,0.0,0.0,13.0,3.000000142492354,3.047000144724734,13.90000020712614,20.0,0.0,0.0,-8.557242393493652,0.0,0.0,0.0,1.0,49.0,1050.0,-29.0,98.0,0.0,11.0,0.0,0.0,11.0,10.0,1862.0,103.54031372070312,0.0,0.0,0.0,0.0,0.0,0.0,0.0,0.0,0.0,0.0,0.0,0.0,0.0,0.0,0.0,0.0,13.0,0.0,0.0,0.0,2.0,0
70.93000030517578,10.0,1079.0,39.0,42081.0,0.0,0.0,0.0,44.0,66.0,9.0,0.0,100.0,100.0,100.0,103.0,100.0,103.0,100.0,50.0,50.0,0.0,2.732000129763037,2.732000129763037,2.732000129763037,2.732000129763037,14.70000021904707,1.0,2.4565234184265137,0.0,0.0,13.0,3.000000142492354,3.0150001432048157,13.90000020712614,40.0,0.0,0.0,-8.557242393493652,0.0,0.0,0.0,1.0,49.0,1050.0,-29.0,98.0,0.0,11.0,0.0,0.0,11.0,10.0,1862.0,103.54031372070312,0.0,0.0,0.0,0.0,0.0,0.0,0.0,0.0,0.0,0.0,0.0,0.0,0.0,0.0,0.0,0.0,13.0,0.0,0.0,0.0,2.0,0
71.0,10.0,1072.0,39.0,41808.0,0.0,0.0,0.0,44.0,66.0,9.0,0.0,100.0,100.0,100.0,103.0,100.0,103.0,100.0,50.0,50.0,0.0,2.732000129763037,2.732000129763037,2.732000129763037,2.732000129763037,14.70000021904707,1.0,2.440586566925049,0.0,0.0,13.0,3.000000142492354,2.9720001411624253,13.90000020712614,40.0,0.0,0.0,-8.557242393493652,0.0,0.0,0.0,1.0,49.0,1050.0,-22.0,98.0,0.0,11.0,0.0,0.0,11.0,10.0,1862.0,104.21641540527344,0.0,0.0,0.0,0.0,0.0,0.0,0.0,0.0,0.0,0.0,0.0,0.0,0.0,0.0,0.0,0.0,13.0,0.0,0.0,0.0,2.0,0
71.06500244140625,10.0,1069.0,39.0,41691.0,0.0,0.0,0.0,44.0,66.0,9.0,0.0,100.0,100.0,100.0,103.0,100.0,103.0,100.0,50.0,50.0,0.0,2.732000129763037,2.732000129763037,2.732000129763037,2.732000129763037,14.70000021904707,1.0,2.4337565898895264,0.0,0.0,13.0,3.000000142492354,3.0260001437272877,13.90000020712614,-70.0,0.0,0.0,-8.557242393493652,0.0,0.0,0.0,1.0,49.0,1050.0,-19.0,98.0,0.0,11.0,0.0,0.0,11.0,10.0,1862.0,104.5088882446289,0.0,0.0,0.0,0.0,0.0,0.0,0.0,0.0,0.0,0.0,0.0,0.0,0.0,0.0,0.0,0.0,13.0,0.0,0.0,0.0,2.0,0
71.13500213623047,10.0,1069.0,39.0,41691.0,0.0,0.0,0.0,44.0,66.0,9.0,0.0,100.0,100.0,100.0,103.0,100.0,103.0,100.0,50.0,50.0,0.0,2.732000129763037,2.732000129763037,2.732000129763037,2.732000129763037,14.70000021904707,1.0,2.4337565898895264,0.0,0.0,13.0,3.000000142492354,3.016000143252313,13.90000020712614,-30.0,0.0,0.0,-8.557242393493652,0.0,0.0,0.0,1.0,49.0,1050.0,-19.0,98.0,0.0,11.0,0.0,0.0,11.0,10.0,1862.0,104.5088882446289,0.0,0.0,0.0,0.0,0.0,0.0,0.0,0.0,0.0,0.0,0.0,0.0,0.0,0.0,0.0,0.0,13.0,0.0,0.0,0.0,2.0,0
71.2020034790039,10.0,1063.0,39.0,41457.0,0.0,0.0,0.0,44.0,66.0,9.0,0.0,100.0,100.0,100.0,103.0,100.0,103.0,100.0,50.0,50.0,0.0,2.732000129763037,2.732000129763037,2.732000129763037,2.732000129763037,14.70000021904707,1.0,2.4200966358184814,0.0,0.0,13.0,3.000000142492354,2.9170001385500655,13.90000020712614,-30.0,0.0,0.0,-8.557242393493652,0.0,0.0,0.0,1.0,49.0,1050.0,-13.0,98.0,0.0,11.0,0.0,0.0,11.0,10.0,1862.0,105.0987777709961,0.0,0.0,0.0,0.0,0.0,0.0,0.0,0.0,0.0,0.0,0.0,0.0,0.0,0.0,0.0,0.0,13.0,0.0,0.0,0.0,2.0,0
71.26599884033203,10.0,1063.0,39.0,41457.0,0.0,0.0,0.0,44.0,66.0,9.0,0.0,100.0,100.0,100.0,103.0,100.0,103.0,100.0,50.0,50.0,0.0,2.732000129763037,2.732000129763037,2.732000129763037,2.732000129763037,14.70000021904707,1.0,2.4200966358184814,0.0,0.0,13.0,3.000000142492354,3.0150001432048157,13.90000020712614,-60.0,0.0,0.0,-8.557242393493652,0.0,0.0,0.0,1.0,49.0,1050.0,-13.0,98.0,0.0,11.0,0.0,0.0,11.0,10.0,1862.0,105.0987777709961,0.0,0.0,0.0,0.0,0.0,0.0,0.0,0.0,0.0,0.0,0.0,0.0,0.0,0.0,0.0,0.0,13.0,0.0,0.0,0.0,2.0,0
71.33300018310547,10.0,1064.0,39.0,41496.0,0.0,0.0,0.0,44.0,66.0,9.0,0.0,100.0,100.0,100.0,103.0,100.0,103.0,100.0,50.0,50.0,0.0,2.732000129763037,2.732000129763037,2.732000129763037,2.732000129763037,14.70000021904707,1.0,2.4223732948303223,0.0,0.0,13.0,3.000000142492354,2.985000141779892,13.90000020712614,10.0,0.0,0.0,-8.557242393493652,0.0,0.0,0.0,1.0,50.0,1050.0,-14.0,98.0,0.0,11.0,0.0,0.0,11.0,10.0,1862.0,105.0,0.0,0.0,0.0,0.0,0.0,0.0,0.0,0.0,0.0,0.0,0.0,0.0,0.0,0.0,0.0,0.0,13.0,0.0,0.0,0.0,2.0,0
71.4020004272461,10.0,1068.0,39.0,41652.0,0.0,0.0,0.0,44.0,66.0,9.0,0.0,100.0,100.0,100.0,103.0,100.0,103.0,100.0,50.0,50.0,0.0,2.732000129763037,2.732000129763037,2.732000129763037,2.732000129763037,14.70000021904707,1.0,2.4314799308776855,0.0,0.0,13.0,3.000000142492354,2.856000135652721,13.90000020712614,10.0,0.0,0.0,-8.557242393493652,0.0,0.0,0.0,1.0,50.0,1050.0,-18.0,98.0,0.0,11.0,0.0,0.0,11.0,10.0,1862.0,104.60674285888672,0.0,0.0,0.0,0.0,0.0,0.0,0.0,0.0,0.0,0.0,0.0,0.0,0.0,0.0,0.0,0.0,13.0,0.0,0.0,0.0,2.0,0
71.46600341796875,11.0,1068.0,39.0,41652.0,0.0,0.0,0.0,44.0,66.0,9.0,0.0,100.0,100.0,100.0,103.0,100.0,103.0,100.0,50.0,50.0,0.0,2.732000129763037,2.732000129763037,2.732000129763037,2.732000129763037,14.70000021904707,1.0,2.4314799308776855,0.0,0.0,13.0,3.000000142492354,3.005000142729841,13.90000020712614,40.0,0.0,0.0,-8.557242393493652,0.0,0.0,0.0,1.0,50.0,1050.0,-18.0,98.0,0.0,11.0,0.0,0.0,11.0,10.0,1862.0,104.60674285888672,0.0,0.0,0.0,0.0,0.0,0.0,0.0,0.0,0.0,0.0,0.0,0.0,0.0,0.0,0.0,0.0,13.0,0.0,0.0,0.0,2.0,0
71.53199768066406,11.0,1066.0,39.0,41574.0,0.0,0.0,0.0,44.0,66.0,9.0,0.0,100.0,100.0,100.0,103.0,100.0,103.0,100.0,50.0,50.0,0.0,2.732000129763037,2.732000129763037,2.732000129763037,2.732000129763037,14.70000021904707,1.0,2.426926612854004,0.0,0.0,13.0,3.000000142492354,3.03300014405977,13.90000020712614,-20.0,0.0,0.0,-8.557242393493652,0.0,0.0,0.0,1.0,50.0,1050.0,-16.0,98.0,0.0,11.0,0.0,0.0,11.0,10.0,1862.0,104.8030014038086,0.0,0.0,0.0,0.0,0.0,0.0,0.0,0.0,0.0,0.0,0.0,0.0,0.0,0.0,0.0,0.0,13.0,0.0,0.0,0.0,2.0,0
71.60199737548828,11.0,1066.0,39.0,41574.0,0.0,0.0,0.0,44.0,66.0,9.0,0.0,100.0,100.0,100.0,103.0,100.0,103.0,100.0,50.0,50.0,0.0,2.732000129763037,2.732000129763037,2.732000129763037,2.732000129763037,14.70000021904707,1.0,2.426926612854004,0.0,0.0,13.0,3.000000142492354,3.016000143252313,13.90000020712614,-20.0,0.0,0.0,-8.557242393493652,0.0,0.0,0.0,1.0,50.0,1050.0,-16.0,98.0,0.0,11.0,0.0,0.0,11.0,10.0,1862.0,104.8030014038086,0.0,0.0,0.0,0.0,0.0,0.0,0.0,0.0,0.0,0.0,0.0,0.0,0.0,0.0,0.0,0.0,13.0,0.0,0.0,0.0,2.0,0
71.66799926757812,11.0,1062.0,39.0,41418.0,0.0,0.0,0.0,44.0,66.0,9.0,0.0,100.0,100.0,100.0,103.0,100.0,103.0,100.0,50.0,50.0,0.0,2.732000129763037,2.732000129763037,2.732000129763037,2.732000129763037,14.70000021904707,1.0,2.4178199768066406,0.0,0.0,13.0,3.000000142492354,3.08000014629215,13.90000020712614,-40.0,0.0,0.0,-8.557242393493652,0.0,0.0,0.0,1.0,50.0,1050.0,-12.0,98.0,0.0,11.0,0.0,0.0,11.0,10.0,1862.0,105.19773864746094,0.0,0.0,0.0,0.0,0.0,0.0,0.0,0.0,0.0,0.0,0.0,0.0,0.0,0.0,0.0,0.0,13.0,0.0,0.0,0.0,2.0,0
71.66799926757812,11.0,1066.0,39.0,41574.0,0.0,0.0,0.0,44.0,66.0,9.0,0.0,100.0,100.0,100.0,103.0,100.0,103.0,100.0,50.0,50.0,0.0,2.732000129763037,2.732000129763037,2.732000129763037,2.732000129763037,14.70000021904707,1.0,2.426926612854004,0.0,0.0,13.0,3.000000142492354,3.016000143252313,13.90000020712614,0.0,0.0,0.0,-8.557242393493652,0.0,0.0,0.0,1.0,50.0,1050.0,-16.0,98.0,0.0,11.0,0.0,0.0,11.0,10.0,1862.0,104.8030014038086,0.0,0.0,0.0,0.0,0.0,0.0,0.0,0.0,0.0,0.0,0.0,0.0,0.0,0.0,0.0,0.0,13.0,0.0,0.0,0.0,2.0,0
71.79900360107422,11.0,1066.0,39.0,41574.0,0.0,0.0,0.0,44.0,66.0,9.0,0.0,100.0,100.0,100.0,103.0,100.0,103.0,100.0,50.0,50.0,0.0,2.732000129763037,2.732000129763037,2.732000129763037,2.732000129763037,14.70000021904707,1.0,2.426926612854004,0.0,0.0,13.0,3.000000142492354,3.02900014386978,13.90000020712614,0.0,0.0,0.0,-8.557242393493652,0.0,0.0,0.0,1.0,50.0,1050.0,-16.0,98.0,0.0,11.0,0.0,0.0,11.0,10.0,1862.0,104.8030014038086,0.0,0.0,0.0,0.0,0.0,0.0,0.0,0.0,0.0,0.0,0.0,0.0,0.0,0.0,0.0,0.0,13.0,0.0,0.0,0.0,2.0,0
71.86799621582031,11.0,1068.0,39.0,41652.0,0.0,0.0,0.0,44.0,66.0,9.0,0.0,100.0,100.0,100.0,103.0,100.0,103.0,100.0,50.0,50.0,0.0,2.732000129763037,2.732000129763037,2.732000129763037,2.732000129763037,14.70000021904707,1.0,2.4314799308776855,0.0,0.0,13.0,3.000000142492354,2.998000142397359,13.90000020712614,40.0,0.0,0.0,-8.557242393493652,0.0,0.0,0.0,1.0,50.0,1050.0,-18.0,98.0,0.0,11.0,0.0,0.0,11.0,10.0,1862.0,104.60674285888672,0.0,0.0,0.0,0.0,0.0,0.0,0.0,0.0,0.0,0.0,0.0,0.0,0.0,0.0,0.0,0.0,13.0,0.0,0.0,0.0,2.0,0
71.93499755859375,11.0,1068.0,39.0,41652.0,0.0,0.0,0.0,44.0,66.0,9.0,0.0,100.0,100.0,100.0,103.0,100.0,103.0,100.0,50.0,50.0,0.0,2.732000129763037,2.732000129763037,2.732000129763037,2.732000129763037,14.70000021904707,1.0,2.4314799308776855,0.0,0.0,13.0,3.000000142492354,3.016000143252313,13.90000020712614,20.0,0.0,0.0,-8.557242393493652,0.0,0.0,0.0,1.0,49.0,1050.0,-18.0,98.0,0.0,11.0,0.0,0.0,11.0,10.0,1862.0,104.60674285888672,0.0,0.0,0.0,0.0,0.0,0.0,0.0,0.0,0.0,0.0,0.0,0.0,0.0,0.0,0.0,0.0,13.0,0.0,0.0,0.0,2.0,0
72.00299835205078,11.0,1068.0,39.0,41652.0,0.0,0.0,0.0,44.0,66.0,9.0,0.0,100.0,100.0,100.0,103.0,100.0,103.0,100.0,50.0,50.0,0.0,2.732000129763037,2.732000129763037,2.732000129763037,2.732000129763037,14.70000021904707,1.0,2.4314799308776855,0.0,0.0,13.0,3.000000142492354,2.9730001412099227,13.90000020712614,20.0,0.0,0.0,-8.557242393493652,0.0,0.0,0.0,1.0,49.0,1050.0,-18.0,98.0,0.0,11.0,0.0,0.0,11.0,10.0,1862.0,104.60674285888672,0.0,0.0,0.0,0.0,0.0,0.0,0.0,0.0,0.0,0.0,0.0,0.0,0.0,0.0,0.0,0.0,13.0,0.0,0.0,0.0,2.0,0
72.06999969482422,11.0,1060.0,39.0,41340.0,0.0,0.0,0.0,44.0,66.0,9.0,0.0,100.0,100.0,100.0,103.0,100.0,103.0,100.0,50.0,50.0,0.0,2.732000129763037,2.732000129763037,2.732000129763037,2.732000129763037,14.70000021904707,1.0,2.413266658782959,0.0,0.0,13.0,3.000000142492354,3.0150001432048157,13.90000020712614,0.0,0.0,0.0,-8.557242393493652,0.0,0.0,0.0,1.0,49.0,1050.0,-10.0,98.0,0.0,11.0,0.0,0.0,11.0,10.0,1862.0,105.39622497558594,0.0,0.0,0.0,0.0,0.0,0.0,0.0,0.0,0.0,0.0,0.0,0.0,0.0,0.0,0.0,0.0,13.0,0.0,0.0,0.0,2.0,0
72.13500213623047,11.0,1060.0,39.0,41340.0,0.0,0.0,0.0,44.0,66.0,9.0,0.0,100.0,100.0,100.0,103.0,100.0,103.0,100.0,50.0,50.0,0.0,2.732000129763037,2.732000129763037,2.732000129763037,2.732000129763037,14.70000021904707,1.0,2.413266658782959,0.0,0.0,13.0,3.000000142492354,3.0190001433948055,13.90000020712614,-80.0,0.0,0.0,-8.557242393493652,0.0,0.0,0.0,1.0,49.0,1050.0,-10.0,98.0,0.0,11.0,0.0,0.0,11.0,10.0,1862.0,105.39622497558594,0.0,0.0,0.0,0.0,0.0,0.0,0.0,0.0,0.0,0.0,0.0,0.0,0.0,0.0,0.0,0.0,13.0,0.0,0.0,0.0,2.0,0
72.19999694824219,11.0,1055.0,39.0,41145.0,0.0,0.0,0.0,44.0,66.0,9.0,0.0,100.0,100.0,100.0,103.0,100.0,103.0,100.0,50.0,50.0,0.0,2.732000129763037,2.732000129763037,2.732000129763037,2.732000129763037,14.70000021904707,1.0,2.401883363723755,0.0,0.0,13.0,3.000000142492354,3.100000147242099,14.000000208616257,-80.0,0.0,0.0,-8.557242393493652,0.0,0.0,0.0,1.0,49.0,1050.0,-5.0,98.0,0.0,11.0,0.0,0.0,11.0,10.0,1862.0,105.89573669433594,0.0,0.0,0.0,0.0,0.0,0.0,0.0,0.0,0.0,0.0,0.0,0.0,0.0,0.0,0.0,0.0,13.0,0.0,0.0,0.0,2.0,0
72.2699966430664,11.0,1055.0,39.0,41145.0,0.0,0.0,0.0,44.0,66.0,9.0,0.0,100.0,100.0,100.0,103.0,100.0,103.0,100.0,50.0,50.0,0.0,2.732000129763037,2.732000129763037,2.732000129763037,2.732000129763037,14.70000021904707,1.0,2.401883363723755,0.0,0.0,13.0,3.000000142492354,3.0240001436322927,14.000000208616257,-50.0,0.0,0.0,-8.557242393493652,0.0,0.0,0.0,1.0,50.0,1050.0,-5.0,98.0,0.0,11.0,0.0,0.0,11.0,10.0,1862.0,105.89573669433594,0.0,0.0,0.0,0.0,0.0,0.0,0.0,0.0,0.0,0.0,0.0,0.0,0.0,0.0,0.0,0.0,13.0,0.0,0.0,0.0,2.0,0
72.33599853515625,11.0,1061.0,39.0,41379.0,0.0,0.0,0.0,44.0,66.0,9.0,0.0,100.0,100.0,100.0,103.0,100.0,103.0,100.0,50.0,50.0,0.0,2.732000129763037,2.732000129763037,2.732000129763037,2.732000129763037,14.70000021904707,1.0,2.4155433177948,0.0,0.0,13.0,3.000000142492354,2.976000141352415,14.000000208616257,60.0,0.0,0.0,-8.557242393493652,0.0,0.0,0.0,1.0,50.0,1050.0,-11.0,98.0,0.0,11.0,0.0,0.0,11.0,10.0,1862.0,105.29689025878906,0.0,0.0,0.0,0.0,0.0,0.0,0.0,0.0,0.0,0.0,0.0,0.0,0.0,0.0,0.0,0.0,13.0,0.0,0.0,0.0,2.0,0
72.4000015258789,11.0,1061.0,39.0,41379.0,0.0,0.0,0.0,44.0,66.0,9.0,0.0,100.0,100.0,100.0,103.0,100.0,103.0,100.0,50.0,50.0,0.0,2.732000129763037,2.732000129763037,2.732000129763037,2.732000129763037,14.70000021904707,1.0,2.4155433177948,0.0,0.0,13.0,3.000000142492354,3.0150001432048157,14.000000208616257,60.0,0.0,0.0,-8.557242393493652,0.0,0.0,0.0,1.0,50.0,1050.0,-11.0,98.0,0.0,11.0,0.0,0.0,11.0,10.0,1862.0,105.29689025878906,0.0,0.0,0.0,0.0,0.0,0.0,0.0,0.0,0.0,0.0,0.0,0.0,0.0,0.0,0.0,0.0,13.0,0.0,0.0,0.0,2.0,0
72.46600341796875,12.0,1058.0,39.0,41262.0,0.0,0.0,0.0,44.0,66.0,9.0,0.0,100.0,100.0,100.0,103.0,100.0,103.0,100.0,50.0,50.0,0.0,2.732000129763037,2.732000129763037,2.732000129763037,2.732000129763037,14.70000021904707,1.0,2.4087133407592773,0.0,0.0,13.0,3.000000142492354,3.1680001504719257,14.000000208616257,-30.0,0.0,0.0,-8.557242393493652,0.0,0.0,0.0,1.0,50.0,1050.0,-8.0,98.0,0.0,11.0,0.0,0.0,11.0,10.0,1866.0,105.82230377197266,0.0,0.0,0.0,0.0,0.0,0.0,0.0,0.0,0.0,0.0,0.0,0.0,0.0,0.0,0.0,0.0,13.0,0.0,0.0,0.0,2.0,0
72.53600311279297,12.0,1059.0,39.0,41301.0,0.0,0.0,0.0,44.0,66.0,9.0,0.0,100.0,100.0,100.0,103.0,100.0,103.0,100.0,50.0,50.0,0.0,2.732000129763037,2.732000129763037,2.732000129763037,2.732000129763037,14.70000021904707,1.0,2.410989999771118,0.0,0.0,13.0,3.000000142492354,2.8110001335153356,14.000000208616257,-30.0,0.0,0.0,-8.557242393493652,0.0,0.0,0.0,1.0,50.0,1050.0,-9.0,98.0,0.0,11.0,0.0,0.0,11.0,10.0,1866.0,105.72238159179688,0.0,0.0,0.0,0.0,0.0,0.0,0.0,0.0,0.0,0.0,0.0,0.0,0.0,0.0,0.0,0.0,13.0,0.0,0.0,0.0,2.0,0
72.60099792480469,12.0,1059.0,39.0,41301.0,0.0,0.0,0.0,44.0,66.0,9.0,0.0,100.0,100.0,100.0,103.0,100.0,103.0,100.0,50.0,50.0,0.0,2.732000129763037,2.732000129763037,2.732000129763037,2.732000129763037,14.70000021904707,1.0,2.410989999771118,0.0,0.0,13.0,3.000000142492354,3.0140001431573182,14.000000208616257,10.0,0.0,0.0,-8.557242393493652,0.0,0.0,0.0,1.0,50.0,1050.0,-9.0,98.0,0.0,11.0,0.0,0.0,11.0,10.0,1866.0,105.72238159179688,0.0,0.0,0.0,0.0,0.0,0.0,0.0,0.0,0.0,0.0,0.0,0.0,0.0,0.0,0.0,0.0,13.0,0.0,0.0,0.0,2.0,0
72.66699981689453,12.0,1057.0,39.0,41223.0,0.0,0.0,0.0,44.0,66.0,9.0,0.0,100.0,100.0,100.0,103.0,100.0,103.0,100.0,50.0,50.0,0.0,2.732000129763037,2.732000129763037,2.732000129763037,2.732000129763037,14.70000021904707,1.0,2.4064366817474365,0.0,0.0,13.0,3.000000142492354,3.0370001442497596,14.000000208616257,-20.0,0.0,0.0,-8.557242393493652,0.0,0.0,0.0,1.0,50.0,1050.0,-7.0,98.0,0.0,11.0,0.0,0.0,11.0,10.0,1866.0,105.92242431640625,0.0,0.0,0.0,0.0,0.0,0.0,0.0,0.0,0.0,0.0,0.0,0.0,0.0,0.0,0.0,0.0,13.0,0.0,0.0,0.0,2.0,0
72.73300170898438,12.0,1057.0,39.0,41223.0,0.0,0.0,0.0,44.0,66.0,9.0,0.0,100.0,100.0,100.0,103.0,100.0,103.0,100.0,50.0,50.0,0.0,2.732000129763037,2.732000129763037,2.732000129763037,2.732000129763037,14.70000021904707,1.0,2.4064366817474365,0.0,0.0,13.0,3.000000142492354,3.016000143252313,14.000000208616257,-20.0,0.0,0.0,-8.557242393493652,0.0,0.0,0.0,1.0,50.0,1050.0,-7.0,98.0,0.0,11.0,0.0,0.0,11.0,10.0,1866.0,105.92242431640625,0.0,0.0,0.0,0.0,0.0,0.0,0.0,0.0,0.0,0.0,0.0,0.0,0.0,0.0,0.0,0.0,13.0,0.0,0.0,0.0,2.0,0
72.8030014038086,12.0,1062.0,39.0,41418.0,0.0,0.0,0.0,44.0,66.0,9.0,0.0,100.0,100.0,100.0,103.0,100.0,103.0,100.0,50.0,50.0,0.0,2.732000129763037,2.732000129763037,2.732000129763037,2.732000129763037,14.70000021904707,1.0,2.4178199768066406,0.0,0.0,13.0,3.000000142492354,3.0460001446772367,14.000000208616257,0.0,0.0,0.0,-8.557242393493652,0.0,0.0,0.0,1.0,50.0,1050.0,-12.0,98.0,0.0,11.0,0.0,0.0,11.0,10.0,1866.0,105.4237289428711,0.0,0.0,0.0,0.0,0.0,0.0,0.0,0.0,0.0,0.0,0.0,0.0,0.0,0.0,0.0,0.0,13.0,0.0,0.0,0.0,2.0,0
72.86699676513672,12.0,1064.0,39.0,41496.0,0.0,0.0,0.0,44.0,66.0,9.0,0.0,100.0,100.0,100.0,103.0,100.0,103.0,100.0,50.0,50.0,0.0,2.732000129763037,2.732000129763037,2.732000129763037,2.732000129763037,14.70000021904707,1.0,2.4223732948303223,0.0,0.0,13.0,3.000000142492354,3.005000142729841,14.000000208616257,50.0,0.0,0.0,-8.557242393493652,0.0,0.0,0.0,1.0,49.0,1050.0,-14.0,98.0,0.0,11.0,0.0,0.0,11.0,10.0,1866.0,105.2255630493164,0.0,0.0,0.0,0.0,0.0,0.0,0.0,0.0,0.0,0.0,0.0,0.0,0.0,0.0,0.0,0.0,13.0,0.0,0.0,0.0,2.0,0
72.93299865722656,12.0,1064.0,39.0,41496.0,0.0,0.0,0.0,44.0,66.0,9.0,0.0,100.0,100.0,100.0,103.0,100.0,103.0,100.0,50.0,50.0,0.0,2.732000129763037,2.732000129763037,2.732000129763037,2.732000129763037,14.70000021904707,1.0,2.4223732948303223,0.0,0.0,13.0,3.000000142492354,3.0150001432048157,14.000000208616257,50.0,0.0,0.0,-8.557242393493652,0.0,0.0,0.0,1.0,49.0,1050.0,-14.0,98.0,0.0,11.0,0.0,0.0,11.0,10.0,1866.0,105.2255630493164,0.0,0.0,0.0,0.0,0.0,0.0,0.0,0.0,0.0,0.0,0.0,0.0,0.0,0.0,0.0,0.0,13.0,0.0,0.0,0.0,2.0,0
72.9990005493164,12.0,1066.0,39.0,41574.0,0.0,0.0,0.0,44.0,66.0,9.0,0.0,100.0,100.0,100.0,103.0,100.0,103.0,100.0,50.0,50.0,0.0,2.732000129763037,2.732000129763037,2.732000129763037,2.732000129763037,14.70000021904707,1.0,2.426926612854004,0.0,0.0,13.0,3.000000142492354,3.022000143537298,14.000000208616257,20.0,0.0,0.0,-8.557242393493652,0.0,0.0,0.0,1.0,49.0,1050.0,-16.0,98.0,0.0,11.0,0.0,0.0,11.0,10.0,1866.0,105.02814483642578,0.0,0.0,0.0,0.0,0.0,0.0,0.0,0.0,0.0,0.0,0.0,0.0,0.0,0.0,0.0,0.0,13.0,0.0,0.0,0.0,2.0,0
73.06800079345703,12.0,1066.0,39.0,41574.0,0.0,0.0,0.0,44.0,66.0,9.0,0.0,100.0,100.0,100.0,103.0,100.0,103.0,100.0,50.0,50.0,0.0,2.732000129763037,2.732000129763037,2.732000129763037,2.732000129763037,14.70000021904707,1.0,2.426926612854004,0.0,0.0,13.0,3.000000142492354,3.0170001432998106,14.000000208616257,20.0,0.0,0.0,-8.557242393493652,0.0,0.0,0.0,1.0,49.0,1050.0,-16.0,98.0,0.0,11.0,0.0,0.0,11.0,10.0,1866.0,105.02814483642578,0.0,0.0,0.0,0.0,0.0,0.0,0.0,0.0,0.0,0.0,0.0,0.0,0.0,0.0,0.0,0.0,13.0,0.0,0.0,0.0,2.0,0
73.13500213623047,12.0,1069.0,39.0,41691.0,0.0,0.0,0.0,44.0,66.0,9.0,0.0,100.0,100.0,100.0,103.0,100.0,103.0,100.0,50.0,50.0,0.0,2.732000129763037,2.732000129763037,2.732000129763037,2.732000129763037,14.70000021904707,1.0,2.4337565898895264,0.0,0.0,13.0,3.000000142492354,2.956000140402466,14.000000208616257,20.0,0.0,0.0,-8.557242393493652,0.0,0.0,0.0,1.0,49.0,1050.0,-19.0,98.0,0.0,11.0,0.0,0.0,11.0,10.0,1866.0,104.7333984375,0.0,0.0,0.0,0.0,0.0,0.0,0.0,0.0,0.0,0.0,0.0,0.0,0.0,0.0,0.0,0.0,13.0,0.0,0.0,0.0,2.0,0
73.19999694824219,12.0,1068.0,39.0,41652.0,0.0,0.0,0.0,44.0,66.0,9.0,0.0,100.0,100.0,100.0,103.0,100.0,103.0,100.0,50.0,50.0,0.0,2.732000129763037,2.732000129763037,2.732000129763037,2.732000129763037,14.70000021904707,1.0,2.4314799308776855,0.0,0.0,13.0,3.000000142492354,3.0610001453896984,14.000000208616257,30.0,0.0,0.0,-8.557242393493652,0.0,0.0,0.0,1.0,48.0,1050.0,-18.0,98.0,0.0,11.0,0.0,0.0,11.0,10.0,1866.0,104.83145904541016,0.0,0.0,0.0,0.0,0.0,0.0,0.0,0.0,0.0,0.0,0.0,0.0,0.0,0.0,0.0,0.0,13.0,0.0,0.0,0.0,2.0,0
73.26899719238281,12.0,1068.0,39.0,41652.0,0.0,0.0,0.0,44.0,66.0,9.0,0.0,100.0,100.0,100.0,103.0,100.0,103.0,100.0,50.0,50.0,0.0,2.732000129763037,2.732000129763037,2.732000129763037,2.732000129763037,14.70000021904707,1.0,2.4314799308776855,0.0,0.0,13.0,3.000000142492354,3.0120001430623233,14.000000208616257,-10.0,0.0,0.0,-8.557242393493652,0.0,0.0,0.0,1.0,48.0,1050.0,-18.0,98.0,0.0,11.0,0.0,0.0,11.0,10.0,1866.0,104.83145904541016,0.0,0.0,0.0,0.0,0.0,0.0,0.0,0.0,0.0,0.0,0.0,0.0,0.0,0.0,0.0,0.0,13.0,0.0,0.0,0.0,2.0,0
73.33399963378906,12.0,1069.0,39.0,41691.0,0.0,0.0,0.0,44.0,66.0,9.0,0.0,100.0,100.0,100.0,103.0,100.0,103.0,100.0,50.0,50.0,0.0,2.732000129763037,2.732000129763037,2.732000129763037,2.732000129763037,14.70000021904707,1.0,2.4337565898895264,0.0,0.0,13.0,3.000000142492354,2.994000142207369,14.000000208616257,-10.0,0.0,0.0,-8.557242393493652,0.0,0.0,0.0,1.0,48.0,1050.0,-19.0,98.0,0.0,11.0,0.0,0.0,11.0,10.0,1866.0,104.7333984375,0.0,0.0,0.0,0.0,0.0,0.0,0.0,0.0,0.0,0.0,0.0,0.0,0.0,0.0,0.0,0.0,13.0,0.0,0.0,0.0,2.0,0
73.4000015258789,12.0,1069.0,39.0,41691.0,0.0,0.0,0.0,44.0,66.0,9.0,0.0,100.0,100.0,100.0,103.0,100.0,103.0,100.0,50.0,50.0,0.0,2.732000129763037,2.732000129763037,2.732000129763037,2.732000129763037,14.70000021904707,1.0,2.4337565898895264,0.0,0.0,13.0,3.000000142492354,3.0150001432048157,14.000000208616257,10.0,0.0,0.0,-8.557242393493652,0.0,0.0,0.0,1.0,48.0,1050.0,-19.0,98.0,0.0,11.0,0.0,0.0,11.0,10.0,1866.0,104.7333984375,0.0,0.0,0.0,0.0,0.0,0.0,0.0,0.0,0.0,0.0,0.0,0.0,0.0,0.0,0.0,0.0,13.0,0.0,0.0,0.0,2.0,0
73.46700286865234,13.0,1064.0,39.0,41496.0,0.0,0.0,0.0,44.0,66.0,9.0,0.0,100.0,100.0,100.0,103.0,100.0,103.0,100.0,50.0,50.0,0.0,2.732000129763037,2.732000129763037,2.732000129763037,2.732000129763037,14.70000021904707,1.0,2.4223732948303223,0.0,0.0,13.0,3.000000142492354,2.994000142207369,14.000000208616257,-50.0,0.0,0.0,-8.557242393493652,0.0,0.0,0.0,1.0,48.0,1050.0,-14.0,98.0,0.0,11.0,0.0,0.0,11.0,10.0,1868.0,105.33834838867188,0.0,0.0,0.0,0.0,0.0,0.0,0.0,0.0,0.0,0.0,0.0,0.0,0.0,0.0,0.0,0.0,13.0,0.0,0.0,0.0,2.0,0
73.53600311279297,13.0,1058.0,39.0,41262.0,0.0,0.0,0.0,44.0,66.0,9.0,0.0,100.0,100.0,100.0,103.0,100.0,103.0,100.0,50.0,50.0,0.0,2.732000129763037,2.732000129763037,2.732000129763037,2.732000129763037,14.70000021904707,1.0,2.4087133407592773,0.0,0.0,13.0,3.000000142492354,3.0150001432048157,14.000000208616257,-50.0,0.0,0.0,-8.557242393493652,0.0,0.0,0.0,1.0,48.0,1050.0,-8.0,98.0,0.0,11.0,0.0,0.0,11.0,10.0,1868.0,105.93572998046875,0.0,0.0,0.0,0.0,0.0,0.0,0.0,0.0,0.0,0.0,0.0,0.0,0.0,0.0,0.0,0.0,13.0,0.0,0.0,0.0,2.0,0
73.5999984741211,13.0,1058.0,39.0,41262.0,0.0,0.0,0.0,44.0,66.0,9.0,0.0,100.0,100.0,100.0,103.0,100.0,103.0,100.0,50.0,50.0,0.0,2.732000129763037,2.732000129763037,2.732000129763037,2.732000129763037,14.70000021904707,1.0,2.4087133407592773,0.0,0.0,13.0,3.000000142492354,3.0340001441072673,14.000000208616257,-60.0,0.0,0.0,-8.557242393493652,0.0,0.0,0.0,1.0,48.0,1050.0,-8.0,98.0,0.0,11.0,0.0,0.0,11.0,10.0,1868.0,105.93572998046875,0.0,0.0,0.0,0.0,0.0,0.0,0.0,0.0,0.0,0.0,0.0,0.0,0.0,0.0,0.0,0.0,13.0,0.0,0.0,0.0,2.0,0
73.66699981689453,13.0,1057.0,39.0,41223.0,0.0,0.0,0.0,44.0,66.0,9.0,0.0,100.0,100.0,100.0,103.0,100.0,103.0,100.0,50.0,50.0,0.0,2.732000129763037,2.732000129763037,2.732000129763037,2.732000129763037,14.70000021904707,1.0,2.4064366817474365,0.0,0.0,13.0,3.000000142492354,3.118000148097053,14.000000208616257,-10.0,0.0,0.0,-8.557242393493652,0.0,0.0,0.0,1.0,48.0,1050.0,-7.0,98.0,0.0,11.0,0.0,0.0,11.0,10.0,1868.0,106.03594970703125,0.0,0.0,0.0,0.0,0.0,0.0,0.0,0.0,0.0,0.0,0.0,0.0,0.0,0.0,0.0,0.0,13.0,0.0,0.0,0.0,2.0,0
73.73600006103516,13.0,1057.0,39.0,41223.0,0.0,0.0,0.0,44.0,66.0,9.0,0.0,100.0,100.0,100.0,103.0,100.0,103.0,100.0,50.0,50.0,0.0,2.732000129763037,2.732000129763037,2.732000129763037,2.732000129763037,14.70000021904707,1.0,2.4064366817474365,0.0,0.0,13.0,3.000000142492354,3.02500014367979,14.000000208616257,-10.0,0.0,0.0,-8.557242393493652,0.0,0.0,0.0,1.0,48.0,1050.0,-7.0,98.0,0.0,11.0,0.0,0.0,11.0,10.0,1868.0,106.03594970703125,0.0,0.0,0.0,0.0,0.0,0.0,0.0,0.0,0.0,0.0,0.0,0.0,0.0,0.0,0.0,0.0,13.0,0.0,0.0,0.0,2.0,0
73.8030014038086,13.0,1053.0,39.0,41067.0,0.0,0.0,0.0,44.0,66.0,9.0,0.0,100.0,100.0,100.0,103.0,100.0,103.0,100.0,50.0,50.0,0.0,2.732000129763037,2.732000129763037,2.732000129763037,2.732000129763037,14.70000021904707,1.0,2.3973300457000732,0.0,0.0,13.0,3.000000142492354,3.111000147764571,14.000000208616257,0.0,0.0,0.0,-8.557242393493652,0.0,0.0,0.0,1.0,49.0,1050.0,-3.0,98.0,0.0,11.0,0.0,0.0,11.0,10.0,1868.0,106.4387435913086,0.0,0.0,0.0,0.0,0.0,0.0,0.0,0.0,0.0,0.0,0.0,0.0,0.0,0.0,0.0,0.0,13.0,0.0,0.0,0.0,2.0,0
73.86599731445312,13.0,1053.0,39.0,41067.0,0.0,0.0,0.0,44.0,66.0,9.0,0.0,100.0,100.0,100.0,103.0,100.0,103.0,100.0,50.0,50.0,0.0,2.732000129763037,2.732000129763037,2.732000129763037,2.732000129763037,14.70000021904707,1.0,2.3973300457000732,0.0,0.0,13.0,3.000000142492354,3.0170001432998106,14.000000208616257,-40.0,0.0,0.0,-8.557242393493652,0.0,0.0,0.0,1.0,49.0,1050.0,-3.0,98.0,0.0,11.0,0.0,0.0,11.0,10.0,1868.0,106.4387435913086,0.0,0.0,0.0,0.0,0.0,0.0,0.0,0.0,0.0,0.0,0.0,0.0,0.0,0.0,0.0,0.0,13.0,0.0,0.0,0.0,2.0,0
73.93299865722656,13.0,1046.0,39.0,40794.0,0.0,0.0,0.0,44.0,66.0,9.0,0.0,100.0,100.0,100.0,103.0,100.0,103.0,100.0,50.0,50.0,0.0,2.732000129763037,2.732000129763037,2.732000129763037,2.732000129763037,14.70000021904707,1.0,2.3813934326171875,0.0,0.0,13.0,3.000000142492354,3.1680001504719257,14.000000208616257,-40.0,0.0,0.0,-8.557242393493652,0.0,0.0,0.0,1.0,49.0,1050.0,4.0,98.0,0.0,11.0,0.0,0.0,11.0,10.0,1868.0,107.15105438232422,0.0,0.0,0.0,0.0,0.0,0.0,0.0,0.0,0.0,0.0,0.0,0.0,0.0,0.0,0.0,0.0,13.0,0.0,0.0,0.0,2.0,0
74.00199890136719,13.0,1055.0,39.0,41145.0,0.0,0.0,0.0,44.0,66.0,9.0,0.0,100.0,100.0,100.0,103.0,100.0,103.0,100.0,50.0,50.0,0.0,2.732000129763037,2.732000129763037,2.732000129763037,2.732000129763037,14.70000021904707,1.0,2.401883363723755,0.0,0.0,13.0,3.000000142492354,3.047000144724734,14.100000210106373,-70.0,0.0,0.0,-8.557242393493652,0.0,0.0,0.0,1.0,49.0,1050.0,-5.0,98.0,0.0,11.0,0.0,0.0,11.0,10.0,1868.0,106.23696899414062,0.0,0.0,0.0,0.0,0.0,0.0,0.0,0.0,0.0,0.0,0.0,0.0,0.0,0.0,0.0,0.0,13.0,0.0,0.0,0.0,2.0,0
74.06800079345703,13.0,1055.0,39.0,41145.0,0.0,0.0,0.0,44.0,66.0,9.0,0.0,100.0,100.0,100.0,103.0,100.0,103.0,100.0,50.0,50.0,0.0,2.732000129763037,2.732000129763037,2.732000129763037,2.732000129763037,14.70000021904707,1.0,2.401883363723755,0.0,0.0,13.0,3.000000142492354,3.0240001436322927,14.100000210106373,90.0,0.0,0.0,-8.557242393493652,0.0,0.0,0.0,1.0,50.0,1050.0,-5.0,98.0,0.0,11.0,0.0,0.0,11.0,10.0,1868.0,106.23696899414062,0.0,0.0,0.0,0.0,0.0,0.0,0.0,0.0,0.0,0.0,0.0,0.0,0.0,0.0,0.0,0.0,13.0,0.0,0.0,0.0,2.0,0
74.13300323486328,13.0,1057.0,39.0,41223.0,0.0,0.0,0.0,44.0,66.0,9.0,0.0,100.0,100.0,100.0,103.0,100.0,103.0,100.0,50.0,50.0,0.0,2.732000129763037,2.732000129763037,2.732000129763037,2.732000129763037,14.70000021904707,1.0,2.4064366817474365,0.0,0.0,13.0,3.000000142492354,3.0370001442497596,14.100000210106373,90.0,0.0,0.0,-8.557242393493652,0.0,0.0,0.0,1.0,50.0,1050.0,-7.0,98.0,0.0,11.0,0.0,0.0,11.0,10.0,1868.0,106.03594970703125,0.0,0.0,0.0,0.0,0.0,0.0,0.0,0.0,0.0,0.0,0.0,0.0,0.0,0.0,0.0,0.0,13.0,0.0,0.0,0.0,2.0,0
74.1989974975586,13.0,1057.0,39.0,41223.0,0.0,0.0,0.0,44.0,66.0,9.0,0.0,100.0,100.0,100.0,103.0,100.0,103.0,100.0,50.0,50.0,0.0,2.732000129763037,2.732000129763037,2.732000129763037,2.732000129763037,14.70000021904707,1.0,2.4064366817474365,0.0,0.0,13.0,3.000000142492354,3.016000143252313,14.100000210106373,20.0,0.0,0.0,-8.557242393493652,0.0,0.0,0.0,1.0,50.0,1050.0,-7.0,98.0,0.0,11.0,0.0,0.0,11.0,10.0,1868.0,106.03594970703125,0.0,0.0,0.0,0.0,0.0,0.0,0.0,0.0,0.0,0.0,0.0,0.0,0.0,0.0,0.0,0.0,13.0,0.0,0.0,0.0,2.0,0
74.26899719238281,13.0,1052.0,39.0,41028.0,0.0,0.0,0.0,44.0,66.0,9.0,0.0,100.0,100.0,100.0,103.0,100.0,103.0,100.0,50.0,50.0,0.0,2.732000129763037,2.732000129763037,2.732000129763037,2.732000129763037,14.70000021904707,1.0,2.3950533866882324,0.0,0.0,13.0,3.000000142492354,3.1560001499019563,14.100000210106373,-50.0,0.0,0.0,-8.557242393493652,0.0,0.0,0.0,1.0,50.0,1050.0,-2.0,98.0,0.0,11.0,0.0,0.0,11.0,10.0,1868.0,106.53992462158203,0.0,0.0,0.0,0.0,0.0,0.0,0.0,0.0,0.0,0.0,0.0,0.0,0.0,0.0,0.0,0.0,13.0,0.0,0.0,0.0,2.0,0
74.33399963378906,13.0,1057.0,39.0,41223.0,0.0,0.0,0.0,44.0,66.0,9.0,0.0,100.0,100.0,100.0,103.0,100.0,103.0,100.0,50.0,50.0,0.0,2.732000129763037,2.732000129763037,2.732000129763037,2.732000129763037,14.70000021904707,1.0,2.4064366817474365,0.0,0.0,13.0,3.000000142492354,3.0170001432998106,14.100000210106373,-50.0,0.0,0.0,-8.557242393493652,0.0,0.0,0.0,1.0,50.0,1050.0,-7.0,98.0,0.0,11.0,0.0,0.0,11.0,10.0,1868.0,106.03594970703125,0.0,0.0,0.0,0.0,0.0,0.0,0.0,0.0,0.0,0.0,0.0,0.0,0.0,0.0,0.0,0.0,13.0,0.0,0.0,0.0,2.0,0
74.4000015258789,13.0,1057.0,39.0,41223.0,0.0,0.0,0.0,44.0,66.0,9.0,0.0,100.0,100.0,100.0,103.0,100.0,103.0,100.0,50.0,50.0,0.0,2.732000129763037,2.732000129763037,2.732000129763037,2.732000129763037,14.70000021904707,1.0,2.4064366817474365,0.0,0.0,13.0,3.000000142492354,3.0260001437272877,14.100000210106373,50.0,0.0,0.0,-8.557242393493652,0.0,0.0,0.0,1.0,49.0,1050.0,-7.0,98.0,0.0,11.0,0.0,0.0,11.0,10.0,1868.0,106.03594970703125,0.0,0.0,0.0,0.0,0.0,0.0,0.0,0.0,0.0,0.0,0.0,0.0,0.0,0.0,0.0,0.0,13.0,0.0,0.0,0.0,2.0,0
74.46600341796875,14.0,1060.0,39.0,41340.0,0.0,0.0,0.0,44.0,66.0,9.0,0.0,100.0,100.0,100.0,103.0,100.0,103.0,100.0,50.0,50.0,0.0,2.732000129763037,2.732000129763037,2.732000129763037,2.732000129763037,14.70000021904707,1.0,2.413266658782959,0.0,0.0,13.0,3.000000142492354,2.949000140069984,14.000000208616257,30.0,0.0,0.0,-8.557242393493652,0.0,0.0,0.0,1.0,49.0,1050.0,-10.0,98.0,0.0,11.0,0.0,0.0,11.0,10.0,1867.0,105.67924499511719,0.0,0.0,0.0,0.0,0.0,0.0,0.0,0.0,0.0,0.0,0.0,0.0,0.0,0.0,0.0,0.0,13.0,0.0,0.0,0.0,2.0,0
74.53500366210938,14.0,1060.0,39.0,41340.0,0.0,0.0,0.0,44.0,66.0,9.0,0.0,100.0,100.0,100.0,103.0,100.0,103.0,100.0,50.0,50.0,0.0,2.732000129763037,2.732000129763037,2.732000129763037,2.732000129763037,14.70000021904707,1.0,2.413266658782959,0.0,0.0,13.0,3.000000142492354,3.016000143252313,14.000000208616257,30.0,0.0,0.0,-8.557242393493652,0.0,0.0,0.0,1.0,49.0,1050.0,-10.0,98.0,0.0,11.0,0.0,0.0,11.0,10.0,1867.0,105.67924499511719,0.0,0.0,0.0,0.0,0.0,0.0,0.0,0.0,0.0,0.0,0.0,0.0,0.0,0.0,0.0,0.0,13.0,0.0,0.0,0.0,2.0,0
74.60399627685547,14.0,1058.0,39.0,41262.0,0.0,0.0,0.0,44.0,66.0,9.0,0.0,100.0,100.0,100.0,103.0,100.0,103.0,100.0,50.0,50.0,0.0,2.732000129763037,2.732000129763037,2.732000129763037,2.732000129763037,14.70000021904707,1.0,2.4087133407592773,0.0,0.0,13.0,3.000000142492354,2.905000137980096,14.000000208616257,-20.0,0.0,0.0,-8.557242393493652,0.0,0.0,0.0,1.0,49.0,1050.0,-8.0,98.0,0.0,11.0,0.0,0.0,11.0,10.0,1867.0,105.87902069091797,0.0,0.0,0.0,0.0,0.0,0.0,0.0,0.0,0.0,0.0,0.0,0.0,0.0,0.0,0.0,0.0,13.0,0.0,0.0,0.0,2.0,0
74.66999816894531,14.0,1054.0,39.0,41106.0,0.0,0.0,0.0,44.0,66.0,9.0,0.0,100.0,100.0,100.0,103.0,100.0,103.0,100.0,50.0,50.0,0.0,2.732000129763037,2.732000129763037,2.732000129763037,2.732000129763037,14.70000021904707,1.0,2.399606704711914,0.0,0.0,13.0,3.000000142492354,3.0140001431573182,14.000000208616257,-40.0,0.0,0.0,-8.557242393493652,0.0,0.0,0.0,1.0,50.0,1050.0,-4.0,98.0,0.0,11.0,0.0,0.0,11.0,10.0,1867.0,106.28083801269531,0.0,0.0,0.0,0.0,0.0,0.0,0.0,0.0,0.0,0.0,0.0,0.0,0.0,0.0,0.0,0.0,13.0,0.0,0.0,0.0,2.0,0
74.73500061035156,14.0,1054.0,39.0,41106.0,0.0,0.0,0.0,44.0,66.0,9.0,0.0,100.0,100.0,100.0,103.0,100.0,103.0,100.0,50.0,50.0,0.0,2.732000129763037,2.732000129763037,2.732000129763037,2.732000129763037,14.70000021904707,1.0,2.399606704711914,0.0,0.0,13.0,3.000000142492354,3.0190001433948055,14.000000208616257,-40.0,0.0,0.0,-8.557242393493652,0.0,0.0,0.0,1.0,50.0,1050.0,-4.0,98.0,0.0,11.0,0.0,0.0,11.0,10.0,1867.0,106.28083801269531,0.0,0.0,0.0,0.0,0.0,0.0,0.0,0.0,0.0,0.0,0.0,0.0,0.0,0.0,0.0,0.0,13.0,0.0,0.0,0.0,2.0,0
74.8010025024414,14.0,1054.0,39.0,41106.0,0.0,0.0,0.0,44.0,66.0,9.0,0.0,100.0,100.0,100.0,103.0,100.0,103.0,100.0,50.0,50.0,0.0,2.732000129763037,2.732000129763037,2.732000129763037,2.732000129763037,14.70000021904707,1.0,2.399606704711914,0.0,0.0,13.0,3.000000142492354,3.1320001487620175,14.000000208616257,0.0,0.0,0.0,-8.557242393493652,0.0,0.0,0.0,1.0,50.0,1050.0,-4.0,98.0,0.0,11.0,0.0,0.0,11.0,10.0,1867.0,106.28083801269531,0.0,0.0,0.0,0.0,0.0,0.0,0.0,0.0,0.0,0.0,0.0,0.0,0.0,0.0,0.0,0.0,13.0,0.0,0.0,0.0,2.0,0
74.86699676513672,14.0,1054.0,39.0,41106.0,0.0,0.0,0.0,44.0,66.0,9.0,0.0,100.0,100.0,100.0,103.0,100.0,103.0,100.0,50.0,50.0,0.0,2.732000129763037,2.732000129763037,2.732000129763037,2.732000129763037,14.70000021904707,1.0,2.399606704711914,0.0,0.0,13.0,3.000000142492354,3.0140001431573182,14.000000208616257,0.0,0.0,0.0,-8.557242393493652,0.0,0.0,0.0,1.0,50.0,1050.0,-4.0,98.0,0.0,11.0,0.0,0.0,11.0,10.0,1867.0,106.28083801269531,0.0,0.0,0.0,0.0,0.0,0.0,0.0,0.0,0.0,0.0,0.0,0.0,0.0,0.0,0.0,0.0,13.0,0.0,0.0,0.0,2.0,0
74.93599700927734,14.0,1055.0,39.0,41145.0,0.0,0.0,0.0,44.0,66.0,9.0,0.0,100.0,100.0,100.0,103.0,100.0,103.0,100.0,50.0,50.0,0.0,2.732000129763037,2.732000129763037,2.732000129763037,2.732000129763037,14.70000021904707,1.0,2.401883363723755,0.0,0.0,13.0,3.000000142492354,3.1050001474795863,14.000000208616257,0.0,0.0,0.0,-8.557242393493652,0.0,0.0,0.0,1.0,50.0,1050.0,-5.0,98.0,0.0,11.0,0.0,0.0,11.0,10.0,1867.0,106.18009185791016,0.0,0.0,0.0,0.0,0.0,0.0,0.0,0.0,0.0,0.0,0.0,0.0,0.0,0.0,0.0,0.0,13.0,0.0,0.0,0.0,2.0,0
75.00199890136719,14.0,1055.0,39.0,41145.0,0.0,0.0,0.0,44.0,66.0,9.0,0.0,100.0,100.0,100.0,103.0,100.0,103.0,100.0,50.0,50.0,0.0,2.732000129763037,2.732000129763037,2.732000129763037,2.732000129763037,14.70000021904707,1.0,2.401883363723755,0.0,0.0,13.0,3.000000142492354,3.0240001436322927,14.000000208616257,10.0,0.0,0.0,-8.557242393493652,0.0,0.0,0.0,1.0,49.0,1050.0,-5.0,98.0,0.0,11.0,0.0,0.0,11.0,10.0,1867.0,106.18009185791016,0.0,0.0,0.0,0.0,0.0,0.0,0.0,0.0,0.0,0.0,0.0,0.0,0.0,0.0,0.0,0.0,13.0,0.0,0.0,0.0,2.0,0
75.06700134277344,14.0,1055.0,39.0,41145.0,0.0,0.0,0.0,44.0,66.0,9.0,0.0,100.0,100.0,100.0,103.0,100.0,103.0,100.0,50.0,50.0,0.0,2.732000129763037,2.732000129763037,2.732000129763037,2.732000129763037,14.70000021904707,1.0,2.401883363723755,0.0,0.0,13.0,3.000000142492354,2.9820001416374,14.000000208616257,10.0,0.0,0.0,-8.557242393493652,0.0,0.0,0.0,1.0,49.0,1050.0,-5.0,98.0,0.0,11.0,0.0,0.0,11.0,10.0,1867.0,106.18009185791016,0.0,0.0,0.0,0.0,0.0,0.0,0.0,0.0,0.0,0.0,0.0,0.0,0.0,0.0,0.0,0.0,13.0,0.0,0.0,0.0,2.0,0
75.13200378417969,14.0,1054.0,39.0,41106.0,0.0,0.0,0.0,44.0,66.0,9.0,0.0,100.0,100.0,100.0,103.0,100.0,103.0,100.0,50.0,50.0,0.0,2.732000129763037,2.732000129763037,2.732000129763037,2.732000129763037,14.70000021904707,1.0,2.399606704711914,0.0,0.0,13.0,3.000000142492354,3.093000146909617,14.000000208616257,0.0,0.0,0.0,-8.557242393493652,0.0,0.0,0.0,1.0,49.0,1050.0,-4.0,98.0,0.0,11.0,0.0,0.0,11.0,10.0,1867.0,106.28083801269531,0.0,0.0,0.0,0.0,0.0,0.0,0.0,0.0,0.0,0.0,0.0,0.0,0.0,0.0,0.0,0.0,13.0,0.0,0.0,0.0,2.0,0
75.1969985961914,14.0,1054.0,39.0,41106.0,0.0,0.0,0.0,44.0,66.0,9.0,0.0,100.0,100.0,100.0,103.0,100.0,103.0,100.0,50.0,50.0,0.0,2.732000129763037,2.732000129763037,2.732000129763037,2.732000129763037,14.70000021904707,1.0,2.399606704711914,0.0,0.0,13.0,3.000000142492354,3.020000143442303,14.000000208616257,-10.0,0.0,0.0,-8.557242393493652,0.0,0.0,0.0,1.0,49.0,1050.0,-4.0,98.0,0.0,11.0,0.0,0.0,11.0,10.0,1867.0,106.28083801269531,0.0,0.0,0.0,0.0,0.0,0.0,0.0,0.0,0.0,0.0,0.0,0.0,0.0,0.0,0.0,0.0,13.0,0.0,0.0,0.0,2.0,0
75.26899719238281,14.0,1060.0,39.0,41340.0,0.0,0.0,0.0,44.0,66.0,9.0,0.0,100.0,100.0,100.0,103.0,100.0,103.0,100.0,50.0,50.0,0.0,2.732000129763037,2.732000129763037,2.732000129763037,2.732000129763037,14.70000021904707,1.0,2.413266658782959,0.0,0.0,13.0,3.000000142492354,3.051000144914724,14.000000208616257,-10.0,0.0,0.0,-8.557242393493652,0.0,0.0,0.0,1.0,49.0,1050.0,-10.0,98.0,0.0,11.0,0.0,0.0,11.0,10.0,1867.0,105.67924499511719,0.0,0.0,0.0,0.0,0.0,0.0,0.0,0.0,0.0,0.0,0.0,0.0,0.0,0.0,0.0,0.0,13.0,0.0,0.0,0.0,2.0,0
75.26899719238281,14.0,1060.0,39.0,41340.0,0.0,0.0,0.0,44.0,66.0,9.0,0.0,100.0,100.0,100.0,103.0,100.0,103.0,100.0,50.0,50.0,0.0,2.732000129763037,2.732000129763037,2.732000129763037,2.732000129763037,14.70000021904707,1.0,2.413266658782959,0.0,0.0,13.0,3.000000142492354,3.016000143252313,14.000000208616257,60.0,0.0,0.0,-8.557242393493652,0.0,0.0,0.0,1.0,48.0,1050.0,-10.0,98.0,0.0,11.0,0.0,0.0,11.0,10.0,1867.0,105.67924499511719,0.0,0.0,0.0,0.0,0.0,0.0,0.0,0.0,0.0,0.0,0.0,0.0,0.0,0.0,0.0,0.0,13.0,0.0,0.0,0.0,2.0,0
75.39900207519531,14.0,1065.0,39.0,41535.0,0.0,0.0,0.0,44.0,66.0,9.0,0.0,100.0,100.0,100.0,103.0,100.0,103.0,100.0,50.0,50.0,0.0,2.732000129763037,2.732000129763037,2.732000129763037,2.732000129763037,14.70000021904707,1.0,2.424649953842163,0.0,0.0,13.0,3.000000142492354,3.173000150709413,14.000000208616257,50.0,0.0,0.0,-8.557242393493652,0.0,0.0,0.0,1.0,48.0,1050.0,-15.0,98.0,0.0,11.0,0.0,0.0,11.0,10.0,1867.0,105.18309783935547,0.0,0.0,0.0,0.0,0.0,0.0,0.0,0.0,0.0,0.0,0.0,0.0,0.0,0.0,0.0,0.0,13.0,0.0,0.0,0.0,2.0,0
75.46900177001953,14.0,1068.0,39.0,41652.0,0.0,0.0,0.0,44.0,66.0,9.0,0.0,100.0,100.0,100.0,103.0,100.0,103.0,100.0,50.0,50.0,0.0,2.732000129763037,2.732000129763037,2.732000129763037,2.732000129763037,14.70000021904707,1.0,2.4314799308776855,0.0,0.0,13.0,3.000000142492354,3.018000143347308,14.000000208616257,50.0,0.0,0.0,-8.557242393493652,0.0,0.0,0.0,1.0,48.0,1050.0,-18.0,98.0,0.0,11.0,0.0,0.0,11.0,10.0,1867.0,104.88764190673828,0.0,0.0,0.0,0.0,0.0,0.0,0.0,0.0,0.0,0.0,0.0,0.0,0.0,0.0,0.0,0.0,13.0,0.0,0.0,0.0,2.0,0
75.53399658203125,15.0,1068.0,39.0,41652.0,0.0,0.0,0.0,44.0,66.0,9.0,0.0,100.0,100.0,100.0,103.0,100.0,103.0,100.0,50.0,50.0,0.0,2.732000129763037,2.732000129763037,2.732000129763037,2.732000129763037,14.70000021904707,1.0,2.4314799308776855,0.0,0.0,13.0,3.000000142492354,3.013000143109821,14.000000208616257,30.0,0.0,0.0,-8.557242393493652,0.0,0.0,0.0,1.0,48.0,1050.0,-18.0,98.0,0.0,11.0,0.0,0.0,11.0,10.0,1861.0,104.5505599975586,0.0,0.0,0.0,0.0,0.0,0.0,0.0,0.0,0.0,0.0,0.0,0.0,0.0,0.0,0.0,0.0,13.0,0.0,0.0,0.0,2.0,0
75.60299682617188,15.0,1068.0,39.0,41652.0,0.0,0.0,0.0,44.0,66.0,9.0,0.0,100.0,100.0,100.0,103.0,100.0,103.0,100.0,50.0,50.0,0.0,2.732000129763037,2.732000129763037,2.732000129763037,2.732000129763037,14.70000021904707,1.0,2.4314799308776855,0.0,0.0,13.0,3.000000142492354,3.1120001478120685,14.000000208616257,0.0,0.0,0.0,-8.557242393493652,0.0,0.0,0.0,1.0,47.0,1050.0,-18.0,98.0,0.0,11.0,0.0,0.0,11.0,10.0,1861.0,104.5505599975586,0.0,0.0,0.0,0.0,0.0,0.0,0.0,0.0,0.0,0.0,0.0,0.0,0.0,0.0,0.0,0.0,13.0,0.0,0.0,0.0,2.0,0
75.66999816894531,15.0,1068.0,39.0,41652.0,0.0,0.0,0.0,44.0,66.0,9.0,0.0,100.0,100.0,100.0,103.0,100.0,103.0,100.0,50.0,50.0,0.0,2.732000129763037,2.732000129763037,2.732000129763037,2.732000129763037,14.70000021904707,1.0,2.4314799308776855,0.0,0.0,13.0,3.000000142492354,3.016000143252313,14.000000208616257,0.0,0.0,0.0,-8.557242393493652,0.0,0.0,0.0,1.0,47.0,1050.0,-18.0,98.0,0.0,11.0,0.0,0.0,11.0,10.0,1861.0,104.5505599975586,0.0,0.0,0.0,0.0,0.0,0.0,0.0,0.0,0.0,0.0,0.0,0.0,0.0,0.0,0.0,0.0,13.0,0.0,0.0,0.0,2.0,0
75.73500061035156,15.0,1064.0,39.0,41496.0,0.0,0.0,0.0,44.0,66.0,9.0,0.0,100.0,100.0,100.0,103.0,100.0,103.0,100.0,50.0,50.0,0.0,2.732000129763037,2.732000129763037,2.732000129763037,2.732000129763037,14.70000021904707,1.0,2.4223732948303223,0.0,0.0,13.0,3.000000142492354,2.987000141874887,14.000000208616257,0.0,0.0,0.0,-8.557242393493652,0.0,0.0,0.0,1.0,47.0,1050.0,-14.0,98.0,0.0,11.0,0.0,0.0,11.0,10.0,1861.0,104.94361114501953,0.0,0.0,0.0,0.0,0.0,0.0,0.0,0.0,0.0,0.0,0.0,0.0,0.0,0.0,0.0,0.0,13.0,0.0,0.0,0.0,2.0,0
75.80000305175781,15.0,1066.0,39.0,41574.0,0.0,0.0,0.0,44.0,66.0,9.0,0.0,100.0,100.0,100.0,103.0,100.0,103.0,100.0,50.0,50.0,0.0,2.732000129763037,2.732000129763037,2.732000129763037,2.732000129763037,14.70000021904707,1.0,2.426926612854004,0.0,0.0,13.0,3.000000142492354,3.0150001432048157,14.000000208616257,-40.0,0.0,0.0,-8.557242393493652,0.0,0.0,0.0,1.0,47.0,1050.0,-16.0,98.0,0.0,11.0,0.0,0.0,11.0,10.0,1861.0,104.74671936035156,0.0,0.0,0.0,0.0,0.0,0.0,0.0,0.0,0.0,0.0,0.0,0.0,0.0,0.0,0.0,0.0,13.0,0.0,0.0,0.0,2.0,0
75.86499786376953,15.0,1066.0,39.0,41574.0,0.0,0.0,0.0,44.0,66.0,9.0,0.0,100.0,100.0,100.0,103.0,100.0,103.0,100.0,50.0,50.0,0.0,2.732000129763037,2.732000129763037,2.732000129763037,2.732000129763037,14.70000021904707,1.0,2.426926612854004,0.0,0.0,13.0,3.000000142492354,3.0140001431573182,14.000000208616257,-40.0,0.0,0.0,-8.557242393493652,0.0,0.0,0.0,1.0,47.0,1050.0,-16.0,98.0,0.0,11.0,0.0,0.0,11.0,10.0,1861.0,104.74671936035156,0.0,0.0,0.0,0.0,0.0,0.0,0.0,0.0,0.0,0.0,0.0,0.0,0.0,0.0,0.0,0.0,13.0,0.0,0.0,0.0,2.0,0
75.93499755859375,15.0,1051.0,39.0,40989.0,0.0,0.0,0.0,44.0,66.0,9.0,0.0,100.0,100.0,100.0,103.0,100.0,103.0,100.0,50.0,50.0,0.0,2.732000129763037,2.732000129763037,2.732000129763037,2.732000129763037,14.70000021904707,1.0,2.3927767276763916,0.0,0.0,13.0,3.000000142492354,3.093000146909617,14.000000208616257,20.0,0.0,0.0,-8.557242393493652,0.0,0.0,0.0,1.0,47.0,1050.0,-1.0,98.0,0.0,11.0,0.0,0.0,11.0,10.0,1861.0,106.2416763305664,0.0,0.0,0.0,0.0,0.0,0.0,0.0,0.0,0.0,0.0,0.0,0.0,0.0,0.0,0.0,0.0,13.0,0.0,0.0,0.0,2.0,0
76.0009994506836,15.0,1051.0,39.0,40989.0,0.0,0.0,0.0,44.0,66.0,9.0,0.0,100.0,100.0,100.0,103.0,100.0,103.0,100.0,50.0,50.0,0.0,2.732000129763037,2.732000129763037,2.732000129763037,2.732000129763037,14.70000021904707,1.0,2.3927767276763916,0.0,0.0,13.0,3.000000142492354,3.022000143537298,14.000000208616257,-150.0,0.0,0.0,-8.557242393493652,0.0,0.0,0.0,1.0,47.0,1050.0,-1.0,98.0,0.0,11.0,0.0,0.0,11.0,10.0,1861.0,106.2416763305664,0.0,0.0,0.0,0.0,0.0,0.0,0.0,0.0,0.0,0.0,0.0,0.0,0.0,0.0,0.0,0.0,13.0,0.0,0.0,0.0,2.0,0
76.06600189208984,15.0,1050.0,39.0,40950.0,0.0,0.0,0.0,44.0,66.0,9.0,0.0,100.0,100.0,100.0,103.0,100.0,103.0,100.0,50.0,50.0,0.0,2.732000129763037,2.732000129763037,2.732000129763037,2.732000129763037,14.70000021904707,1.0,2.390500068664551,0.0,0.0,13.0,3.000000142492354,2.985000141779892,14.000000208616257,-150.0,0.0,0.0,-8.557242393493652,0.0,0.0,0.0,1.0,47.0,1050.0,0.0,98.0,0.0,11.0,0.0,0.0,11.0,10.0,1861.0,106.34285736083984,0.0,0.0,0.0,0.0,0.0,0.0,0.0,0.0,0.0,0.0,0.0,0.0,0.0,0.0,0.0,0.0,13.0,0.0,0.0,0.0,2.0,0
76.13200378417969,15.0,1050.0,39.0,40950.0,0.0,0.0,0.0,44.0,66.0,9.0,0.0,100.0,100.0,100.0,103.0,100.0,103.0,100.0,50.0,50.0,0.0,2.732000129763037,2.732000129763037,2.732000129763037,2.732000129763037,14.70000021904707,1.0,2.390500068664551,0.0,0.0,13.0,3.000000142492354,3.0150001432048157,14.000000208616257,-10.0,0.0,0.0,-8.557242393493652,0.0,0.0,0.0,1.0,47.0,1050.0,0.0,98.0,0.0,11.0,0.0,0.0,11.0,10.0,1861.0,106.34285736083984,0.0,0.0,0.0,0.0,0.0,0.0,0.0,0.0,0.0,0.0,0.0,0.0,0.0,0.0,0.0,0.0,13.0,0.0,0.0,0.0,2.0,0
76.2020034790039,15.0,1044.0,39.0,40716.0,0.0,0.0,0.0,44.0,66.0,9.0,0.0,100.0,100.0,100.0,103.0,100.0,103.0,100.0,50.0,50.0,0.0,2.732000129763037,2.732000129763037,2.732000129763037,2.732000129763037,14.70000021904707,1.0,2.376840114593506,0.0,0.0,13.0,3.000000142492354,2.987000141874887,14.000000208616257,-60.0,0.0,0.0,-8.557242393493652,0.0,0.0,0.0,1.0,50.0,1050.0,6.0,98.0,0.0,11.0,0.0,0.0,11.0,10.0,1861.0,106.95402526855469,0.0,0.0,0.0,0.0,0.0,0.0,0.0,0.0,0.0,0.0,0.0,0.0,0.0,0.0,0.0,0.0,13.0,0.0,0.0,0.0,2.0,0
76.26599884033203,15.0,1034.0,39.0,40326.0,0.0,0.0,0.0,44.0,66.0,9.0,0.0,100.0,100.0,100.0,103.0,100.0,103.0,100.0,50.0,50.0,0.0,2.732000129763037,2.732000129763037,2.732000129763037,2.732000129763037,14.70000021904707,1.0,2.3540732860565186,0.0,0.0,13.0,3.000000142492354,3.058000145247206,14.000000208616257,-60.0,0.0,0.0,-8.557242393493652,0.0,0.0,0.0,1.0,50.0,1050.0,16.0,98.0,0.0,11.0,0.0,0.0,11.0,10.0,1861.0,107.98839569091797,0.0,0.0,0.0,0.0,0.0,0.0,0.0,0.0,0.0,0.0,0.0,0.0,0.0,0.0,0.0,0.0,13.0,0.0,0.0,0.0,2.0,0
76.33599853515625,15.0,1034.0,39.0,40326.0,0.0,0.0,0.0,44.0,66.0,9.0,0.0,100.0,100.0,100.0,103.0,100.0,103.0,100.0,50.0,50.0,0.0,2.732000129763037,2.732000129763037,2.732000129763037,2.732000129763037,14.70000021904707,1.0,2.3540732860565186,0.0,0.0,13.0,3.000000142492354,3.038000144297257,14.000000208616257,-100.0,0.0,0.0,-8.557242393493652,0.0,0.0,0.0,1.0,50.0,1050.0,16.0,98.0,0.0,11.0,0.0,0.0,11.0,10.0,1861.0,107.98839569091797,0.0,0.0,0.0,0.0,0.0,0.0,0.0,0.0,0.0,0.0,0.0,0.0,0.0,0.0,0.0,0.0,13.0,0.0,0.0,0.0,2.0,0
76.4020004272461,15.0,1036.0,39.0,40404.0,0.0,0.0,0.0,44.0,66.0,9.0,0.0,100.0,100.0,100.0,103.0,100.0,103.0,100.0,50.0,50.0,0.0,2.732000129763037,2.732000129763037,2.732000129763037,2.732000129763037,14.70000021904707,1.0,2.3586266040802,0.0,0.0,13.0,3.000000142492354,3.0650001455796883,14.000000208616257,20.0,0.0,0.0,-8.557242393493652,0.0,0.0,0.0,1.0,50.0,1050.0,14.0,98.0,0.0,11.0,0.0,0.0,11.0,10.0,1861.0,107.77992248535156,0.0,0.0,0.0,0.0,0.0,0.0,0.0,0.0,0.0,0.0,0.0,0.0,0.0,0.0,0.0,0.0,13.0,0.0,0.0,0.0,2.0,0
76.46800231933594,15.0,1036.0,40.0,41440.0,0.0,0.0,0.0,44.0,66.0,9.0,0.0,100.0,100.0,100.0,103.0,100.0,103.0,100.0,50.0,50.0,0.0,2.768000131472945,2.768000131472945,2.768000131472945,2.768000131472945,14.70000021904707,1.0,2.389706611633301,0.0,0.0,13.0,3.000000142492354,3.02900014386978,14.000000208616257,20.0,0.0,0.0,-8.412203788757324,0.0,0.0,0.0,1.0,50.0,1050.0,14.0,98.0,0.0,11.0,0.0,0.0,11.0,10.0,1861.0,107.77992248535156,0.0,0.0,0.0,0.0,0.0,0.0,0.0,0.0,0.0,0.0,0.0,0.0,0.0,0.0,0.0,0.0,13.0,0.0,0.0,0.0,2.0,0
76.53399658203125,16.0,1015.0,41.0,41615.0,0.0,0.0,0.0,44.0,66.0,9.0,0.0,100.0,100.0,100.0,103.0,100.0,103.0,100.0,50.0,50.0,0.0,2.805000133230351,2.805000133230351,2.805000133230351,2.805000133230351,14.70000021904707,1.0,2.3725624084472656,0.0,0.0,13.0,3.000000142492354,2.6850001275306568,14.000000208616257,-210.0,0.0,0.0,-8.267166137695312,0.0,0.0,0.0,1.0,55.0,1050.0,35.0,98.0,0.0,11.0,0.0,0.0,11.0,10.0,1868.0,110.42364501953125,0.0,0.0,0.0,0.0,0.0,0.0,0.0,0.0,0.0,0.0,0.0,0.0,0.0,0.0,0.0,0.0,13.0,0.0,0.0,0.0,2.0,0
76.5979995727539,16.0,1015.0,42.0,42630.0,0.0,0.0,0.0,44.0,66.0,9.0,0.0,100.0,100.0,100.0,103.0,100.0,103.0,100.0,50.0,50.0,0.0,2.878000136697665,2.878000136697665,2.878000136697665,2.878000136697665,14.70000021904707,1.0,2.4343082904815674,0.0,0.0,13.0,3.000000142492354,3.011000143014826,14.000000208616257,0.0,0.0,0.0,-8.122127532958984,0.0,0.0,0.0,1.0,55.0,1050.0,35.0,98.0,0.0,11.0,0.0,0.0,11.0,10.0,1868.0,110.42364501953125,0.0,0.0,0.0,0.0,0.0,0.0,0.0,0.0,0.0,0.0,0.0,0.0,0.0,0.0,0.0,0.0,13.0,0.0,0.0,0.0,2.0,0
76.66600036621094,16.0,931.0,44.0,40964.0,0.0,0.0,0.0,44.0,66.0,9.0,0.0,100.0,100.0,100.0,103.0,100.0,103.0,100.0,50.0,50.0,0.0,2.9520001402124763,2.9520001402124763,2.9520001402124763,2.9520001402124763,14.70000021904707,1.0,2.290260076522827,0.0,0.0,14.0,3.000000142492354,2.659000126295723,14.000000208616257,0.0,0.0,0.0,-7.832052230834961,0.0,0.0,0.0,1.0,55.0,1050.0,119.0,98.0,0.0,11.0,0.0,0.0,11.0,10.0,1868.0,120.38668060302734,0.0,0.0,0.0,0.0,0.0,0.0,0.0,0.0,0.0,0.0,0.0,0.0,0.0,0.0,0.0,0.0,14.0,0.0,0.0,0.0,2.0,0
76.73400115966797,16.0,931.0,46.0,42826.0,0.0,0.0,0.0,44.0,66.0,9.0,0.0,100.0,100.0,100.0,103.0,100.0,103.0,100.0,50.0,50.0,0.0,3.062000145437196,3.062000145437196,3.062000145437196,3.062000145437196,14.70000021904707,1.0,2.3756017684936523,0.0,0.0,14.0,3.000000142492354,2.97400014125742,14.000000208616257,-840.0,0.0,0.0,-7.541975975036621,0.0,0.0,0.0,1.0,55.0,1050.0,119.0,98.0,0.0,11.0,0.0,0.0,11.0,10.0,1868.0,120.38668060302734,0.0,0.0,0.0,0.0,0.0,0.0,0.0,0.0,0.0,0.0,0.0,0.0,0.0,0.0,0.0,0.0,14.0,0.0,0.0,0.0,2.0,0
76.80000305175781,16.0,845.0,46.0,38870.0,0.0,0.0,0.0,44.0,66.0,9.0,0.0,100.0,100.0,100.0,103.0,100.0,103.0,100.0,50.0,50.0,0.0,3.062000145437196,3.062000145437196,3.062000145437196,3.062000145437196,14.70000021904707,1.0,2.156158447265625,0.0,0.0,14.0,3.000000142492354,2.7750001318054274,13.90000020712614,-860.0,0.0,0.0,-7.541975975036621,0.0,0.0,0.0,1.0,80.0,1050.0,205.0,98.0,0.0,11.0,0.0,0.0,11.0,10.0,1868.0,132.63905334472656,0.0,0.0,0.0,0.0,0.0,0.0,0.0,0.0,0.0,0.0,0.0,0.0,0.0,0.0,0.0,0.0,14.0,0.0,0.0,0.0,2.0,0
76.80000305175781,16.0,845.0,53.0,44785.0,0.0,0.0,0.0,44.0,66.0,9.0,0.0,100.0,100.0,100.0,103.0,100.0,103.0,100.0,50.0,50.0,0.0,3.392000161111355,3.392000161111355,3.392000161111355,3.392000161111355,14.70000021904707,1.0,2.388533353805542,0.0,0.0,14.0,3.000000142492354,2.9750001413049176,13.90000020712614,-860.0,0.0,0.0,-6.526710033416748,0.0,0.0,0.0,1.0,80.0,1050.0,205.0,98.0,0.0,11.0,0.0,0.0,11.0,10.0,1868.0,132.63905334472656,0.0,0.0,0.0,0.0,0.0,0.0,0.0,0.0,0.0,0.0,0.0,0.0,0.0,0.0,0.0,0.0,14.0,0.0,0.0,0.0,2.0,0
76.93499755859375,16.0,776.0,57.0,44232.0,0.0,0.0,0.0,44.0,66.0,9.0,0.0,100.0,100.0,100.0,103.0,100.0,103.0,100.0,50.0,50.0,0.0,3.5750001698033884,3.5750001698033884,3.5750001698033884,3.5750001698033884,14.70000021904707,1.0,2.311833381652832,0.0,0.0,15.0,3.000000142492354,2.8950001375051215,13.90000020712614,0.0,0.0,0.0,-5.946557998657227,0.0,0.0,0.0,1.0,80.0,1050.0,274.0,98.0,0.0,11.0,0.0,0.0,11.0,10.0,1868.0,144.4329833984375,0.0,0.0,0.0,0.0,0.0,0.0,0.0,0.0,0.0,0.0,0.0,0.0,0.0,0.0,0.0,0.0,15.0,0.0,0.0,0.0,2.0,0
77.0009994506836,16.0,776.0,60.0,46560.0,0.0,0.0,0.0,44.0,66.0,9.0,0.0,100.0,100.0,100.0,103.0,100.0,103.0,100.0,50.0,50.0,0.0,3.7220001767855138,3.7220001767855138,3.7220001767855138,3.7220001767855138,14.70000021904707,1.0,2.406893253326416,0.0,0.0,15.0,3.000000142492354,2.8420001349877566,13.90000020712614,-690.0,0.0,0.0,-5.511444091796875,0.0,0.0,0.0,1.0,80.0,1050.0,274.0,98.0,0.0,11.0,0.0,0.0,11.0,10.0,1868.0,144.4329833984375,0.0,0.0,0.0,0.0,0.0,0.0,0.0,0.0,0.0,0.0,0.0,0.0,0.0,0.0,0.0,0.0,15.0,0.0,0.0,0.0,2.0,0
77.06999969482422,16.0,776.0,62.0,48112.0,0.0,0.0,0.0,44.0,66.0,9.0,0.0,100.0,100.0,100.0,103.0,100.0,103.0,100.0,50.0,50.0,0.0,3.7950001802528277,3.7950001802528277,3.7950001802528277,3.7950001802528277,14.70000021904707,1.0,2.4540998935699463,0.0,0.0,15.0,3.000000142492354,3.013000143109821,13.800000205636024,-690.0,0.0,0.0,-5.221367835998535,0.0,0.0,0.0,1.0,80.0,1050.0,274.0,98.0,0.0,11.0,0.0,0.0,11.0,10.0,1868.0,144.4329833984375,0.0,0.0,0.0,0.0,0.0,0.0,0.0,0.0,0.0,0.0,0.0,0.0,0.0,0.0,0.0,0.0,15.0,0.0,0.0,0.0,2.0,0
77.13600158691406,16.0,730.0,66.0,48180.0,0.0,0.0,0.0,44.0,66.0,9.0,0.0,100.0,100.0,100.0,103.0,100.0,103.0,100.0,50.0,50.0,0.0,3.9780001889448613,3.9780001889448613,3.9780001889448613,3.9780001889448613,14.70000021904707,1.0,2.419950008392334,0.0,0.0,15.0,3.000000142492354,2.7890001324703917,13.800000205636024,-460.0,0.0,0.0,-4.641215801239014,0.0,0.0,0.0,1.0,100.0,1050.0,320.0,98.0,0.0,11.0,0.0,0.0,11.0,10.0,1868.0,153.53424072265625,0.0,0.0,0.0,0.0,0.0,0.0,0.0,0.0,0.0,0.0,0.0,0.0,0.0,0.0,0.0,0.0,15.0,0.0,0.0,0.0,2.0,0
77.2020034790039,16.0,730.0,69.0,50370.0,0.0,0.0,0.0,44.0,66.0,9.0,0.0,100.0,100.0,100.0,103.0,100.0,103.0,100.0,50.0,50.0,0.0,4.125000195926987,4.125000195926987,4.125000195926987,4.125000195926987,14.70000021904707,1.0,2.5093750953674316,0.0,0.0,15.0,3.000000142492354,3.038000144297257,13.800000205636024,-460.0,0.0,0.0,-4.206101894378662,0.0,0.0,0.0,1.0,100.0,1050.0,320.0,98.0,0.0,11.0,0.0,0.0,11.0,10.0,1868.0,153.53424072265625,0.0,0.0,0.0,0.0,0.0,0.0,0.0,0.0,0.0,0.0,0.0,0.0,0.0,0.0,0.0,0.0,15.0,0.0,0.0,0.0,2.0,0
77.27100372314453,16.0,717.0,70.0,50190.0,0.0,0.0,0.0,44.0,66.0,9.0,0.0,100.0,100.0,100.0,103.0,100.0,103.0,100.0,50.0,50.0,0.0,4.207000199821778,4.207000199821778,4.207000199821778,4.207000199821778,14.70000021904707,1.0,2.5136826038360596,0.0,0.0,15.0,3.000000142492354,3.5420001682359725,13.600000202655792,0.0,0.0,0.0,-4.061063766479492,0.0,0.0,0.0,1.0,100.0,1050.0,333.0,98.0,0.0,11.0,0.0,0.0,11.0,10.0,1868.0,156.3179931640625,0.0,0.0,0.0,0.0,0.0,0.0,0.0,0.0,0.0,0.0,0.0,0.0,0.0,0.0,0.0,0.0,15.0,0.0,0.0,0.0,2.0,0
77.33499908447266,16.0,717.0,70.0,50190.0,0.0,0.0,0.0,44.0,66.0,9.0,0.0,100.0,100.0,100.0,103.0,100.0,103.0,100.0,50.0,50.0,0.0,4.207000199821778,4.207000199821778,4.207000199821778,4.207000199821778,14.70000021904707,1.0,2.5136826038360596,0.0,0.0,15.0,3.000000142492354,3.9920001896098256,13.600000202655792,-130.0,0.0,0.0,-4.061063766479492,0.0,0.0,0.0,1.0,100.0,1050.0,333.0,98.0,0.0,11.0,0.0,0.0,11.0,10.0,1868.0,156.3179931640625,0.0,0.0,0.0,0.0,0.0,0.0,0.0,0.0,0.0,0.0,0.0,0.0,0.0,0.0,0.0,0.0,15.0,0.0,0.0,0.0,2.0,0
77.4010009765625,16.0,790.0,69.0,54510.0,0.0,0.0,0.0,44.0,66.0,9.0,0.0,100.0,100.0,100.0,103.0,100.0,103.0,100.0,50.0,50.0,0.0,4.134000196354464,4.134000196354464,4.134000196354464,4.134000196354464,14.70000021904707,1.0,2.7215499877929688,0.0,0.0,15.0,3.000000142492354,3.02900014386978,13.600000202655792,-130.0,0.0,0.0,-4.206101894378662,0.0,0.0,0.0,1.0,100.0,1050.0,260.0,98.0,0.0,11.0,0.0,0.0,11.0,10.0,1868.0,141.8734130859375,0.0,0.0,0.0,0.0,0.0,0.0,0.0,0.0,0.0,0.0,0.0,0.0,0.0,0.0,0.0,0.0,15.0,0.0,0.0,0.0,2.0,0
77.46600341796875,16.0,790.0,59.0,46610.0,0.0,0.0,0.0,44.0,66.0,9.0,0.0,100.0,100.0,100.0,103.0,100.0,103.0,100.0,50.0,50.0,0.0,3.694000175455585,3.694000175455585,3.694000175455585,3.694000175455585,14.70000021904707,1.0,2.4318833351135254,0.0,0.0,15.0,3.000000142492354,3.716000176500529,13.600000202655792,730.0,0.0,0.0,-5.656482219696045,0.0,0.0,0.0,1.0,94.0,1050.0,260.0,98.0,0.0,11.0,0.0,0.0,11.0,10.0,1868.0,141.8734130859375,0.0,0.0,0.0,0.0,0.0,0.0,0.0,0.0,0.0,0.0,0.0,0.0,0.0,0.0,0.0,0.0,15.0,0.0,0.0,0.0,2.0,0
77.53199768066406,17.0,881.0,53.0,46693.0,0.0,0.0,0.0,44.0,66.0,9.0,0.0,100.0,100.0,100.0,103.0,100.0,103.0,100.0,50.0,50.0,0.0,3.401000161538832,3.401000161538832,3.401000161538832,3.401000161538832,14.70000021904707,1.0,2.496900796890259,0.0,0.0,14.0,3.000000142492354,3.02500014367979,13.600000202655792,0.0,0.0,0.0,-6.526710033416748,0.0,0.0,0.0,1.0,94.0,1050.0,169.0,98.0,0.0,11.0,0.0,0.0,11.0,10.0,1874.0,127.62769317626953,0.0,0.0,0.0,0.0,0.0,0.0,0.0,0.0,0.0,0.0,0.0,0.0,0.0,0.0,0.0,0.0,14.0,0.0,0.0,0.0,2.0,0
77.5979995727539,17.0,881.0,48.0,42288.0,0.0,0.0,0.0,44.0,66.0,9.0,0.0,100.0,100.0,100.0,103.0,100.0,103.0,100.0,50.0,50.0,0.0,3.144000149331987,3.144000149331987,3.144000149331987,3.144000149331987,14.70000021904707,1.0,2.3082199096679688,0.0,0.0,14.0,3.000000142492354,3.4000001614913344,13.600000202655792,0.0,0.0,0.0,-7.2519001960754395,0.0,0.0,0.0,1.0,94.0,1050.0,169.0,98.0,0.0,11.0,0.0,0.0,11.0,10.0,1874.0,127.62769317626953,0.0,0.0,0.0,0.0,0.0,0.0,0.0,0.0,0.0,0.0,0.0,0.0,0.0,0.0,0.0,0.0,14.0,0.0,0.0,0.0,2.0,0
77.66300201416016,17.0,916.0,46.0,42136.0,0.0,0.0,0.0,44.0,66.0,9.0,0.0,100.0,100.0,100.0,103.0,100.0,103.0,100.0,50.0,50.0,0.0,3.071000145864673,3.071000145864673,3.071000145864673,3.071000145864673,14.70000021904707,1.0,2.3441965579986572,0.0,0.0,14.0,3.000000142492354,3.0210001434898004,13.600000202655792,910.0,0.0,0.0,-7.541975975036621,0.0,0.0,0.0,1.0,94.0,1050.0,134.0,98.0,0.0,11.0,0.0,0.0,11.0,10.0,1874.0,122.75109100341797,0.0,0.0,0.0,0.0,0.0,0.0,0.0,0.0,0.0,0.0,0.0,0.0,0.0,0.0,0.0,0.0,14.0,0.0,0.0,0.0,2.0,0
77.73400115966797,17.0,916.0,44.0,40304.0,0.0,0.0,0.0,44.0,66.0,9.0,0.0,100.0,100.0,100.0,103.0,100.0,103.0,100.0,50.0,50.0,0.0,2.9610001406399533,2.9610001406399533,2.9610001406399533,2.9610001406399533,14.70000021904707,1.0,2.26023006439209,0.0,0.0,14.0,3.000000142492354,2.72300012933556,13.600000202655792,350.0,0.0,0.0,-7.832052230834961,0.0,0.0,0.0,1.0,79.0,1050.0,134.0,98.0,0.0,11.0,0.0,0.0,11.0,10.0,1874.0,122.75109100341797,0.0,0.0,0.0,0.0,0.0,0.0,0.0,0.0,0.0,0.0,0.0,0.0,0.0,0.0,0.0,0.0,14.0,0.0,0.0,0.0,2.0,0
77.79900360107422,17.0,916.0,44.0,40304.0,0.0,0.0,0.0,44.0,66.0,9.0,0.0,100.0,100.0,100.0,103.0,100.0,103.0,100.0,50.0,50.0,0.0,2.9610001406399533,2.9610001406399533,2.9610001406399533,2.9610001406399533,14.70000021904707,1.0,2.26023006439209,0.0,0.0,14.0,3.000000142492354,3.011000143014826,13.700000204145908,350.0,0.0,0.0,-7.832052230834961,0.0,0.0,0.0,1.0,79.0,1050.0,134.0,98.0,0.0,11.0,0.0,0.0,11.0,10.0,1874.0,122.75109100341797,0.0,0.0,0.0,0.0,0.0,0.0,0.0,0.0,0.0,0.0,0.0,0.0,0.0,0.0,0.0,0.0,14.0,0.0,0.0,0.0,2.0,0
77.86799621582031,17.0,847.0,44.0,37268.0,0.0,0.0,0.0,44.0,66.0,9.0,0.0,100.0,100.0,100.0,103.0,100.0,103.0,100.0,50.0,50.0,0.0,2.9610001406399533,2.9610001406399533,2.9610001406399533,2.9610001406399533,14.70000021904707,1.0,2.089972496032715,0.0,0.0,14.0,3.000000142492354,2.4800001177936792,13.700000204145908,-690.0,0.0,0.0,-7.832052230834961,0.0,0.0,0.0,1.0,79.0,1050.0,203.0,98.0,0.0,11.0,0.0,0.0,11.0,10.0,1874.0,132.75088500976562,0.0,0.0,0.0,0.0,0.0,0.0,0.0,0.0,0.0,0.0,0.0,0.0,0.0,0.0,0.0,0.0,14.0,0.0,0.0,0.0,2.0,0
77.93399810791016,17.0,847.0,45.0,38115.0,0.0,0.0,0.0,44.0,66.0,9.0,0.0,100.0,100.0,100.0,103.0,100.0,103.0,100.0,50.0,50.0,0.0,3.0340001441072673,3.0340001441072673,3.0340001441072673,3.0340001441072673,14.70000021904707,1.0,2.141498327255249,0.0,0.0,14.0,3.000000142492354,2.9530001402599737,13.700000204145908,0.0,0.0,0.0,-7.687014102935791,0.0,0.0,0.0,1.0,79.0,1050.0,203.0,98.0,0.0,11.0,0.0,0.0,11.0,10.0,1874.0,132.75088500976562,0.0,0.0,0.0,0.0,0.0,0.0,0.0,0.0,0.0,0.0,0.0,0.0,0.0,0.0,0.0,0.0,14.0,0.0,0.0,0.0,2.0,0
78.0,17.0,763.0,45.0,34335.0,0.0,0.0,0.0,44.0,66.0,9.0,0.0,100.0,100.0,100.0,103.0,100.0,103.0,100.0,50.0,50.0,0.0,3.0340001441072673,3.0340001441072673,3.0340001441072673,3.0340001441072673,14.70000021904707,1.0,1.929118275642395,0.0,0.0,15.0,3.000000142492354,2.9330001393100247,13.700000204145908,0.0,0.0,0.0,-7.687014102935791,0.0,0.0,0.0,1.0,79.0,1050.0,287.0,98.0,0.0,11.0,0.0,0.0,11.0,10.0,1874.0,147.36566162109375,0.0,0.0,0.0,0.0,0.0,0.0,0.0,0.0,0.0,0.0,0.0,0.0,0.0,0.0,0.0,0.0,15.0,0.0,0.0,0.0,2.0,0
78.06500244140625,17.0,763.0,54.0,41202.0,0.0,0.0,0.0,44.0,66.0,9.0,0.0,100.0,100.0,100.0,103.0,100.0,103.0,100.0,50.0,50.0,0.0,3.43700016324874,3.43700016324874,3.43700016324874,3.43700016324874,14.70000021904707,1.0,2.185359239578247,0.0,0.0,15.0,3.000000142492354,2.989000141969882,13.700000204145908,-840.0,0.0,0.0,-6.381671905517578,0.0,0.0,0.0,1.0,100.0,1050.0,287.0,98.0,0.0,11.0,0.0,0.0,11.0,10.0,1874.0,147.36566162109375,0.0,0.0,0.0,0.0,0.0,0.0,0.0,0.0,0.0,0.0,0.0,0.0,0.0,0.0,0.0,0.0,15.0,0.0,0.0,0.0,2.0,0
78.13500213623047,17.0,697.0,61.0,42517.0,0.0,0.0,0.0,44.0,66.0,9.0,0.0,100.0,100.0,100.0,103.0,100.0,103.0,100.0,50.0,50.0,0.0,3.767000178922899,3.767000178922899,3.767000178922899,3.767000178922899,14.70000021904707,1.0,2.1879992485046387,0.0,0.0,16.0,3.000000142492354,3.0120001430623233,13.700000204145908,0.0,0.0,0.0,-5.366405963897705,0.0,0.0,0.0,1.0,100.0,1050.0,353.0,98.0,0.0,11.0,0.0,0.0,11.0,10.0,1874.0,161.3199462890625,0.0,0.0,0.0,0.0,0.0,0.0,0.0,0.0,0.0,0.0,0.0,0.0,0.0,0.0,0.0,0.0,16.0,0.0,0.0,0.0,2.0,0
78.19999694824219,17.0,697.0,67.0,46699.0,0.0,0.0,0.0,44.0,66.0,9.0,0.0,100.0,100.0,100.0,103.0,100.0,103.0,100.0,50.0,50.0,0.0,4.06100019288715,4.06100019288715,4.06100019288715,4.06100019288715,14.70000021904707,1.0,2.358764171600342,0.0,0.0,16.0,3.000000142492354,3.259000154794194,13.700000204145908,0.0,0.0,0.0,-4.496178150177002,0.0,0.0,0.0,1.0,100.0,1050.0,353.0,98.0,0.0,11.0,0.0,0.0,11.0,10.0,1874.0,161.3199462890625,0.0,0.0,0.0,0.0,0.0,0.0,0.0,0.0,0.0,0.0,0.0,0.0,0.0,0.0,0.0,0.0,16.0,0.0,0.0,0.0,2.0,0
78.26499938964844,17.0,697.0,70.0,48790.0,0.0,0.0,0.0,44.0,66.0,9.0,0.0,100.0,100.0,100.0,103.0,100.0,103.0,100.0,50.0,50.0,0.0,4.207000199821778,4.207000199821778,4.207000199821778,4.207000199821778,14.70000021904707,1.0,2.443565845489502,0.0,0.0,16.0,3.000000142492354,3.0440001445822418,13.700000204145908,-660.0,0.0,0.0,-4.061063766479492,0.0,0.0,0.0,1.0,100.0,1050.0,353.0,98.0,0.0,11.0,0.0,0.0,11.0,10.0,1874.0,161.3199462890625,0.0,0.0,0.0,0.0,0.0,0.0,0.0,0.0,0.0,0.0,0.0,0.0,0.0,0.0,0.0,0.0,16.0,0.0,0.0,0.0,2.0,0
78.33100128173828,17.0,696.0,71.0,49416.0,0.0,0.0,0.0,44.0,66.0,9.0,0.0,100.0,100.0,100.0,103.0,100.0,103.0,100.0,50.0,50.0,0.0,4.244000201579183,4.244000201579183,4.244000201579183,4.244000201579183,14.70000021904707,1.0,2.461519956588745,0.0,0.0,16.0,3.000000142492354,3.2380001537967473,13.600000202655792,-10.0,0.0,0.0,-3.9160261154174805,0.0,0.0,0.0,1.0,100.0,1050.0,354.0,98.0,0.0,11.0,0.0,0.0,11.0,10.0,1874.0,161.55172729492188,0.0,0.0,0.0,0.0,0.0,0.0,0.0,0.0,0.0,0.0,0.0,0.0,0.0,0.0,0.0,0.0,16.0,0.0,0.0,0.0,2.0,0
78.4010009765625,17.0,696.0,72.0,50112.0,0.0,0.0,0.0,44.0,66.0,9.0,0.0,100.0,100.0,100.0,103.0,100.0,103.0,100.0,50.0,50.0,0.0,4.281000203336589,4.281000203336589,4.281000203336589,4.281000203336589,14.70000021904707,1.0,2.4829800128936768,0.0,0.0,16.0,3.000000142492354,3.621000171988271,13.600000202655792,-10.0,0.0,0.0,-3.7709879875183105,0.0,0.0,0.0,1.0,100.0,1050.0,354.0,98.0,0.0,11.0,0.0,0.0,11.0,10.0,1874.0,161.55172729492188,0.0,0.0,0.0,0.0,0.0,0.0,0.0,0.0,0.0,0.0,0.0,0.0,0.0,0.0,0.0,0.0,16.0,0.0,0.0,0.0,2.0,0
78.47000122070312,17.0,696.0,72.0,50112.0,0.0,0.0,0.0,44.0,66.0,9.0,0.0,100.0,100.0,100.0,103.0,100.0,103.0,100.0,50.0,50.0,0.0,4.281000203336589,4.281000203336589,4.281000203336589,4.281000203336589,14.70000021904707,1.0,2.4829800128936768,0.0,0.0,16.0,3.000000142492354,3.0240001436322927,13.600000202655792,0.0,0.0,0.0,-3.7709879875183105,0.0,0.0,0.0,1.0,100.0,1050.0,354.0,98.0,0.0,11.0,0.0,0.0,11.0,10.0,1874.0,161.55172729492188,0.0,0.0,0.0,0.0,0.0,0.0,0.0,0.0,0.0,0.0,0.0,0.0,0.0,0.0,0.0,0.0,16.0,0.0,0.0,0.0,2.0,0
78.47000122070312,18.0,717.0,71.0,50907.0,0.0,0.0,0.0,44.0,66.0,9.0,0.0,100.0,100.0,100.0,103.0,100.0,103.0,100.0,50.0,50.0,0.0,4.244000201579183,4.244000201579183,4.244000201579183,4.244000201579183,14.70000021904707,1.0,2.535789966583252,0.0,0.0,15.0,3.000000142492354,3.986000189324841,13.500000201165676,210.0,0.0,0.0,-3.9160261154174805,0.0,0.0,0.0,1.0,100.0,1050.0,333.0,98.0,0.0,11.0,0.0,0.0,11.0,10.0,1880.0,157.32217407226562,0.0,0.0,0.0,0.0,0.0,0.0,0.0,0.0,0.0,0.0,0.0,0.0,0.0,0.0,0.0,0.0,15.0,0.0,0.0,0.0,2.0,0
78.6050033569336,18.0,717.0,70.0,50190.0,0.0,0.0,0.0,44.0,66.0,9.0,0.0,100.0,100.0,100.0,103.0,100.0,103.0,100.0,50.0,50.0,0.0,4.207000199821778,4.207000199821778,4.207000199821778,4.207000199821778,14.70000021904707,1.0,2.5136826038360596,0.0,0.0,15.0,3.000000142492354,3.02900014386978,13.500000201165676,210.0,0.0,0.0,-4.061063766479492,0.0,0.0,0.0,1.0,100.0,1050.0,333.0,98.0,0.0,11.0,0.0,0.0,11.0,10.0,1880.0,157.32217407226562,0.0,0.0,0.0,0.0,0.0,0.0,0.0,0.0,0.0,0.0,0.0,0.0,0.0,0.0,0.0,0.0,15.0,0.0,0.0,0.0,2.0,0
78.6719970703125,18.0,811.0,69.0,55959.0,0.0,0.0,0.0,44.0,66.0,9.0,0.0,100.0,100.0,100.0,103.0,100.0,103.0,100.0,50.0,50.0,0.0,4.134000196354464,4.134000196354464,4.134000196354464,4.134000196354464,14.70000021904707,1.0,2.7938950061798096,0.0,0.0,14.0,3.000000142492354,3.75100017816294,13.500000201165676,940.0,0.0,0.0,-4.206101894378662,0.0,0.0,0.0,1.0,100.0,1050.0,239.0,98.0,0.0,11.0,0.0,0.0,11.0,10.0,1880.0,139.08753967285156,0.0,0.0,0.0,0.0,0.0,0.0,0.0,0.0,0.0,0.0,0.0,0.0,0.0,0.0,0.0,0.0,14.0,0.0,0.0,0.0,2.0,0
78.73699951171875,18.0,811.0,67.0,54337.0,0.0,0.0,0.0,44.0,66.0,9.0,0.0,100.0,100.0,100.0,103.0,100.0,103.0,100.0,50.0,50.0,0.0,4.06100019288715,4.06100019288715,4.06100019288715,4.06100019288715,14.70000021904707,1.0,2.7445590496063232,0.0,0.0,14.0,3.000000142492354,3.0260001437272877,13.500000201165676,0.0,0.0,0.0,-4.496178150177002,0.0,0.0,0.0,1.0,100.0,1050.0,239.0,98.0,0.0,11.0,0.0,0.0,11.0,10.0,1880.0,139.08753967285156,0.0,0.0,0.0,0.0,0.0,0.0,0.0,0.0,0.0,0.0,0.0,0.0,0.0,0.0,0.0,0.0,14.0,0.0,0.0,0.0,2.0,0
78.8030014038086,18.0,896.0,66.0,59136.0,0.0,0.0,0.0,44.0,66.0,9.0,0.0,100.0,100.0,100.0,103.0,100.0,103.0,100.0,50.0,50.0,0.0,3.9870001893723384,3.9870001893723384,3.9870001893723384,3.9870001893723384,14.70000021904707,1.0,2.9769599437713623,0.0,0.0,14.0,3.000000142492354,3.64100017293822,13.700000204145908,0.0,0.0,0.0,-4.641215801239014,0.0,0.0,0.0,1.0,100.0,1050.0,154.0,98.0,0.0,11.0,0.0,0.0,11.0,10.0,1880.0,125.89286041259766,0.0,0.0,0.0,0.0,0.0,0.0,0.0,0.0,0.0,0.0,0.0,0.0,0.0,0.0,0.0,0.0,14.0,0.0,0.0,0.0,2.0,0
78.86900329589844,18.0,896.0,65.0,58240.0,0.0,0.0,0.0,44.0,66.0,9.0,0.0,100.0,100.0,100.0,103.0,100.0,103.0,100.0,50.0,50.0,0.0,3.95100018766243,3.95100018766243,3.95100018766243,3.95100018766243,14.70000021904707,1.0,2.950079917907715,0.0,0.0,14.0,3.000000142492354,3.0240001436322927,13.700000204145908,850.0,0.0,0.0,-4.786253929138184,0.0,0.0,0.0,1.0,100.0,1050.0,154.0,98.0,0.0,11.0,0.0,0.0,11.0,10.0,1880.0,125.89286041259766,0.0,0.0,0.0,0.0,0.0,0.0,0.0,0.0,0.0,0.0,0.0,0.0,0.0,0.0,0.0,0.0,14.0,0.0,0.0,0.0,2.0,0
78.93299865722656,18.0,967.0,64.0,61888.0,0.0,0.0,0.0,44.0,66.0,9.0,0.0,100.0,100.0,100.0,103.0,100.0,103.0,100.0,50.0,50.0,0.0,3.9140001859050244,3.9140001859050244,3.9140001859050244,3.9140001859050244,14.70000021904707,1.0,3.154031753540039,0.0,0.0,13.0,3.000000142492354,3.368000159971416,13.700000204145908,710.0,0.0,0.0,-4.9312920570373535,0.0,0.0,0.0,1.0,85.0,1050.0,83.0,98.0,0.0,11.0,0.0,0.0,11.0,10.0,1880.0,116.64942932128906,0.0,0.0,0.0,0.0,0.0,0.0,0.0,0.0,0.0,0.0,0.0,0.0,0.0,0.0,0.0,0.0,13.0,0.0,0.0,0.0,2.0,0
78.9990005493164,18.0,1031.0,63.0,64953.0,0.0,0.0,0.0,44.0,66.0,9.0,0.0,100.0,100.0,100.0,103.0,100.0,103.0,100.0,50.0,50.0,0.0,3.8770001841476187,3.8770001841476187,3.8770001841476187,3.8770001841476187,14.70000021904707,1.0,3.330989122390747,0.0,0.0,13.0,3.000000142492354,3.020000143442303,13.700000204145908,710.0,0.0,0.0,-5.076330184936523,0.0,0.0,0.0,1.0,85.0,1050.0,19.0,98.0,0.0,11.0,0.0,0.0,11.0,10.0,1880.0,109.40834045410156,0.0,0.0,0.0,0.0,0.0,0.0,0.0,0.0,0.0,0.0,0.0,0.0,0.0,0.0,0.0,0.0,13.0,0.0,0.0,0.0,2.0,0
79.06500244140625,18.0,1031.0,62.0,63922.0,0.0,0.0,0.0,44.0,66.0,9.0,0.0,100.0,100.0,100.0,103.0,100.0,103.0,100.0,50.0,50.0,0.0,3.7950001802528277,3.7950001802528277,3.7950001802528277,3.7950001802528277,14.70000021904707,1.0,3.2605373859405518,0.0,0.0,13.0,3.000000142492354,3.064000145532191,13.90000020712614,640.0,0.0,0.0,-5.221367835998535,0.0,0.0,0.0,1.0,85.0,1050.0,19.0,98.0,0.0,11.0,0.0,0.0,11.0,10.0,1880.0,109.40834045410156,0.0,0.0,0.0,0.0,0.0,0.0,0.0,0.0,0.0,0.0,0.0,0.0,0.0,0.0,0.0,0.0,13.0,0.0,0.0,0.0,2.0,0
79.13400268554688,18.0,1072.0,60.0,64320.0,0.0,0.0,0.0,44.0,66.0,9.0,0.0,100.0,100.0,100.0,103.0,100.0,103.0,100.0,50.0,50.0,0.0,3.7220001767855138,3.7220001767855138,3.7220001767855138,3.7220001767855138,14.70000021904707,1.0,3.324986696243286,0.0,0.0,13.0,3.000000142492354,3.027000143774785,13.90000020712614,410.0,0.0,0.0,-5.511444091796875,0.0,0.0,0.0,1.0,85.0,1050.0,-22.0,98.0,0.0,11.0,0.0,0.0,11.0,10.0,1880.0,105.223876953125,0.0,0.0,0.0,0.0,0.0,0.0,0.0,0.0,0.0,0.0,0.0,0.0,0.0,0.0,0.0,0.0,13.0,0.0,0.0,0.0,2.0,0
79.19999694824219,18.0,1072.0,60.0,64320.0,0.0,0.0,0.0,44.0,66.0,9.0,0.0,100.0,100.0,100.0,103.0,100.0,103.0,100.0,50.0,50.0,0.0,3.7220001767855138,3.7220001767855138,3.7220001767855138,3.7220001767855138,14.70000021904707,1.0,3.324986696243286,0.0,0.0,13.0,3.000000142492354,3.016000143252313,13.90000020712614,410.0,0.0,0.0,-5.511444091796875,0.0,0.0,0.0,1.0,85.0,1050.0,-22.0,98.0,0.0,11.0,0.0,0.0,11.0,10.0,1880.0,105.223876953125,0.0,0.0,0.0,0.0,0.0,0.0,0.0,0.0,0.0,0.0,0.0,0.0,0.0,0.0,0.0,0.0,13.0,0.0,0.0,0.0,2.0,0
79.26599884033203,18.0,1107.0,59.0,65313.0,0.0,0.0,0.0,44.0,66.0,9.0,0.0,100.0,100.0,100.0,103.0,100.0,103.0,100.0,50.0,50.0,0.0,3.685000175028108,3.685000175028108,3.685000175028108,3.685000175028108,14.70000021904707,1.0,3.3994123935699463,0.0,0.0,13.0,3.000000142492354,3.122000148287043,13.90000020712614,350.0,0.0,0.0,-5.656482219696045,0.0,0.0,0.0,1.0,66.0,1050.0,-57.0,98.0,0.0,11.0,0.0,0.0,11.0,10.0,1880.0,101.89701843261719,0.0,0.0,0.0,0.0,0.0,0.0,0.0,0.0,0.0,0.0,0.0,0.0,0.0,0.0,0.0,0.0,13.0,0.0,0.0,0.0,2.0,0
79.33499908447266,18.0,1132.0,58.0,65656.0,0.0,0.0,0.0,44.0,66.0,9.0,0.0,100.0,100.0,100.0,103.0,100.0,103.0,100.0,50.0,50.0,0.0,3.612000171560794,3.612000171560794,3.612000171560794,3.612000171560794,14.70000021904707,1.0,3.407320022583008,0.0,0.0,13.0,3.000000142492354,3.0790001462446526,14.000000208616257,250.0,0.0,0.0,-5.801519870758057,0.0,0.0,0.0,1.0,66.0,1050.0,-82.0,98.0,0.0,11.0,0.0,0.0,11.0,10.0,1880.0,99.64664459228516,0.0,0.0,0.0,0.0,0.0,0.0,0.0,0.0,0.0,0.0,0.0,0.0,0.0,0.0,0.0,0.0,13.0,0.0,0.0,0.0,2.0,0
79.4000015258789,18.0,1132.0,58.0,65656.0,0.0,0.0,0.0,44.0,66.0,9.0,0.0,100.0,100.0,100.0,103.0,100.0,103.0,100.0,50.0,50.0,0.0,3.612000171560794,3.612000171560794,3.612000171560794,3.612000171560794,14.70000021904707,1.0,3.407320022583008,0.0,0.0,13.0,3.000000142492354,3.0210001434898004,14.000000208616257,250.0,0.0,0.0,-5.801519870758057,0.0,0.0,0.0,1.0,66.0,1050.0,-82.0,98.0,0.0,11.0,0.0,0.0,11.0,10.0,1880.0,99.64664459228516,0.0,0.0,0.0,0.0,0.0,0.0,0.0,0.0,0.0,0.0,0.0,0.0,0.0,0.0,0.0,0.0,13.0,0.0,0.0,0.0,2.0,0
79.46600341796875,18.0,1153.0,58.0,66874.0,0.0,0.0,0.0,44.0,66.0,9.0,0.0,100.0,100.0,100.0,103.0,100.0,103.0,100.0,50.0,50.0,0.0,3.612000171560794,3.612000171560794,3.612000171560794,3.612000171560794,14.70000021904707,1.0,3.4705300331115723,0.0,0.0,13.0,3.000000142492354,3.0630001454846933,14.000000208616257,210.0,0.0,0.0,-5.801519870758057,0.0,0.0,0.0,1.0,66.0,1050.0,-103.0,98.0,0.0,11.0,0.0,0.0,11.0,10.0,1880.0,97.83174133300781,0.0,0.0,0.0,0.0,0.0,0.0,0.0,0.0,0.0,0.0,0.0,0.0,0.0,0.0,0.0,0.0,13.0,0.0,0.0,0.0,2.0,0
79.53500366210938,18.0,1168.0,58.0,67744.0,0.0,0.0,0.0,44.0,66.0,9.0,0.0,100.0,100.0,100.0,103.0,100.0,103.0,100.0,50.0,50.0,0.0,3.612000171560794,3.612000171560794,3.612000171560794,3.612000171560794,14.70000021904707,1.0,3.5156800746917725,0.0,0.0,13.0,3.000000142492354,3.0230001435847953,14.000000208616257,210.0,0.0,0.0,-5.801519870758057,0.0,0.0,0.0,1.0,66.0,1050.0,-118.0,98.0,0.0,11.0,0.0,0.0,11.0,10.0,1880.0,96.5753402709961,0.0,0.0,0.0,0.0,0.0,0.0,0.0,0.0,0.0,0.0,0.0,0.0,0.0,0.0,0.0,0.0,13.0,0.0,0.0,0.0,2.0,0
79.60099792480469,19.0,1168.0,57.0,66576.0,0.0,0.0,0.0,44.0,66.0,9.0,0.0,100.0,100.0,100.0,103.0,100.0,103.0,100.0,50.0,50.0,0.0,3.5750001698033884,3.5750001698033884,3.5750001698033884,3.5750001698033884,14.70000021904707,1.0,3.4796667098999023,0.0,0.0,13.0,3.000000142492354,3.0260001437272877,14.000000208616257,150.0,0.0,0.0,-5.946557998657227,0.0,0.0,0.0,1.0,57.0,1050.0,-118.0,98.0,0.0,11.0,0.0,0.0,11.0,10.0,1885.0,96.83219146728516,0.0,0.0,0.0,0.0,0.0,0.0,0.0,0.0,0.0,0.0,0.0,0.0,0.0,0.0,0.0,0.0,13.0,0.0,0.0,0.0,2.0,0
79.66699981689453,19.0,1179.0,57.0,67203.0,0.0,0.0,0.0,44.0,66.0,9.0,0.0,100.0,100.0,100.0,103.0,100.0,103.0,100.0,50.0,50.0,0.0,3.5750001698033884,3.5750001698033884,3.5750001698033884,3.5750001698033884,14.70000021904707,1.0,3.512437582015991,0.0,0.0,13.0,3.000000142492354,3.095000147004612,14.000000208616257,110.0,0.0,0.0,-5.946557998657227,0.0,0.0,0.0,1.0,57.0,1050.0,-129.0,98.0,0.0,11.0,0.0,0.0,11.0,10.0,1885.0,95.92875671386719,0.0,0.0,0.0,0.0,0.0,0.0,0.0,0.0,0.0,0.0,0.0,0.0,0.0,0.0,0.0,0.0,13.0,0.0,0.0,0.0,2.0,0
79.73200225830078,19.0,1180.0,57.0,67260.0,0.0,0.0,0.0,44.0,66.0,9.0,0.0,100.0,100.0,100.0,103.0,100.0,103.0,100.0,50.0,50.0,0.0,3.5750001698033884,3.5750001698033884,3.5750001698033884,3.5750001698033884,14.70000021904707,1.0,3.5154166221618652,0.0,0.0,13.0,3.000000142492354,3.016000143252313,14.000000208616257,110.0,0.0,0.0,-5.946557998657227,0.0,0.0,0.0,1.0,57.0,1050.0,-130.0,98.0,0.0,11.0,0.0,0.0,11.0,10.0,1885.0,95.84745788574219,0.0,0.0,0.0,0.0,0.0,0.0,0.0,0.0,0.0,0.0,0.0,0.0,0.0,0.0,0.0,0.0,13.0,0.0,0.0,0.0,2.0,0
79.802001953125,19.0,1180.0,54.0,63720.0,0.0,0.0,0.0,44.0,66.0,9.0,0.0,100.0,100.0,100.0,103.0,100.0,103.0,100.0,50.0,50.0,0.0,3.428000162821263,3.428000162821263,3.428000162821263,3.428000162821263,14.70000021904707,1.0,3.3708667755126953,0.0,0.0,13.0,3.000000142492354,3.0080001428723335,14.000000208616257,10.0,0.0,0.0,-6.381671905517578,0.0,0.0,0.0,1.0,57.0,1050.0,-130.0,98.0,0.0,11.0,0.0,0.0,11.0,10.0,1885.0,95.84745788574219,0.0,0.0,0.0,0.0,0.0,0.0,0.0,0.0,0.0,0.0,0.0,0.0,0.0,0.0,0.0,0.0,13.0,0.0,0.0,0.0,2.0,0
79.86699676513672,19.0,1180.0,48.0,56640.0,0.0,0.0,0.0,44.0,66.0,9.0,0.0,100.0,100.0,100.0,103.0,100.0,103.0,100.0,50.0,50.0,0.0,3.13500014890451,3.13500014890451,3.13500014890451,3.13500014890451,14.70000021904707,1.0,3.082750082015991,0.0,0.0,13.0,3.000000142492354,2.991000142064877,14.000000208616257,0.0,0.0,0.0,-7.2519001960754395,0.0,0.0,0.0,1.0,54.0,1050.0,-130.0,98.0,0.0,11.0,0.0,0.0,11.0,10.0,1885.0,95.84745788574219,0.0,0.0,0.0,0.0,0.0,0.0,0.0,0.0,0.0,0.0,0.0,0.0,0.0,0.0,0.0,0.0,13.0,0.0,0.0,0.0,2.0,0
79.93199920654297,19.0,1167.0,44.0,51348.0,0.0,0.0,0.0,44.0,66.0,9.0,0.0,100.0,100.0,100.0,103.0,100.0,103.0,100.0,50.0,50.0,0.0,2.9520001402124763,2.9520001402124763,2.9520001402124763,2.9520001402124763,14.70000021904707,1.0,2.8708200454711914,0.0,0.0,13.0,3.000000142492354,3.0150001432048157,14.000000208616257,0.0,0.0,0.0,-7.832052230834961,0.0,0.0,0.0,1.0,54.0,1050.0,-117.0,98.0,0.0,11.0,0.0,0.0,11.0,10.0,1885.0,96.91516876220703,0.0,0.0,0.0,0.0,0.0,0.0,0.0,0.0,0.0,0.0,0.0,0.0,0.0,0.0,0.0,0.0,13.0,0.0,0.0,0.0,2.0,0
79.9990005493164,19.0,1167.0,43.0,50181.0,0.0,0.0,0.0,44.0,66.0,9.0,0.0,100.0,100.0,100.0,103.0,100.0,103.0,100.0,50.0,50.0,0.0,2.916000138502568,2.916000138502568,2.916000138502568,2.916000138502568,14.70000021904707,1.0,2.8358099460601807,0.0,0.0,13.0,3.000000142492354,2.9840001417323947,14.000000208616257,-130.0,0.0,0.0,-7.977089881896973,0.0,0.0,0.0,1.0,54.0,1050.0,-117.0,98.0,0.0,11.0,0.0,0.0,11.0,10.0,1885.0,96.91516876220703,0.0,0.0,0.0,0.0,0.0,0.0,0.0,0.0,0.0,0.0,0.0,0.0,0.0,0.0,0.0,0.0,13.0,0.0,0.0,0.0,2.0,0
79.9990005493164,19.0,1094.0,42.0,45948.0,0.0,0.0,0.0,44.0,66.0,9.0,0.0,100.0,100.0,100.0,103.0,100.0,103.0,100.0,50.0,50.0,0.0,2.878000136697665,2.878000136697665,2.878000136697665,2.878000136697665,14.70000021904707,1.0,2.62377667427063,0.0,0.0,13.0,3.000000142492354,2.8310001344652846,14.000000208616257,-730.0,0.0,0.0,-8.122127532958984,0.0,0.0,0.0,1.0,54.0,1050.0,-44.0,98.0,0.0,11.0,0.0,0.0,11.0,10.0,1885.0,103.38208770751953,0.0,0.0,0.0,0.0,0.0,0.0,0.0,0.0,0.0,0.0,0.0,0.0,0.0,0.0,0.0,0.0,13.0,0.0,0.0,0.0,2.0,0
80.13300323486328,19.0,1094.0,42.0,45948.0,0.0,0.0,0.0,44.0,66.0,9.0,0.0,100.0,100.0,100.0,103.0,100.0,103.0,100.0,50.0,50.0,0.0,2.878000136697665,2.878000136697665,2.878000136697665,2.878000136697665,14.70000021904707,1.0,2.62377667427063,0.0,0.0,13.0,3.000000142492354,2.9770001413999125,14.000000208616257,-730.0,0.0,0.0,-8.122127532958984,0.0,0.0,0.0,1.0,54.0,1050.0,-44.0,98.0,0.0,11.0,0.0,0.0,11.0,10.0,1885.0,103.38208770751953,0.0,0.0,0.0,0.0,0.0,0.0,0.0,0.0,0.0,0.0,0.0,0.0,0.0,0.0,0.0,0.0,13.0,0.0,0.0,0.0,2.0,0
80.2030029296875,19.0,1000.0,44.0,44000.0,0.0,0.0,0.0,44.0,66.0,9.0,0.0,100.0,100.0,100.0,103.0,100.0,103.0,100.0,50.0,50.0,0.0,2.9520001402124763,2.9520001402124763,2.9520001402124763,2.9520001402124763,14.70000021904707,1.0,2.4600000381469727,0.0,0.0,13.0,3.000000142492354,2.934000139357522,14.000000208616257,0.0,0.0,0.0,-7.832052230834961,0.0,0.0,0.0,1.0,65.0,1050.0,50.0,98.0,0.0,11.0,0.0,0.0,11.0,10.0,1885.0,113.0999984741211,0.0,0.0,0.0,0.0,0.0,0.0,0.0,0.0,0.0,0.0,0.0,0.0,0.0,0.0,0.0,0.0,13.0,0.0,0.0,0.0,2.0,0
80.26799774169922,19.0,1000.0,46.0,46000.0,0.0,0.0,0.0,44.0,66.0,9.0,0.0,100.0,100.0,100.0,103.0,100.0,103.0,100.0,50.0,50.0,0.0,3.062000145437196,3.062000145437196,3.062000145437196,3.062000145437196,14.70000021904707,1.0,2.551666736602783,0.0,0.0,13.0,3.000000142492354,2.97800014144741,14.000000208616257,-940.0,0.0,0.0,-7.541975975036621,0.0,0.0,0.0,1.0,65.0,1050.0,50.0,98.0,0.0,11.0,0.0,0.0,11.0,10.0,1885.0,113.0999984741211,0.0,0.0,0.0,0.0,0.0,0.0,0.0,0.0,0.0,0.0,0.0,0.0,0.0,0.0,0.0,0.0,13.0,0.0,0.0,0.0,2.0,0
80.33399963378906,19.0,918.0,48.0,44064.0,0.0,0.0,0.0,44.0,66.0,9.0,0.0,100.0,100.0,100.0,103.0,100.0,103.0,100.0,50.0,50.0,0.0,3.13500014890451,3.13500014890451,3.13500014890451,3.13500014890451,14.70000021904707,1.0,2.3982748985290527,0.0,0.0,13.0,3.000000142492354,3.047000144724734,14.000000208616257,-940.0,0.0,0.0,-7.2519001960754395,0.0,0.0,0.0,1.0,65.0,1050.0,132.0,98.0,0.0,11.0,0.0,0.0,11.0,10.0,1885.0,123.2026138305664,0.0,0.0,0.0,0.0,0.0,0.0,0.0,0.0,0.0,0.0,0.0,0.0,0.0,0.0,0.0,0.0,13.0,0.0,0.0,0.0,2.0,0
80.39900207519531,19.0,918.0,49.0,44982.0,0.0,0.0,0.0,44.0,66.0,9.0,0.0,100.0,100.0,100.0,103.0,100.0,103.0,100.0,50.0,50.0,0.0,3.208000152371824,3.208000152371824,3.208000152371824,3.208000152371824,14.70000021904707,1.0,2.454119920730591,0.0,0.0,13.0,3.000000142492354,3.0080001428723335,14.000000208616257,-820.0,0.0,0.0,-7.1068620681762695,0.0,0.0,0.0,1.0,65.0,1050.0,132.0,98.0,0.0,11.0,0.0,0.0,11.0,10.0,1885.0,123.2026138305664,0.0,0.0,0.0,0.0,0.0,0.0,0.0,0.0,0.0,0.0,0.0,0.0,0.0,0.0,0.0,0.0,13.0,0.0,0.0,0.0,2.0,0
80.46900177001953,19.0,860.0,51.0,43860.0,0.0,0.0,0.0,44.0,66.0,9.0,0.0,100.0,100.0,100.0,103.0,100.0,103.0,100.0,50.0,50.0,0.0,3.282000155886635,3.282000155886635,3.282000155886635,3.282000155886635,14.70000021904707,1.0,2.352099895477295,0.0,0.0,13.0,3.000000142492354,2.8110001335153356,14.000000208616257,-580.0,0.0,0.0,-6.81678581237793,0.0,0.0,0.0,1.0,99.0,1050.0,190.0,98.0,0.0,11.0,0.0,0.0,11.0,10.0,1885.0,131.51162719726562,0.0,0.0,0.0,0.0,0.0,0.0,0.0,0.0,0.0,0.0,0.0,0.0,0.0,0.0,0.0,0.0,13.0,0.0,0.0,0.0,2.0,0
80.53399658203125,19.0,860.0,59.0,50740.0,0.0,0.0,0.0,44.0,66.0,9.0,0.0,100.0,100.0,100.0,103.0,100.0,103.0,100.0,50.0,50.0,0.0,3.685000175028108,3.685000175028108,3.685000175028108,3.685000175028108,14.70000021904707,1.0,2.640916585922241,0.0,0.0,13.0,3.000000142492354,2.9790001414949074,14.000000208616257,-580.0,0.0,0.0,-5.656482219696045,0.0,0.0,0.0,1.0,99.0,1050.0,190.0,98.0,0.0,11.0,0.0,0.0,11.0,10.0,1885.0,131.51162719726562,0.0,0.0,0.0,0.0,0.0,0.0,0.0,0.0,0.0,0.0,0.0,0.0,0.0,0.0,0.0,0.0,13.0,0.0,0.0,0.0,2.0,0
80.5999984741211,20.0,809.0,62.0,50158.0,0.0,0.0,0.0,44.0,66.0,9.0,0.0,100.0,100.0,100.0,103.0,100.0,103.0,100.0,50.0,50.0,0.0,3.7950001802528277,3.7950001802528277,3.7950001802528277,3.7950001802528277,14.70000021904707,1.0,2.558462381362915,0.0,0.0,13.0,3.000000142492354,3.036000144202262,14.000000208616257,0.0,0.0,0.0,-5.221367835998535,0.0,0.0,0.0,1.0,99.0,1050.0,241.0,98.0,0.0,11.0,0.0,0.0,11.0,10.0,1909.0,141.5821990966797,0.0,0.0,0.0,0.0,0.0,0.0,0.0,0.0,0.0,0.0,0.0,0.0,0.0,0.0,0.0,0.0,13.0,0.0,0.0,0.0,2.0,0
80.66500091552734,20.0,809.0,65.0,52585.0,0.0,0.0,0.0,44.0,66.0,9.0,0.0,100.0,100.0,100.0,103.0,100.0,103.0,100.0,50.0,50.0,0.0,3.942000187234953,3.942000187234953,3.942000187234953,3.942000187234953,14.70000021904707,1.0,2.657565116882324,0.0,0.0,13.0,3.000000142492354,3.124000148382038,14.000000208616257,-510.0,0.0,0.0,-4.786253929138184,0.0,0.0,0.0,1.0,99.0,1050.0,241.0,98.0,0.0,11.0,0.0,0.0,11.0,10.0,1909.0,141.5821990966797,0.0,0.0,0.0,0.0,0.0,0.0,0.0,0.0,0.0,0.0,0.0,0.0,0.0,0.0,0.0,0.0,13.0,0.0,0.0,0.0,2.0,0
80.73500061035156,20.0,799.0,66.0,52734.0,0.0,0.0,0.0,44.0,66.0,9.0,0.0,100.0,100.0,100.0,103.0,100.0,103.0,100.0,50.0,50.0,0.0,3.9780001889448613,3.9780001889448613,3.9780001889448613,3.9780001889448613,14.70000021904707,1.0,2.6486849784851074,0.0,0.0,13.0,3.000000142492354,3.0170001432998106,14.000000208616257,-510.0,0.0,0.0,-4.641215801239014,0.0,0.0,0.0,1.0,99.0,1050.0,251.0,98.0,0.0,11.0,0.0,0.0,11.0,10.0,1909.0,143.35418701171875,0.0,0.0,0.0,0.0,0.0,0.0,0.0,0.0,0.0,0.0,0.0,0.0,0.0,0.0,0.0,0.0,13.0,0.0,0.0,0.0,2.0,0
80.73500061035156,20.0,799.0,67.0,53533.0,0.0,0.0,0.0,44.0,66.0,9.0,0.0,100.0,100.0,100.0,103.0,100.0,103.0,100.0,50.0,50.0,0.0,4.052000192459673,4.052000192459673,4.052000192459673,4.052000192459673,14.70000021904707,1.0,2.6979565620422363,0.0,0.0,13.0,3.000000142492354,3.361000159638934,14.000000208616257,-100.0,0.0,0.0,-4.496178150177002,0.0,0.0,0.0,1.0,100.0,1050.0,251.0,98.0,0.0,11.0,0.0,0.0,11.0,10.0,1909.0,143.35418701171875,0.0,0.0,0.0,0.0,0.0,0.0,0.0,0.0,0.0,0.0,0.0,0.0,0.0,0.0,0.0,0.0,13.0,0.0,0.0,0.0,2.0,0
80.86599731445312,20.0,799.0,67.0,53533.0,0.0,0.0,0.0,44.0,66.0,9.0,0.0,100.0,100.0,100.0,103.0,100.0,103.0,100.0,50.0,50.0,0.0,4.052000192459673,4.052000192459673,4.052000192459673,4.052000192459673,14.70000021904707,1.0,2.6979565620422363,0.0,0.0,13.0,3.000000142492354,3.020000143442303,14.000000208616257,0.0,0.0,0.0,-4.496178150177002,0.0,0.0,0.0,1.0,100.0,1050.0,251.0,98.0,0.0,11.0,0.0,0.0,11.0,10.0,1909.0,143.35418701171875,0.0,0.0,0.0,0.0,0.0,0.0,0.0,0.0,0.0,0.0,0.0,0.0,0.0,0.0,0.0,0.0,13.0,0.0,0.0,0.0,2.0,0
80.93599700927734,20.0,838.0,66.0,55308.0,0.0,0.0,0.0,44.0,66.0,9.0,0.0,100.0,100.0,100.0,103.0,100.0,103.0,100.0,50.0,50.0,0.0,3.9780001889448613,3.9780001889448613,3.9780001889448613,3.9780001889448613,14.70000021904707,1.0,2.7779700756073,0.0,0.0,13.0,3.000000142492354,3.576000169850886,14.000000208616257,0.0,0.0,0.0,-4.641215801239014,0.0,0.0,0.0,1.0,100.0,1050.0,212.0,98.0,0.0,11.0,0.0,0.0,11.0,10.0,1909.0,136.6825714111328,0.0,0.0,0.0,0.0,0.0,0.0,0.0,0.0,0.0,0.0,0.0,0.0,0.0,0.0,0.0,0.0,13.0,0.0,0.0,0.0,2.0,0
81.00199890136719,20.0,838.0,66.0,55308.0,0.0,0.0,0.0,44.0,66.0,9.0,0.0,100.0,100.0,100.0,103.0,100.0,103.0,100.0,50.0,50.0,0.0,3.9780001889448613,3.9780001889448613,3.9780001889448613,3.9780001889448613,14.70000021904707,1.0,2.7779700756073,0.0,0.0,14.0,3.000000142492354,3.0230001435847953,14.000000208616257,390.0,0.0,0.0,-4.641215801239014,0.0,0.0,0.0,1.0,100.0,1050.0,212.0,98.0,0.0,11.0,0.0,0.0,11.0,10.0,1909.0,136.6825714111328,0.0,0.0,0.0,0.0,0.0,0.0,0.0,0.0,0.0,0.0,0.0,0.0,0.0,0.0,0.0,0.0,14.0,0.0,0.0,0.0,2.0,0
81.06800079345703,20.0,923.0,64.0,59072.0,0.0,0.0,0.0,44.0,66.0,9.0,0.0,100.0,100.0,100.0,103.0,100.0,103.0,100.0,50.0,50.0,0.0,3.9050001854775473,3.9050001854775473,3.9050001854775473,3.9050001854775473,14.70000021904707,1.0,3.0035958290100098,0.0,0.0,14.0,3.000000142492354,3.6570001736981794,14.000000208616257,850.0,0.0,0.0,-4.9312920570373535,0.0,0.0,0.0,1.0,94.0,1050.0,127.0,98.0,0.0,11.0,0.0,0.0,11.0,10.0,1909.0,124.09534454345703,0.0,0.0,0.0,0.0,0.0,0.0,0.0,0.0,0.0,0.0,0.0,0.0,0.0,0.0,0.0,0.0,14.0,0.0,0.0,0.0,2.0,0
81.13700103759766,20.0,1010.0,62.0,62620.0,0.0,0.0,0.0,44.0,66.0,9.0,0.0,100.0,100.0,100.0,103.0,100.0,103.0,100.0,50.0,50.0,0.0,3.7950001802528277,3.7950001802528277,3.7950001802528277,3.7950001802528277,14.70000021904707,1.0,3.194124937057495,0.0,0.0,13.0,3.000000142492354,3.189000151469372,14.000000208616257,850.0,0.0,0.0,-5.221367835998535,0.0,0.0,0.0,1.0,94.0,1050.0,40.0,98.0,0.0,11.0,0.0,0.0,11.0,10.0,1909.0,113.40593719482422,0.0,0.0,0.0,0.0,0.0,0.0,0.0,0.0,0.0,0.0,0.0,0.0,0.0,0.0,0.0,0.0,13.0,0.0,0.0,0.0,2.0,0
81.2020034790039,20.0,1010.0,61.0,61610.0,0.0,0.0,0.0,44.0,66.0,9.0,0.0,100.0,100.0,100.0,103.0,100.0,103.0,100.0,50.0,50.0,0.0,3.758000178495422,3.758000178495422,3.758000178495422,3.758000178495422,14.70000021904707,1.0,3.1629834175109863,0.0,0.0,13.0,3.000000142492354,3.0440001445822418,14.000000208616257,870.0,0.0,0.0,-5.366405963897705,0.0,0.0,0.0,1.0,94.0,1050.0,40.0,98.0,0.0,11.0,0.0,0.0,11.0,10.0,1909.0,113.40593719482422,0.0,0.0,0.0,0.0,0.0,0.0,0.0,0.0,0.0,0.0,0.0,0.0,0.0,0.0,0.0,0.0,13.0,0.0,0.0,0.0,2.0,0
81.26799774169922,20.0,1073.0,60.0,64380.0,0.0,0.0,0.0,44.0,66.0,9.0,0.0,100.0,100.0,100.0,103.0,100.0,103.0,100.0,50.0,50.0,0.0,3.7220001767855138,3.7220001767855138,3.7220001767855138,3.7220001767855138,14.70000021904707,1.0,3.3280882835388184,0.0,0.0,13.0,3.000000142492354,3.1120001478120685,14.000000208616257,630.0,0.0,0.0,-5.511444091796875,0.0,0.0,0.0,1.0,94.0,1050.0,-23.0,98.0,0.0,11.0,0.0,0.0,11.0,10.0,1909.0,106.7474365234375,0.0,0.0,0.0,0.0,0.0,0.0,0.0,0.0,0.0,0.0,0.0,0.0,0.0,0.0,0.0,0.0,13.0,0.0,0.0,0.0,2.0,0
81.33399963378906,20.0,1073.0,59.0,63307.0,0.0,0.0,0.0,44.0,66.0,9.0,0.0,100.0,100.0,100.0,103.0,100.0,103.0,100.0,50.0,50.0,0.0,3.685000175028108,3.685000175028108,3.685000175028108,3.685000175028108,14.70000021904707,1.0,3.29500412940979,0.0,0.0,13.0,3.000000142492354,3.0170001432998106,14.000000208616257,630.0,0.0,0.0,-5.656482219696045,0.0,0.0,0.0,1.0,94.0,1050.0,-23.0,98.0,0.0,11.0,0.0,0.0,11.0,10.0,1909.0,106.7474365234375,0.0,0.0,0.0,0.0,0.0,0.0,0.0,0.0,0.0,0.0,0.0,0.0,0.0,0.0,0.0,0.0,13.0,0.0,0.0,0.0,2.0,0
81.40299987792969,20.0,1111.0,56.0,62216.0,0.0,0.0,0.0,44.0,66.0,9.0,0.0,100.0,100.0,100.0,103.0,100.0,103.0,100.0,50.0,50.0,0.0,3.5380001680459827,3.5380001680459827,3.5380001680459827,3.5380001680459827,14.70000021904707,1.0,3.2755982875823975,0.0,0.0,13.0,3.000000142492354,3.0480001447722316,14.000000208616257,380.0,0.0,0.0,-6.0915961265563965,0.0,0.0,0.0,1.0,68.0,1050.0,-61.0,98.0,0.0,11.0,0.0,0.0,11.0,10.0,1909.0,103.09630584716797,0.0,0.0,0.0,0.0,0.0,0.0,0.0,0.0,0.0,0.0,0.0,0.0,0.0,0.0,0.0,0.0,13.0,0.0,0.0,0.0,2.0,0
81.47000122070312,20.0,1134.0,51.0,57834.0,0.0,0.0,0.0,44.0,66.0,9.0,0.0,100.0,100.0,100.0,103.0,100.0,103.0,100.0,50.0,50.0,0.0,3.282000155886635,3.282000155886635,3.282000155886635,3.282000155886635,14.70000021904707,1.0,3.101490020751953,0.0,0.0,13.0,3.000000142492354,2.9730001412099227,14.000000208616257,230.0,0.0,0.0,-6.81678581237793,0.0,0.0,0.0,1.0,68.0,1050.0,-84.0,98.0,0.0,11.0,0.0,0.0,11.0,10.0,1909.0,101.00529479980469,0.0,0.0,0.0,0.0,0.0,0.0,0.0,0.0,0.0,0.0,0.0,0.0,0.0,0.0,0.0,0.0,13.0,0.0,0.0,0.0,2.0,0
81.53399658203125,20.0,1134.0,50.0,56700.0,0.0,0.0,0.0,44.0,66.0,9.0,0.0,100.0,100.0,100.0,103.0,100.0,103.0,100.0,50.0,50.0,0.0,3.246000154176727,3.246000154176727,3.246000154176727,3.246000154176727,14.70000021904707,1.0,3.067470073699951,0.0,0.0,13.0,3.000000142492354,3.0120001430623233,14.000000208616257,230.0,0.0,0.0,-6.9618239402771,0.0,0.0,0.0,1.0,68.0,1050.0,-84.0,98.0,0.0,11.0,0.0,0.0,11.0,10.0,1909.0,101.00529479980469,0.0,0.0,0.0,0.0,0.0,0.0,0.0,0.0,0.0,0.0,0.0,0.0,0.0,0.0,0.0,0.0,13.0,0.0,0.0,0.0,2.0,0
81.60099792480469,21.0,1134.0,48.0,54432.0,0.0,0.0,0.0,44.0,66.0,9.0,0.0,100.0,100.0,100.0,103.0,100.0,103.0,100.0,50.0,50.0,0.0,3.13500014890451,3.13500014890451,3.13500014890451,3.13500014890451,14.70000021904707,1.0,2.9625749588012695,0.0,0.0,13.0,3.000000142492354,2.916000138502568,14.000000208616257,0.0,0.0,0.0,-7.2519001960754395,0.0,0.0,0.0,1.0,68.0,1050.0,-84.0,98.0,0.0,11.0,0.0,0.0,11.0,10.0,1898.0,100.42327880859375,0.0,0.0,0.0,0.0,0.0,0.0,0.0,0.0,0.0,0.0,0.0,0.0,0.0,0.0,0.0,0.0,13.0,0.0,0.0,0.0,2.0,0
81.66600036621094,21.0,1097.0,48.0,52656.0,0.0,0.0,0.0,44.0,66.0,9.0,0.0,100.0,100.0,100.0,103.0,100.0,103.0,100.0,50.0,50.0,0.0,3.13500014890451,3.13500014890451,3.13500014890451,3.13500014890451,14.70000021904707,1.0,2.865912437438965,0.0,0.0,13.0,3.000000142492354,3.0140001431573182,14.000000208616257,0.0,0.0,0.0,-7.2519001960754395,0.0,0.0,0.0,1.0,68.0,1050.0,-47.0,98.0,0.0,11.0,0.0,0.0,11.0,10.0,1898.0,103.81039428710938,0.0,0.0,0.0,0.0,0.0,0.0,0.0,0.0,0.0,0.0,0.0,0.0,0.0,0.0,0.0,0.0,13.0,0.0,0.0,0.0,2.0,0
81.66600036621094,21.0,1097.0,48.0,52656.0,0.0,0.0,0.0,44.0,66.0,9.0,0.0,100.0,100.0,100.0,103.0,100.0,103.0,100.0,50.0,50.0,0.0,3.13500014890451,3.13500014890451,3.13500014890451,3.13500014890451,14.70000021904707,1.0,2.865912437438965,0.0,0.0,13.0,3.000000142492354,3.005000142729841,14.000000208616257,-370.0,0.0,0.0,-7.2519001960754395,0.0,0.0,0.0,1.0,70.0,1050.0,-47.0,98.0,0.0,11.0,0.0,0.0,11.0,10.0,1898.0,103.81039428710938,0.0,0.0,0.0,0.0,0.0,0.0,0.0,0.0,0.0,0.0,0.0,0.0,0.0,0.0,0.0,0.0,13.0,0.0,0.0,0.0,2.0,0
81.8010025024414,21.0,1053.0,48.0,50544.0,0.0,0.0,0.0,44.0,66.0,9.0,0.0,100.0,100.0,100.0,103.0,100.0,103.0,100.0,50.0,50.0,0.0,3.13500014890451,3.13500014890451,3.13500014890451,3.13500014890451,14.70000021904707,1.0,2.750962495803833,0.0,0.0,13.0,3.000000142492354,2.945000139879994,14.000000208616257,0.0,0.0,0.0,-7.2519001960754395,0.0,0.0,0.0,1.0,70.0,1050.0,-3.0,98.0,0.0,11.0,0.0,0.0,11.0,10.0,1898.0,108.14814758300781,0.0,0.0,0.0,0.0,0.0,0.0,0.0,0.0,0.0,0.0,0.0,0.0,0.0,0.0,0.0,0.0,13.0,0.0,0.0,0.0,2.0,0
81.86599731445312,21.0,1053.0,49.0,51597.0,0.0,0.0,0.0,44.0,66.0,9.0,0.0,100.0,100.0,100.0,103.0,100.0,103.0,100.0,50.0,50.0,0.0,3.208000152371824,3.208000152371824,3.208000152371824,3.208000152371824,14.70000021904707,1.0,2.8150200843811035,0.0,0.0,13.0,3.000000142492354,3.0040001426823437,14.000000208616257,0.0,0.0,0.0,-7.1068620681762695,0.0,0.0,0.0,1.0,70.0,1050.0,-3.0,98.0,0.0,11.0,0.0,0.0,11.0,10.0,1898.0,108.14814758300781,0.0,0.0,0.0,0.0,0.0,0.0,0.0,0.0,0.0,0.0,0.0,0.0,0.0,0.0,0.0,0.0,13.0,0.0,0.0,0.0,2.0,0
81.93499755859375,21.0,1021.0,50.0,51050.0,0.0,0.0,0.0,44.0,66.0,9.0,0.0,100.0,100.0,100.0,103.0,100.0,103.0,100.0,50.0,50.0,0.0,3.246000154176727,3.246000154176727,3.246000154176727,3.246000154176727,14.70000021904707,1.0,2.7618050575256348,0.0,0.0,13.0,3.000000142492354,3.027000143774785,14.000000208616257,-440.0,0.0,0.0,-6.9618239402771,0.0,0.0,0.0,1.0,70.0,1050.0,29.0,98.0,0.0,11.0,0.0,0.0,11.0,10.0,1898.0,111.53770446777344,0.0,0.0,0.0,0.0,0.0,0.0,0.0,0.0,0.0,0.0,0.0,0.0,0.0,0.0,0.0,0.0,13.0,0.0,0.0,0.0,2.0,0
82.0009994506836,21.0,1021.0,50.0,51050.0,0.0,0.0,0.0,44.0,66.0,9.0,0.0,100.0,100.0,100.0,103.0,100.0,103.0,100.0,50.0,50.0,0.0,3.246000154176727,3.246000154176727,3.246000154176727,3.246000154176727,14.70000021904707,1.0,2.7618050575256348,0.0,0.0,13.0,3.000000142492354,3.016000143252313,14.000000208616257,-320.0,0.0,0.0,-6.9618239402771,0.0,0.0,0.0,1.0,81.0,1050.0,29.0,98.0,0.0,11.0,0.0,0.0,11.0,10.0,1898.0,111.53770446777344,0.0,0.0,0.0,0.0,0.0,0.0,0.0,0.0,0.0,0.0,0.0,0.0,0.0,0.0,0.0,0.0,13.0,0.0,0.0,0.0,2.0,0
82.06700134277344,21.0,1004.0,52.0,52208.0,0.0,0.0,0.0,44.0,66.0,9.0,0.0,100.0,100.0,100.0,103.0,100.0,103.0,100.0,50.0,50.0,0.0,3.355000159353949,3.355000159353949,3.355000159353949,3.355000159353949,14.70000021904707,1.0,2.807016611099243,0.0,0.0,13.0,3.000000142492354,2.905000137980096,14.000000208616257,-320.0,0.0,0.0,-6.671748161315918,0.0,0.0,0.0,1.0,81.0,1050.0,46.0,98.0,0.0,11.0,0.0,0.0,11.0,10.0,1898.0,113.4262924194336,0.0,0.0,0.0,0.0,0.0,0.0,0.0,0.0,0.0,0.0,0.0,0.0,0.0,0.0,0.0,0.0,13.0,0.0,0.0,0.0,2.0,0
82.13200378417969,21.0,993.0,54.0,53622.0,0.0,0.0,0.0,44.0,66.0,9.0,0.0,100.0,100.0,100.0,103.0,100.0,103.0,100.0,50.0,50.0,0.0,3.428000162821263,3.428000162821263,3.428000162821263,3.428000162821263,14.70000021904707,1.0,2.836669921875,0.0,0.0,13.0,3.000000142492354,3.0140001431573182,14.000000208616257,-170.0,0.0,0.0,-6.381671905517578,0.0,0.0,0.0,1.0,81.0,1050.0,57.0,98.0,0.0,11.0,0.0,0.0,11.0,10.0,1898.0,114.68277740478516,0.0,0.0,0.0,0.0,0.0,0.0,0.0,0.0,0.0,0.0,0.0,0.0,0.0,0.0,0.0,0.0,13.0,0.0,0.0,0.0,2.0,0
82.2020034790039,21.0,993.0,54.0,53622.0,0.0,0.0,0.0,44.0,66.0,9.0,0.0,100.0,100.0,100.0,103.0,100.0,103.0,100.0,50.0,50.0,0.0,3.428000162821263,3.428000162821263,3.428000162821263,3.428000162821263,14.70000021904707,1.0,2.836669921875,0.0,0.0,13.0,3.000000142492354,3.049000144819729,14.000000208616257,-110.0,0.0,0.0,-6.381671905517578,0.0,0.0,0.0,1.0,81.0,1050.0,57.0,98.0,0.0,11.0,0.0,0.0,11.0,10.0,1898.0,114.68277740478516,0.0,0.0,0.0,0.0,0.0,0.0,0.0,0.0,0.0,0.0,0.0,0.0,0.0,0.0,0.0,0.0,13.0,0.0,0.0,0.0,2.0,0
82.26699829101562,21.0,990.0,55.0,54450.0,0.0,0.0,0.0,44.0,66.0,9.0,0.0,100.0,100.0,100.0,103.0,100.0,103.0,100.0,50.0,50.0,0.0,3.4650001645786688,3.4650001645786688,3.4650001645786688,3.4650001645786688,14.70000021904707,1.0,2.8586249351501465,0.0,0.0,13.0,3.000000142492354,3.146000149426982,14.000000208616257,-110.0,0.0,0.0,-6.236633777618408,0.0,0.0,0.0,1.0,81.0,1050.0,60.0,98.0,0.0,11.0,0.0,0.0,11.0,10.0,1898.0,115.03030395507812,0.0,0.0,0.0,0.0,0.0,0.0,0.0,0.0,0.0,0.0,0.0,0.0,0.0,0.0,0.0,0.0,13.0,0.0,0.0,0.0,2.0,0
82.33399963378906,21.0,990.0,55.0,54450.0,0.0,0.0,0.0,44.0,66.0,9.0,0.0,100.0,100.0,100.0,103.0,100.0,103.0,100.0,50.0,50.0,0.0,3.4650001645786688,3.4650001645786688,3.4650001645786688,3.4650001645786688,14.70000021904707,1.0,2.8586249351501465,0.0,0.0,13.0,3.000000142492354,3.0460001446772367,14.000000208616257,-30.0,0.0,0.0,-6.236633777618408,0.0,0.0,0.0,1.0,86.0,1050.0,60.0,98.0,0.0,11.0,0.0,0.0,11.0,10.0,1898.0,115.03030395507812,0.0,0.0,0.0,0.0,0.0,0.0,0.0,0.0,0.0,0.0,0.0,0.0,0.0,0.0,0.0,0.0,13.0,0.0,0.0,0.0,2.0,0
82.39900207519531,21.0,1001.0,56.0,56056.0,0.0,0.0,0.0,44.0,66.0,9.0,0.0,100.0,100.0,100.0,103.0,100.0,103.0,100.0,50.0,50.0,0.0,3.5380001680459827,3.5380001680459827,3.5380001680459827,3.5380001680459827,14.70000021904707,1.0,2.9512815475463867,0.0,0.0,13.0,3.000000142492354,3.0230001435847953,14.000000208616257,110.0,0.0,0.0,-6.0915961265563965,0.0,0.0,0.0,1.0,86.0,1050.0,49.0,98.0,0.0,11.0,0.0,0.0,11.0,10.0,1898.0,113.7662353515625,0.0,0.0,0.0,0.0,0.0,0.0,0.0,0.0,0.0,0.0,0.0,0.0,0.0,0.0,0.0,0.0,13.0,0.0,0.0,0.0,2.0,0
82.46800231933594,21.0,1001.0,57.0,57057.0,0.0,0.0,0.0,44.0,66.0,9.0,0.0,100.0,100.0,100.0,103.0,100.0,103.0,100.0,50.0,50.0,0.0,3.5750001698033884,3.5750001698033884,3.5750001698033884,3.5750001698033884,14.70000021904707,1.0,2.9821457862854004,0.0,0.0,13.0,3.000000142492354,3.0320001440122724,14.000000208616257,110.0,0.0,0.0,-5.946557998657227,0.0,0.0,0.0,1.0,86.0,1050.0,49.0,98.0,0.0,11.0,0.0,0.0,11.0,10.0,1898.0,113.7662353515625,0.0,0.0,0.0,0.0,0.0,0.0,0.0,0.0,0.0,0.0,0.0,0.0,0.0,0.0,0.0,0.0,13.0,0.0,0.0,0.0,2.0,0
82.53399658203125,21.0,1025.0,57.0,58425.0,0.0,0.0,0.0,44.0,66.0,9.0,0.0,100.0,100.0,100.0,103.0,100.0,103.0,100.0,50.0,50.0,0.0,3.5750001698033884,3.5750001698033884,3.5750001698033884,3.5750001698033884,14.70000021904707,1.0,3.0536458492279053,0.0,0.0,13.0,3.000000142492354,3.1720001506619155,14.000000208616257,0.0,0.0,0.0,-5.946557998657227,0.0,0.0,0.0,1.0,86.0,1050.0,25.0,98.0,0.0,11.0,0.0,0.0,11.0,10.0,1898.0,111.1024398803711,0.0,0.0,0.0,0.0,0.0,0.0,0.0,0.0,0.0,0.0,0.0,0.0,0.0,0.0,0.0,0.0,13.0,0.0,0.0,0.0,2.0,0
82.53399658203125,22.0,1025.0,57.0,58425.0,0.0,0.0,0.0,44.0,66.0,9.0,0.0,100.0,100.0,100.0,103.0,100.0,103.0,100.0,50.0,50.0,0.0,3.5750001698033884,3.5750001698033884,3.5750001698033884,3.5750001698033884,14.70000021904707,1.0,3.0536458492279053,0.0,0.0,13.0,3.000000142492354,3.018000143347308,14.000000208616257,240.0,0.0,0.0,-5.946557998657227,0.0,0.0,0.0,1.0,81.0,1050.0,25.0,98.0,0.0,11.0,0.0,0.0,11.0,10.0,1908.0,111.68780517578125,0.0,0.0,0.0,0.0,0.0,0.0,0.0,0.0,0.0,0.0,0.0,0.0,0.0,0.0,0.0,0.0,13.0,0.0,0.0,0.0,2.0,0
82.66899871826172,22.0,1052.0,56.0,58912.0,0.0,0.0,0.0,44.0,66.0,9.0,0.0,100.0,100.0,100.0,103.0,100.0,103.0,100.0,50.0,50.0,0.0,3.5380001680459827,3.5380001680459827,3.5380001680459827,3.5380001680459827,14.70000021904707,1.0,3.101646661758423,0.0,0.0,13.0,3.000000142492354,3.2520001544617116,14.000000208616257,240.0,0.0,0.0,-6.0915961265563965,0.0,0.0,0.0,1.0,81.0,1050.0,-2.0,98.0,0.0,11.0,0.0,0.0,11.0,10.0,1908.0,108.8212890625,0.0,0.0,0.0,0.0,0.0,0.0,0.0,0.0,0.0,0.0,0.0,0.0,0.0,0.0,0.0,0.0,13.0,0.0,0.0,0.0,2.0,0
82.73500061035156,22.0,1079.0,54.0,58266.0,0.0,0.0,0.0,44.0,66.0,9.0,0.0,100.0,100.0,100.0,103.0,100.0,103.0,100.0,50.0,50.0,0.0,3.428000162821263,3.428000162821263,3.428000162821263,3.428000162821263,14.70000021904707,1.0,3.082343339920044,0.0,0.0,13.0,3.000000142492354,2.963000140734948,14.000000208616257,270.0,0.0,0.0,-6.381671905517578,0.0,0.0,0.0,1.0,81.0,1050.0,-29.0,98.0,0.0,11.0,0.0,0.0,11.0,10.0,1908.0,106.09823608398438,0.0,0.0,0.0,0.0,0.0,0.0,0.0,0.0,0.0,0.0,0.0,0.0,0.0,0.0,0.0,0.0,13.0,0.0,0.0,0.0,2.0,0
82.79900360107422,22.0,1079.0,54.0,58266.0,0.0,0.0,0.0,44.0,66.0,9.0,0.0,100.0,100.0,100.0,103.0,100.0,103.0,100.0,50.0,50.0,0.0,3.428000162821263,3.428000162821263,3.428000162821263,3.428000162821263,14.70000021904707,1.0,3.082343339920044,0.0,0.0,13.0,3.000000142492354,3.027000143774785,14.000000208616257,270.0,0.0,0.0,-6.381671905517578,0.0,0.0,0.0,1.0,81.0,1050.0,-29.0,98.0,0.0,11.0,0.0,0.0,11.0,10.0,1908.0,106.09823608398438,0.0,0.0,0.0,0.0,0.0,0.0,0.0,0.0,0.0,0.0,0.0,0.0,0.0,0.0,0.0,0.0,13.0,0.0,0.0,0.0,2.0,0
82.87000274658203,22.0,1094.0,54.0,59076.0,0.0,0.0,0.0,44.0,66.0,9.0,0.0,100.0,100.0,100.0,103.0,100.0,103.0,100.0,50.0,50.0,0.0,3.428000162821263,3.428000162821263,3.428000162821263,3.428000162821263,14.70000021904707,1.0,3.1251933574676514,0.0,0.0,13.0,3.000000142492354,3.189000151469372,14.000000208616257,270.0,0.0,0.0,-6.381671905517578,0.0,0.0,0.0,1.0,81.0,1050.0,-44.0,98.0,0.0,11.0,0.0,0.0,11.0,10.0,1908.0,104.64350891113281,0.0,0.0,0.0,0.0,0.0,0.0,0.0,0.0,0.0,0.0,0.0,0.0,0.0,0.0,0.0,0.0,13.0,0.0,0.0,0.0,2.0,0
82.93599700927734,22.0,1102.0,53.0,58406.0,0.0,0.0,0.0,44.0,66.0,9.0,0.0,100.0,100.0,100.0,103.0,100.0,103.0,100.0,50.0,50.0,0.0,3.392000161111355,3.392000161111355,3.392000161111355,3.392000161111355,14.70000021904707,1.0,3.1149866580963135,0.0,0.0,13.0,3.000000142492354,3.018000143347308,14.000000208616257,150.0,0.0,0.0,-6.526710033416748,0.0,0.0,0.0,1.0,71.0,1050.0,-52.0,98.0,0.0,11.0,0.0,0.0,11.0,10.0,1908.0,103.88385009765625,0.0,0.0,0.0,0.0,0.0,0.0,0.0,0.0,0.0,0.0,0.0,0.0,0.0,0.0,0.0,0.0,13.0,0.0,0.0,0.0,2.0,0
83.0009994506836,22.0,1102.0,51.0,56202.0,0.0,0.0,0.0,44.0,66.0,9.0,0.0,100.0,100.0,100.0,103.0,100.0,103.0,100.0,50.0,50.0,0.0,3.282000155886635,3.282000155886635,3.282000155886635,3.282000155886635,14.70000021904707,1.0,3.013969898223877,0.0,0.0,13.0,3.000000142492354,3.0230001435847953,14.000000208616257,80.0,0.0,0.0,-6.81678581237793,0.0,0.0,0.0,1.0,71.0,1050.0,-52.0,98.0,0.0,11.0,0.0,0.0,11.0,10.0,1908.0,103.88385009765625,0.0,0.0,0.0,0.0,0.0,0.0,0.0,0.0,0.0,0.0,0.0,0.0,0.0,0.0,0.0,0.0,13.0,0.0,0.0,0.0,2.0,0
83.06600189208984,22.0,1104.0,50.0,55200.0,0.0,0.0,0.0,44.0,66.0,9.0,0.0,100.0,100.0,100.0,103.0,100.0,103.0,100.0,50.0,50.0,0.0,3.246000154176727,3.246000154176727,3.246000154176727,3.246000154176727,14.70000021904707,1.0,2.9863200187683105,0.0,0.0,13.0,3.000000142492354,3.047000144724734,14.000000208616257,80.0,0.0,0.0,-6.9618239402771,0.0,0.0,0.0,1.0,71.0,1050.0,-54.0,98.0,0.0,11.0,0.0,0.0,11.0,10.0,1908.0,103.6956558227539,0.0,0.0,0.0,0.0,0.0,0.0,0.0,0.0,0.0,0.0,0.0,0.0,0.0,0.0,0.0,0.0,13.0,0.0,0.0,0.0,2.0,0
83.13600158691406,22.0,1104.0,50.0,55200.0,0.0,0.0,0.0,44.0,66.0,9.0,0.0,100.0,100.0,100.0,103.0,100.0,103.0,100.0,50.0,50.0,0.0,3.246000154176727,3.246000154176727,3.246000154176727,3.246000154176727,14.70000021904707,1.0,2.9863200187683105,0.0,0.0,13.0,3.000000142492354,3.0170001432998106,14.000000208616257,20.0,0.0,0.0,-6.9618239402771,0.0,0.0,0.0,1.0,71.0,1050.0,-54.0,98.0,0.0,11.0,0.0,0.0,11.0,10.0,1908.0,103.6956558227539,0.0,0.0,0.0,0.0,0.0,0.0,0.0,0.0,0.0,0.0,0.0,0.0,0.0,0.0,0.0,0.0,13.0,0.0,0.0,0.0,2.0,0
83.20099639892578,22.0,1083.0,49.0,53067.0,0.0,0.0,0.0,44.0,66.0,9.0,0.0,100.0,100.0,100.0,103.0,100.0,103.0,100.0,50.0,50.0,0.0,3.208000152371824,3.208000152371824,3.208000152371824,3.208000152371824,14.70000021904707,1.0,2.8952200412750244,0.0,0.0,13.0,3.000000142492354,3.1390001490944996,14.000000208616257,-210.0,0.0,0.0,-7.1068620681762695,0.0,0.0,0.0,1.0,72.0,1050.0,-33.0,98.0,0.0,11.0,0.0,0.0,11.0,10.0,1908.0,105.70636749267578,0.0,0.0,0.0,0.0,0.0,0.0,0.0,0.0,0.0,0.0,0.0,0.0,0.0,0.0,0.0,0.0,13.0,0.0,0.0,0.0,2.0,0
83.26599884033203,22.0,1068.0,49.0,52332.0,0.0,0.0,0.0,44.0,66.0,9.0,0.0,100.0,100.0,100.0,103.0,100.0,103.0,100.0,50.0,50.0,0.0,3.208000152371824,3.208000152371824,3.208000152371824,3.208000152371824,14.70000021904707,1.0,2.8551199436187744,0.0,0.0,13.0,3.000000142492354,3.0170001432998106,14.000000208616257,-210.0,0.0,0.0,-7.1068620681762695,0.0,0.0,0.0,1.0,72.0,1050.0,-18.0,98.0,0.0,11.0,0.0,0.0,11.0,10.0,1908.0,107.19100952148438,0.0,0.0,0.0,0.0,0.0,0.0,0.0,0.0,0.0,0.0,0.0,0.0,0.0,0.0,0.0,0.0,13.0,0.0,0.0,0.0,2.0,0
83.33599853515625,22.0,1068.0,50.0,53400.0,0.0,0.0,0.0,44.0,66.0,9.0,0.0,100.0,100.0,100.0,103.0,100.0,103.0,100.0,50.0,50.0,0.0,3.246000154176727,3.246000154176727,3.246000154176727,3.246000154176727,14.70000021904707,1.0,2.8889400959014893,0.0,0.0,13.0,3.000000142492354,3.0300001439172775,14.000000208616257,-150.0,0.0,0.0,-6.9618239402771,0.0,0.0,0.0,1.0,72.0,1050.0,-18.0,98.0,0.0,11.0,0.0,0.0,11.0,10.0,1908.0,107.19100952148438,0.0,0.0,0.0,0.0,0.0,0.0,0.0,0.0,0.0,0.0,0.0,0.0,0.0,0.0,0.0,0.0,13.0,0.0,0.0,0.0,2.0,0
83.4020004272461,22.0,1050.0,50.0,52500.0,0.0,0.0,0.0,44.0,66.0,9.0,0.0,100.0,100.0,100.0,103.0,100.0,103.0,100.0,50.0,50.0,0.0,3.246000154176727,3.246000154176727,3.246000154176727,3.246000154176727,14.70000021904707,1.0,2.840250015258789,0.0,0.0,13.0,3.000000142492354,3.051000144914724,14.000000208616257,-180.0,0.0,0.0,-6.9618239402771,0.0,0.0,0.0,1.0,72.0,1050.0,0.0,98.0,0.0,11.0,0.0,0.0,11.0,10.0,1908.0,109.02857208251953,0.0,0.0,0.0,0.0,0.0,0.0,0.0,0.0,0.0,0.0,0.0,0.0,0.0,0.0,0.0,0.0,13.0,0.0,0.0,0.0,2.0,0
83.4729995727539,22.0,1050.0,50.0,52500.0,0.0,0.0,0.0,44.0,66.0,9.0,0.0,100.0,100.0,100.0,103.0,100.0,103.0,100.0,50.0,50.0,0.0,3.246000154176727,3.246000154176727,3.246000154176727,3.246000154176727,14.70000021904707,1.0,2.840250015258789,0.0,0.0,13.0,3.000000142492354,3.02500014367979,14.000000208616257,-180.0,0.0,0.0,-6.9618239402771,0.0,0.0,0.0,1.0,72.0,1050.0,0.0,98.0,0.0,11.0,0.0,0.0,11.0,10.0,1908.0,109.02857208251953,0.0,0.0,0.0,0.0,0.0,0.0,0.0,0.0,0.0,0.0,0.0,0.0,0.0,0.0,0.0,0.0,13.0,0.0,0.0,0.0,2.0,0
83.53800201416016,22.0,1040.0,51.0,53040.0,0.0,0.0,0.0,44.0,66.0,9.0,0.0,100.0,100.0,100.0,103.0,100.0,103.0,100.0,50.0,50.0,0.0,3.282000155886635,3.282000155886635,3.282000155886635,3.282000155886635,14.70000021904707,1.0,2.844399929046631,0.0,0.0,13.0,3.000000142492354,3.173000150709413,14.000000208616257,-100.0,0.0,0.0,-6.81678581237793,0.0,0.0,0.0,1.0,78.0,1050.0,10.0,98.0,0.0,11.0,0.0,0.0,11.0,10.0,1908.0,110.07691955566406,0.0,0.0,0.0,0.0,0.0,0.0,0.0,0.0,0.0,0.0,0.0,0.0,0.0,0.0,0.0,0.0,13.0,0.0,0.0,0.0,2.0,0
83.60199737548828,23.0,1040.0,52.0,54080.0,0.0,0.0,0.0,44.0,66.0,9.0,0.0,100.0,100.0,100.0,103.0,100.0,103.0,100.0,50.0,50.0,0.0,3.355000159353949,3.355000159353949,3.355000159353949,3.355000159353949,14.70000021904707,1.0,2.9076666831970215,0.0,0.0,13.0,3.000000142492354,3.018000143347308,14.000000208616257,0.0,0.0,0.0,-6.671748161315918,0.0,0.0,0.0,1.0,78.0,1050.0,10.0,98.0,0.0,11.0,0.0,0.0,11.0,10.0,1895.0,109.32691955566406,0.0,0.0,0.0,0.0,0.0,0.0,0.0,0.0,0.0,0.0,0.0,0.0,0.0,0.0,0.0,0.0,13.0,0.0,0.0,0.0,2.0,0
83.66899871826172,23.0,1028.0,53.0,54484.0,0.0,0.0,0.0,44.0,66.0,9.0,0.0,100.0,100.0,100.0,103.0,100.0,103.0,100.0,50.0,50.0,0.0,3.392000161111355,3.392000161111355,3.392000161111355,3.392000161111355,14.70000021904707,1.0,2.905813217163086,0.0,0.0,13.0,3.000000142492354,2.8970001376001164,14.000000208616257,0.0,0.0,0.0,-6.526710033416748,0.0,0.0,0.0,1.0,78.0,1050.0,22.0,98.0,0.0,11.0,0.0,0.0,11.0,10.0,1895.0,110.60311126708984,0.0,0.0,0.0,0.0,0.0,0.0,0.0,0.0,0.0,0.0,0.0,0.0,0.0,0.0,0.0,0.0,13.0,0.0,0.0,0.0,2.0,0
83.73300170898438,23.0,1021.0,54.0,55134.0,0.0,0.0,0.0,44.0,66.0,9.0,0.0,100.0,100.0,100.0,103.0,100.0,103.0,100.0,50.0,50.0,0.0,3.428000162821263,3.428000162821263,3.428000162821263,3.428000162821263,14.70000021904707,1.0,2.916656732559204,0.0,0.0,13.0,3.000000142492354,3.0140001431573182,14.000000208616257,-120.0,0.0,0.0,-6.381671905517578,0.0,0.0,0.0,1.0,78.0,1050.0,29.0,98.0,0.0,11.0,0.0,0.0,11.0,10.0,1895.0,111.36141204833984,0.0,0.0,0.0,0.0,0.0,0.0,0.0,0.0,0.0,0.0,0.0,0.0,0.0,0.0,0.0,0.0,13.0,0.0,0.0,0.0,2.0,0
83.79900360107422,23.0,1021.0,54.0,55134.0,0.0,0.0,0.0,44.0,66.0,9.0,0.0,100.0,100.0,100.0,103.0,100.0,103.0,100.0,50.0,50.0,0.0,3.428000162821263,3.428000162821263,3.428000162821263,3.428000162821263,14.70000021904707,1.0,2.916656732559204,0.0,0.0,13.0,3.000000142492354,3.0240001436322927,14.000000208616257,-70.0,0.0,0.0,-6.381671905517578,0.0,0.0,0.0,1.0,78.0,1050.0,29.0,98.0,0.0,11.0,0.0,0.0,11.0,10.0,1895.0,111.36141204833984,0.0,0.0,0.0,0.0,0.0,0.0,0.0,0.0,0.0,0.0,0.0,0.0,0.0,0.0,0.0,0.0,13.0,0.0,0.0,0.0,2.0,0
83.86900329589844,23.0,1026.0,54.0,55404.0,0.0,0.0,0.0,44.0,66.0,9.0,0.0,100.0,100.0,100.0,103.0,100.0,103.0,100.0,50.0,50.0,0.0,3.428000162821263,3.428000162821263,3.428000162821263,3.428000162821263,14.70000021904707,1.0,2.9309399127960205,0.0,0.0,13.0,3.000000142492354,3.0010001425398514,14.000000208616257,-70.0,0.0,0.0,-6.381671905517578,0.0,0.0,0.0,1.0,81.0,1050.0,24.0,98.0,0.0,11.0,0.0,0.0,11.0,10.0,1895.0,110.81871032714844,0.0,0.0,0.0,0.0,0.0,0.0,0.0,0.0,0.0,0.0,0.0,0.0,0.0,0.0,0.0,0.0,13.0,0.0,0.0,0.0,2.0,0
83.93399810791016,23.0,1026.0,54.0,55404.0,0.0,0.0,0.0,44.0,66.0,9.0,0.0,100.0,100.0,100.0,103.0,100.0,103.0,100.0,50.0,50.0,0.0,3.428000162821263,3.428000162821263,3.428000162821263,3.428000162821263,14.70000021904707,1.0,2.9309399127960205,0.0,0.0,13.0,3.000000142492354,3.013000143109821,14.000000208616257,50.0,0.0,0.0,-6.381671905517578,0.0,0.0,0.0,1.0,81.0,1050.0,24.0,98.0,0.0,11.0,0.0,0.0,11.0,10.0,1895.0,110.81871032714844,0.0,0.0,0.0,0.0,0.0,0.0,0.0,0.0,0.0,0.0,0.0,0.0,0.0,0.0,0.0,0.0,13.0,0.0,0.0,0.0,2.0,0
84.0,23.0,1042.0,54.0,56268.0,0.0,0.0,0.0,44.0,66.0,9.0,0.0,100.0,100.0,100.0,103.0,100.0,103.0,100.0,50.0,50.0,0.0,3.428000162821263,3.428000162821263,3.428000162821263,3.428000162821263,14.70000021904707,1.0,2.976646661758423,0.0,0.0,13.0,3.000000142492354,3.2910001563141122,14.000000208616257,50.0,0.0,0.0,-6.381671905517578,0.0,0.0,0.0,1.0,81.0,1050.0,8.0,98.0,0.0,11.0,0.0,0.0,11.0,10.0,1895.0,109.11708068847656,0.0,0.0,0.0,0.0,0.0,0.0,0.0,0.0,0.0,0.0,0.0,0.0,0.0,0.0,0.0,0.0,13.0,0.0,0.0,0.0,2.0,0
84.06900024414062,23.0,1042.0,54.0,56268.0,0.0,0.0,0.0,44.0,66.0,9.0,0.0,100.0,100.0,100.0,103.0,100.0,103.0,100.0,50.0,50.0,0.0,3.428000162821263,3.428000162821263,3.428000162821263,3.428000162821263,14.70000021904707,1.0,2.976646661758423,0.0,0.0,13.0,3.000000142492354,3.0190001433948055,14.000000208616257,160.0,0.0,0.0,-6.381671905517578,0.0,0.0,0.0,1.0,81.0,1050.0,8.0,98.0,0.0,11.0,0.0,0.0,11.0,10.0,1895.0,109.11708068847656,0.0,0.0,0.0,0.0,0.0,0.0,0.0,0.0,0.0,0.0,0.0,0.0,0.0,0.0,0.0,0.0,13.0,0.0,0.0,0.0,2.0,0
84.06900024414062,23.0,1059.0,54.0,57186.0,0.0,0.0,0.0,44.0,66.0,9.0,0.0,100.0,100.0,100.0,103.0,100.0,103.0,100.0,50.0,50.0,0.0,3.428000162821263,3.428000162821263,3.428000162821263,3.428000162821263,14.70000021904707,1.0,3.025209903717041,0.0,0.0,13.0,3.000000142492354,3.0920001468621194,14.000000208616257,170.0,0.0,0.0,-6.381671905517578,0.0,0.0,0.0,1.0,76.0,1050.0,-9.0,98.0,0.0,11.0,0.0,0.0,11.0,10.0,1895.0,107.36544036865234,0.0,0.0,0.0,0.0,0.0,0.0,0.0,0.0,0.0,0.0,0.0,0.0,0.0,0.0,0.0,0.0,13.0,0.0,0.0,0.0,2.0,0
84.19999694824219,23.0,1075.0,53.0,56975.0,0.0,0.0,0.0,44.0,66.0,9.0,0.0,100.0,100.0,100.0,103.0,100.0,103.0,100.0,50.0,50.0,0.0,3.392000161111355,3.392000161111355,3.392000161111355,3.392000161111355,14.70000021904707,1.0,3.0386667251586914,0.0,0.0,13.0,3.000000142492354,3.03300014405977,14.000000208616257,170.0,0.0,0.0,-6.526710033416748,0.0,0.0,0.0,1.0,76.0,1050.0,-25.0,98.0,0.0,11.0,0.0,0.0,11.0,10.0,1895.0,105.76744079589844,0.0,0.0,0.0,0.0,0.0,0.0,0.0,0.0,0.0,0.0,0.0,0.0,0.0,0.0,0.0,0.0,13.0,0.0,0.0,0.0,2.0,0
84.26599884033203,23.0,1075.0,53.0,56975.0,0.0,0.0,0.0,44.0,66.0,9.0,0.0,100.0,100.0,100.0,103.0,100.0,103.0,100.0,50.0,50.0,0.0,3.392000161111355,3.392000161111355,3.392000161111355,3.392000161111355,14.70000021904707,1.0,3.0386667251586914,0.0,0.0,13.0,3.000000142492354,3.0280001438222826,14.000000208616257,160.0,0.0,0.0,-6.526710033416748,0.0,0.0,0.0,1.0,76.0,1050.0,-25.0,98.0,0.0,11.0,0.0,0.0,11.0,10.0,1895.0,105.76744079589844,0.0,0.0,0.0,0.0,0.0,0.0,0.0,0.0,0.0,0.0,0.0,0.0,0.0,0.0,0.0,0.0,13.0,0.0,0.0,0.0,2.0,0
84.33300018310547,23.0,1085.0,52.0,56420.0,0.0,0.0,0.0,44.0,66.0,9.0,0.0,100.0,100.0,100.0,103.0,100.0,103.0,100.0,50.0,50.0,0.0,3.355000159353949,3.355000159353949,3.355000159353949,3.355000159353949,14.70000021904707,1.0,3.0334792137145996,0.0,0.0,13.0,3.000000142492354,3.0880001466721296,14.000000208616257,100.0,0.0,0.0,-6.671748161315918,0.0,0.0,0.0,1.0,76.0,1050.0,-35.0,98.0,0.0,11.0,0.0,0.0,11.0,10.0,1895.0,104.7926254272461,0.0,0.0,0.0,0.0,0.0,0.0,0.0,0.0,0.0,0.0,0.0,0.0,0.0,0.0,0.0,0.0,13.0,0.0,0.0,0.0,2.0,0
84.4010009765625,23.0,1085.0,53.0,57505.0,0.0,0.0,0.0,44.0,66.0,9.0,0.0,100.0,100.0,100.0,103.0,100.0,103.0,100.0,50.0,50.0,0.0,3.392000161111355,3.392000161111355,3.392000161111355,3.392000161111355,14.70000021904707,1.0,3.0669333934783936,0.0,0.0,13.0,3.000000142492354,3.016000143252313,14.000000208616257,100.0,0.0,0.0,-6.526710033416748,0.0,0.0,0.0,1.0,76.0,1050.0,-35.0,98.0,0.0,11.0,0.0,0.0,11.0,10.0,1895.0,104.7926254272461,0.0,0.0,0.0,0.0,0.0,0.0,0.0,0.0,0.0,0.0,0.0,0.0,0.0,0.0,0.0,0.0,13.0,0.0,0.0,0.0,2.0,0
84.46800231933594,23.0,1085.0,60.0,65100.0,0.0,0.0,0.0,44.0,66.0,9.0,0.0,100.0,100.0,100.0,103.0,100.0,103.0,100.0,50.0,50.0,0.0,3.7220001767855138,3.7220001767855138,3.7220001767855138,3.7220001767855138,14.70000021904707,1.0,3.3653082847595215,0.0,0.0,13.0,3.000000142492354,3.0320001440122724,14.000000208616257,0.0,0.0,0.0,-5.511444091796875,0.0,0.0,0.0,1.0,72.0,1050.0,-35.0,98.0,0.0,11.0,0.0,0.0,11.0,10.0,1895.0,104.7926254272461,0.0,0.0,0.0,0.0,0.0,0.0,0.0,0.0,0.0,0.0,0.0,0.0,0.0,0.0,0.0,0.0,13.0,0.0,0.0,0.0,2.0,0
84.53600311279297,23.0,1094.0,74.0,80956.0,0.0,0.0,0.0,44.0,66.0,9.0,0.0,100.0,100.0,100.0,103.0,100.0,103.0,100.0,50.0,50.0,0.0,4.381000208086334,4.381000208086334,4.381000208086334,4.381000208086334,14.70000021904707,1.0,3.994011640548706,0.0,0.0,13.0,3.000000142492354,3.160000150091946,14.000000208616257,0.0,0.0,0.0,-3.48091197013855,0.0,0.0,0.0,1.0,72.0,1050.0,-44.0,98.0,0.0,11.0,0.0,0.0,11.0,10.0,1895.0,103.93052673339844,0.0,0.0,0.0,0.0,0.0,0.0,0.0,0.0,0.0,0.0,0.0,0.0,0.0,0.0,0.0,0.0,13.0,0.0,0.0,0.0,2.0,0
84.60199737548828,23.0,1094.0,87.0,95178.0,0.0,0.0,0.0,44.0,66.0,9.0,0.0,100.0,100.0,100.0,103.0,100.0,103.0,100.0,50.0,50.0,0.0,4.968000235967338,4.968000235967338,4.968000235967338,4.968000235967338,14.70000021904707,1.0,4.529160022735596,0.0,0.0,13.0,3.000000142492354,3.0190001433948055,14.000000208616257,0.0,0.0,0.0,-1.5954179763793945,0.0,0.0,0.0,1.0,72.0,1050.0,-44.0,98.0,0.0,11.0,0.0,0.0,11.0,10.0,1895.0,103.93052673339844,0.0,0.0,0.0,0.0,0.0,0.0,0.0,0.0,0.0,0.0,0.0,0.0,0.0,0.0,0.0,0.0,13.0,0.0,0.0,0.0,2.0,0
84.66899871826172,24.0,1131.0,89.0,100659.0,0.0,0.0,0.0,44.0,66.0,9.0,0.0,100.0,100.0,100.0,103.0,100.0,103.0,100.0,50.0,50.0,0.0,5.078000241192058,5.078000241192058,5.078000241192058,5.078000241192058,14.70000021904707,1.0,4.786015033721924,0.0,0.0,13.0,3.000000142492354,3.0340001441072673,14.000000208616257,90.0,0.0,0.0,-1.3053419589996338,0.0,0.0,0.0,1.0,72.0,1050.0,-81.0,98.0,0.0,11.0,0.0,0.0,11.0,11.0,1879.0,99.68169403076172,0.0,0.0,0.0,0.0,0.0,0.0,0.0,0.0,0.0,0.0,0.0,0.0,0.0,0.0,0.0,0.0,13.0,0.0,0.0,0.0,2.0,0
84.73699951171875,24.0,1140.0,76.0,86640.0,0.0,0.0,0.0,44.0,66.0,9.0,0.0,100.0,100.0,100.0,103.0,100.0,103.0,100.0,50.0,50.0,0.0,4.455000211601146,4.455000211601146,4.455000211601146,4.455000211601146,14.70000021904707,1.0,4.232250213623047,0.0,0.0,13.0,3.000000142492354,3.28400015598163,14.000000208616257,370.0,0.0,0.0,-3.190835952758789,0.0,0.0,0.0,1.0,65.0,1050.0,-90.0,98.0,0.0,11.0,0.0,0.0,11.0,11.0,1879.0,98.89473724365234,0.0,0.0,0.0,0.0,0.0,0.0,0.0,0.0,0.0,0.0,0.0,0.0,0.0,0.0,0.0,0.0,13.0,0.0,0.0,0.0,2.0,0
84.802001953125,24.0,1140.0,69.0,78660.0,0.0,0.0,0.0,44.0,66.0,9.0,0.0,100.0,100.0,100.0,103.0,100.0,103.0,100.0,50.0,50.0,0.0,4.125000195926987,4.125000195926987,4.125000195926987,4.125000195926987,14.70000021904707,1.0,3.918750047683716,0.0,0.0,13.0,3.000000142492354,3.0230001435847953,14.000000208616257,370.0,0.0,0.0,-4.206101894378662,0.0,0.0,0.0,1.0,65.0,1050.0,-90.0,98.0,0.0,11.0,0.0,0.0,11.0,11.0,1879.0,98.89473724365234,0.0,0.0,0.0,0.0,0.0,0.0,0.0,0.0,0.0,0.0,0.0,0.0,0.0,0.0,0.0,0.0,13.0,0.0,0.0,0.0,2.0,0
84.86799621582031,24.0,1272.0,84.0,106848.0,0.0,0.0,0.0,44.0,66.0,9.0,0.0,100.0,100.0,100.0,103.0,100.0,103.0,100.0,50.0,50.0,0.0,4.858000230742618,4.858000230742618,4.858000230742618,4.858000230742618,14.70000021904707,1.0,5.149479866027832,0.0,0.0,13.0,3.000000142492354,3.060000145342201,14.000000208616257,90.0,0.0,0.0,-2.030531883239746,0.0,0.0,0.0,1.0,65.0,1050.0,-222.0,98.0,0.0,11.0,0.0,0.0,11.0,11.0,1879.0,88.63207244873047,0.0,0.0,0.0,0.0,0.0,0.0,0.0,0.0,0.0,0.0,0.0,0.0,0.0,0.0,0.0,0.0,13.0,0.0,0.0,0.0,2.0,0
84.93699645996094,24.0,1397.0,91.0,127127.0,7.0,0.0,0.0,44.0,66.0,25.0,0.0,100.0,100.0,100.0,103.0,100.0,103.0,160.0,48.0,48.0,0.0,10.502000498818234,10.502000498818234,10.502000498818234,10.502000498818234,14.600000217556953,0.9931972622871399,12.226078033447266,0.0,90.0,16.0,3.000000142492354,3.412000162061304,14.000000208616257,2570.0,0.0,0.0,-1.015265941619873,0.0,0.0,0.0,1.0,65.0,1050.0,-347.0,98.0,0.0,11.0,0.0,0.0,11.0,11.0,1879.0,80.70149993896484,0.0,0.0,0.0,0.0,0.0,0.0,0.0,0.0,0.0,0.0,0.0,0.0,0.0,0.0,0.0,0.0,16.0,0.0,7.0,7.0,2.0,0
85.00299835205078,24.0,1545.0,92.0,142140.0,8.5,0.0,0.0,44.0,66.0,9.0,0.0,100.0,100.0,100.0,103.0,100.0,103.0,100.0,49.0,49.0,0.0,5.157000244944356,5.157000244944356,5.157000244944356,5.157000244944356,14.600000217556953,0.9931972622871399,6.639637470245361,0.0,0.0,16.0,3.000000142492354,3.2250001531792805,14.000000208616257,2570.0,0.0,0.0,-0.8702279925346375,0.0,0.0,0.0,1.0,65.0,1050.0,-495.0,98.0,0.0,11.0,0.0,0.0,11.0,11.0,1879.0,72.97087097167969,0.0,0.0,0.0,0.0,0.0,0.0,0.0,0.0,0.0,0.0,0.0,0.0,0.0,0.0,0.0,0.0,16.0,0.0,8.5,8.5,2.0,0
85.06900024414062,24.0,1705.0,89.0,151745.0,8.5,0.0,0.0,44.0,66.0,9.0,0.0,100.0,100.0,100.0,103.0,100.0,103.0,100.0,49.0,49.0,0.0,5.012000238057226,5.012000238057226,5.012000238057226,5.012000238057226,14.600000217556953,0.9931972622871399,7.121216773986816,0.0,0.0,18.0,3.000000142492354,3.3120001573115587,14.000000208616257,1480.0,0.0,0.0,-1.3053419589996338,0.0,0.0,0.0,1.0,20.0,1050.0,-655.0,98.0,0.0,11.0,0.0,0.0,11.0,11.0,1879.0,66.1231689453125,0.0,0.0,0.0,0.0,0.0,0.0,0.0,0.0,0.0,0.0,0.0,0.0,0.0,0.0,0.0,0.0,18.0,0.0,8.5,8.5,2.0,0
85.13500213623047,24.0,1921.0,88.0,169048.0,7.0,0.0,0.0,44.0,66.0,41.0,0.0,100.0,100.0,100.0,103.0,100.0,103.0,100.0,50.0,50.0,0.0,5.041000239434652,5.041000239434652,5.041000239434652,5.041000239434652,14.600000217556953,0.9931972622871399,8.06980037689209,0.0,-45.0,20.0,3.000000142492354,3.0350001441547647,14.000000208616257,3760.0,0.0,0.0,-1.4503799676895142,0.0,0.0,0.0,1.0,20.0,1050.0,-871.0,98.0,0.0,11.0,0.0,0.0,11.0,12.0,1879.0,58.68818283081055,0.0,0.0,0.0,0.0,0.0,0.0,0.0,0.0,0.0,0.0,0.0,0.0,0.0,0.0,0.0,0.0,20.0,0.0,7.0,7.0,2.0,0
85.19999694824219,24.0,2097.0,83.0,174051.0,4.0,0.0,0.0,44.0,66.0,41.0,0.0,100.0,100.0,100.0,103.0,100.0,103.0,100.0,48.0,48.0,0.0,4.602000218583271,4.602000218583271,4.602000218583271,4.602000218583271,14.600000217556953,0.9931972622871399,8.04199504852295,0.0,0.0,18.0,3.000000142492354,3.0150001432048157,14.000000208616257,3760.0,0.0,0.0,-2.175570011138916,0.0,0.0,0.0,1.0,20.0,1050.0,-1047.0,98.0,0.0,11.0,0.0,0.0,11.0,12.0,1879.0,53.762516021728516,0.0,0.0,0.0,0.0,0.0,0.0,0.0,0.0,0.0,0.0,0.0,0.0,0.0,0.0,0.0,0.0,18.0,0.0,4.0,4.0,2.0,0
85.26899719238281,24.0,2233.0,82.0,183106.0,4.0,0.0,0.0,44.0,66.0,9.0,0.0,100.0,100.0,100.0,103.0,100.0,103.0,100.0,48.0,48.0,0.0,4.56700021692086,4.56700021692086,4.56700021692086,4.56700021692086,14.600000217556953,0.9931972622871399,8.498425483703613,0.0,0.0,18.0,3.000000142492354,3.0150001432048157,14.000000208616257,1760.0,0.0,0.0,-2.320607900619507,0.0,0.0,0.0,1.0,20.0,1050.0,-1183.0,98.0,0.0,11.0,0.0,0.0,11.0,12.0,1879.0,50.48813247680664,0.0,0.0,0.0,0.0,0.0,0.0,0.0,0.0,0.0,0.0,0.0,0.0,0.0,0.0,0.0,0.0,18.0,0.0,4.0,4.0,2.0,0
85.33499908447266,24.0,2450.0,81.0,198450.0,4.0,0.0,0.0,44.0,66.0,9.0,0.0,100.0,100.0,100.0,103.0,100.0,103.0,100.0,48.0,48.0,0.0,4.533000215305947,4.533000215305947,4.533000215305947,4.533000215305947,14.600000217556953,0.9931972622871399,9.254875183105469,0.0,0.0,19.0,3.000000142492354,2.969000141019933,14.000000208616257,2480.0,0.0,0.0,-2.4656460285186768,0.0,0.0,0.0,1.0,20.0,1050.0,-1400.0,98.0,0.0,11.0,0.0,0.0,11.0,12.0,1879.0,46.016326904296875,0.0,0.0,0.0,0.0,0.0,0.0,0.0,0.0,0.0,0.0,0.0,0.0,0.0,0.0,0.0,0.0,19.0,0.0,4.0,4.0,2.0,0
85.4010009765625,24.0,2543.0,78.0,198354.0,4.0,0.0,0.0,44.0,66.0,9.0,0.0,100.0,100.0,100.0,103.0,100.0,103.0,100.0,49.0,49.0,0.0,4.507000214071013,4.507000214071013,4.507000214071013,4.507000214071013,14.500000216066837,0.9863945841789246,9.551084518432617,0.0,0.0,20.0,3.000000142492354,3.016000143252313,13.90000020712614,2480.0,0.0,0.0,-2.9007599353790283,0.0,0.0,0.0,1.0,20.0,1050.0,-1493.0,98.0,0.0,11.0,0.0,0.0,11.0,12.0,1879.0,44.333465576171875,0.0,0.0,0.0,0.0,0.0,0.0,0.0,0.0,0.0,0.0,0.0,0.0,0.0,0.0,0.0,0.0,20.0,0.0,4.0,4.0,2.0,0
85.46600341796875,24.0,2697.0,65.0,175305.0,0.0,0.0,0.0,44.0,66.0,41.0,1.0,100.0,100.0,100.0,103.0,100.0,0.0,100.0,50.0,50.0,0.0,0.0,0.0,0.0,0.0,14.70000021904707,1.0,0.0,0.0,0.0,13.0,3.000000142492354,3.011000143014826,13.90000020712614,2800.0,0.0,0.0,-4.786253929138184,0.0,0.0,0.0,1.0,20.0,1050.0,-1647.0,98.0,0.0,11.0,0.0,0.0,11.0,12.0,1879.0,41.802001953125,0.0,0.0,0.0,0.0,0.0,0.0,0.0,0.0,0.0,0.0,0.0,0.0,0.0,0.0,0.0,0.0,13.0,0.0,0.0,0.0,2.0,0
85.53700256347656,24.0,2720.0,52.0,141440.0,0.0,0.0,0.0,44.0,66.0,9.0,1.0,100.0,100.0,100.0,103.0,100.0,0.0,100.0,50.0,50.0,0.0,0.0,0.0,0.0,0.0,14.70000021904707,1.0,0.0,0.0,0.0,13.0,3.000000142492354,3.0230001435847953,13.90000020712614,950.0,0.0,0.0,-6.671748161315918,0.0,0.0,0.0,1.0,20.0,1050.0,-1670.0,98.0,0.0,11.0,0.0,0.0,11.0,12.0,1879.0,41.44852828979492,0.0,0.0,0.0,0.0,0.0,0.0,0.0,0.0,0.0,0.0,0.0,0.0,0.0,0.0,0.0,0.0,13.0,0.0,0.0,0.0,2.0,0
85.60099792480469,24.0,2640.0,48.0,126720.0,0.0,0.0,0.0,44.0,66.0,9.0,1.0,100.0,100.0,100.0,103.0,100.0,0.0,100.0,50.0,50.0,0.0,0.0,0.0,0.0,0.0,14.70000021904707,1.0,0.0,0.0,0.0,13.0,3.000000142492354,3.0190001433948055,13.90000020712614,950.0,0.0,0.0,-7.2519001960754395,0.0,0.0,0.0,1.0,20.0,1050.0,-1590.0,98.0,0.0,11.0,0.0,0.0,11.0,12.0,1879.0,42.70454406738281,0.0,0.0,0.0,0.0,0.0,0.0,0.0,0.0,0.0,0.0,0.0,0.0,0.0,0.0,0.0,0.0,13.0,0.0,0.0,0.0,2.0,0
85.66699981689453,25.0,2587.0,44.0,113828.0,0.0,0.0,0.0,44.0,66.0,9.0,1.0,100.0,100.0,100.0,103.0,100.0,0.0,100.0,50.0,50.0,0.0,0.0,0.0,0.0,0.0,14.70000021904707,1.0,0.0,0.0,0.0,13.0,3.000000142492354,3.0150001432048157,13.90000020712614,-800.0,0.0,0.0,-7.832052230834961,0.0,0.0,0.0,1.0,20.0,1050.0,-1537.0,98.0,0.0,11.0,0.0,0.0,11.0,12.0,1906.0,44.20564270019531,0.0,0.0,0.0,0.0,0.0,0.0,0.0,0.0,0.0,0.0,0.0,0.0,0.0,0.0,0.0,0.0,13.0,0.0,0.0,0.0,2.0,0
85.73300170898438,25.0,2497.0,44.0,109868.0,0.0,0.0,0.0,44.0,66.0,9.0,1.0,100.0,100.0,100.0,103.0,100.0,0.0,100.0,49.0,49.0,0.0,0.0,0.0,0.0,0.0,14.70000021904707,1.0,0.0,0.0,0.0,13.0,3.000000142492354,3.016000143252313,13.90000020712614,-1430.0,0.0,0.0,-7.832052230834961,0.0,0.0,0.0,1.0,20.0,1050.0,-1447.0,98.0,0.0,11.0,0.0,0.0,11.0,12.0,1906.0,45.79895782470703,0.0,0.0,0.0,0.0,0.0,0.0,0.0,0.0,0.0,0.0,0.0,0.0,0.0,0.0,0.0,0.0,13.0,0.0,0.0,0.0,2.0,0
85.8010025024414,25.0,2277.0,44.0,100188.0,0.0,0.0,0.0,44.0,66.0,9.0,1.0,100.0,100.0,100.0,103.0,100.0,0.0,100.0,49.0,49.0,0.0,0.0,0.0,0.0,0.0,14.70000021904707,1.0,0.0,0.0,0.0,13.0,3.000000142492354,3.005000142729841,13.90000020712614,-1430.0,0.0,0.0,-7.832052230834961,0.0,0.0,0.0,1.0,20.0,1050.0,-1227.0,98.0,0.0,11.0,0.0,0.0,11.0,12.0,1906.0,50.22397994995117,0.0,0.0,0.0,0.0,0.0,0.0,0.0,0.0,0.0,0.0,0.0,0.0,0.0,0.0,0.0,0.0,13.0,0.0,0.0,0.0,2.0,0
85.86699676513672,25.0,2157.0,44.0,94908.0,0.0,0.0,0.0,44.0,66.0,9.0,1.0,100.0,100.0,100.0,103.0,100.0,0.0,100.0,49.0,49.0,0.0,0.0,0.0,0.0,0.0,14.70000021904707,1.0,0.0,0.0,0.0,13.0,3.000000142492354,3.000000142492354,13.90000020712614,-2200.0,0.0,0.0,-7.832052230834961,0.0,0.0,0.0,1.0,20.0,1050.0,-1107.0,98.0,0.0,11.0,0.0,0.0,11.0,12.0,1906.0,53.01808166503906,0.0,0.0,0.0,0.0,0.0,0.0,0.0,0.0,0.0,0.0,0.0,0.0,0.0,0.0,0.0,0.0,13.0,0.0,0.0,0.0,2.0,0
85.93199920654297,25.0,2034.0,46.0,93564.0,0.0,0.0,0.0,44.0,66.0,9.0,1.0,100.0,100.0,100.0,103.0,100.0,0.0,100.0,49.0,49.0,0.0,0.0,0.0,0.0,0.0,14.70000021904707,1.0,0.0,0.0,0.0,13.0,3.000000142492354,3.0340001441072673,13.90000020712614,-2430.0,0.0,0.0,-7.541975975036621,0.0,0.0,0.0,1.0,20.0,1050.0,-984.0,98.0,0.0,11.0,0.0,0.0,11.0,12.0,1906.0,56.22418975830078,0.0,0.0,0.0,0.0,0.0,0.0,0.0,0.0,0.0,0.0,0.0,0.0,0.0,0.0,0.0,0.0,13.0,0.0,0.0,0.0,2.0,0
85.9990005493164,25.0,1895.0,47.0,89065.0,0.0,0.0,0.0,44.0,66.0,9.0,1.0,100.0,100.0,100.0,103.0,100.0,0.0,100.0,49.0,49.0,0.0,0.0,0.0,0.0,0.0,14.70000021904707,1.0,0.0,0.0,0.0,13.0,3.000000142492354,2.7820001321379095,13.90000020712614,-2430.0,0.0,0.0,-7.396937847137451,0.0,0.0,0.0,1.0,20.0,1050.0,-845.0,98.0,0.0,11.0,0.0,0.0,11.0,12.0,1906.0,60.34828567504883,0.0,0.0,0.0,0.0,0.0,0.0,0.0,0.0,0.0,0.0,0.0,0.0,0.0,0.0,0.0,0.0,13.0,0.0,0.0,0.0,2.0,0
86.06700134277344,25.0,1754.0,50.0,87700.0,0.0,0.0,0.0,44.0,66.0,9.0,1.0,100.0,100.0,100.0,103.0,100.0,0.0,100.0,49.0,49.0,0.0,0.0,0.0,0.0,0.0,14.70000021904707,1.0,0.0,0.0,0.0,13.0,3.000000142492354,2.7860001323278993,13.90000020712614,-1390.0,0.0,0.0,-6.9618239402771,0.0,0.0,0.0,1.0,20.0,1050.0,-704.0,98.0,0.0,11.0,0.0,0.0,11.0,12.0,1906.0,65.19954681396484,0.0,0.0,0.0,0.0,0.0,0.0,0.0,0.0,0.0,0.0,0.0,0.0,0.0,0.0,0.0,0.0,13.0,0.0,0.0,0.0,2.0,0
86.13400268554688,25.0,1594.0,50.0,79700.0,0.0,0.0,0.0,44.0,66.0,9.0,0.0,100.0,100.0,100.0,103.0,100.0,103.0,100.0,49.0,49.0,0.0,3.208000152371824,3.208000152371824,3.208000152371824,3.208000152371824,14.70000021904707,1.0,4.261293411254883,0.0,0.0,13.0,3.000000142492354,2.856000135652721,13.90000020712614,-1390.0,0.0,0.0,-6.9618239402771,0.0,0.0,0.0,1.0,20.0,1050.0,-544.0,98.0,0.0,11.0,0.0,0.0,11.0,12.0,1906.0,71.7440414428711,0.0,0.0,0.0,0.0,0.0,0.0,0.0,0.0,0.0,0.0,0.0,0.0,0.0,0.0,0.0,0.0,13.0,0.0,0.0,0.0,2.0,0
86.1989974975586,25.0,1420.0,54.0,76680.0,0.0,0.0,0.0,44.0,66.0,9.0,0.0,100.0,100.0,100.0,103.0,100.0,103.0,100.0,50.0,50.0,0.0,3.428000162821263,3.428000162821263,3.428000162821263,3.428000162821263,14.70000021904707,1.0,4.056466579437256,0.0,0.0,13.0,3.000000142492354,3.011000143014826,13.90000020712614,-3010.0,0.0,0.0,-6.381671905517578,0.0,0.0,0.0,1.0,20.0,1050.0,-370.0,98.0,0.0,11.0,0.0,0.0,11.0,12.0,1906.0,80.53520965576172,0.0,0.0,0.0,0.0,0.0,0.0,0.0,0.0,0.0,0.0,0.0,0.0,0.0,0.0,0.0,0.0,13.0,0.0,0.0,0.0,2.0,0
86.2699966430664,25.0,1420.0,57.0,80940.0,0.0,0.0,0.0,44.0,66.0,9.0,0.0,100.0,100.0,100.0,103.0,100.0,103.0,100.0,50.0,50.0,0.0,3.5750001698033884,3.5750001698033884,3.5750001698033884,3.5750001698033884,14.70000021904707,1.0,4.230416774749756,0.0,0.0,13.0,3.000000142492354,2.9660001408774406,13.90000020712614,-1740.0,0.0,0.0,-5.946557998657227,0.0,0.0,0.0,1.0,20.0,1050.0,-370.0,98.0,0.0,11.0,0.0,0.0,11.0,12.0,1906.0,80.53520965576172,0.0,0.0,0.0,0.0,0.0,0.0,0.0,0.0,0.0,0.0,0.0,0.0,0.0,0.0,0.0,0.0,13.0,0.0,0.0,0.0,2.0,0
86.33399963378906,25.0,1228.0,59.0,72452.0,0.0,0.0,0.0,44.0,66.0,9.0,0.0,100.0,100.0,100.0,103.0,100.0,103.0,100.0,50.0,50.0,0.0,3.685000175028108,3.685000175028108,3.685000175028108,3.685000175028108,14.70000021904707,1.0,3.7709832191467285,0.0,0.0,13.0,3.000000142492354,2.5600001215934753,13.90000020712614,-1740.0,0.0,0.0,-5.656482219696045,0.0,0.0,0.0,1.0,20.0,1050.0,-178.0,98.0,0.0,11.0,0.0,0.0,11.0,12.0,1906.0,93.12703704833984,0.0,0.0,0.0,0.0,0.0,0.0,0.0,0.0,0.0,0.0,0.0,0.0,0.0,0.0,0.0,0.0,13.0,0.0,0.0,0.0,2.0,0
86.4010009765625,25.0,1228.0,60.0,73680.0,0.0,0.0,0.0,44.0,66.0,9.0,0.0,100.0,100.0,100.0,103.0,100.0,103.0,100.0,50.0,50.0,0.0,3.7220001767855138,3.7220001767855138,3.7220001767855138,3.7220001767855138,14.70000021904707,1.0,3.8088467121124268,0.0,0.0,13.0,3.000000142492354,3.009000142919831,13.90000020712614,-1920.0,0.0,0.0,-5.511444091796875,0.0,0.0,0.0,1.0,20.0,1050.0,-178.0,98.0,0.0,11.0,0.0,0.0,11.0,12.0,1906.0,93.12703704833984,0.0,0.0,0.0,0.0,0.0,0.0,0.0,0.0,0.0,0.0,0.0,0.0,0.0,0.0,0.0,0.0,13.0,0.0,0.0,0.0,2.0,0
86.47000122070312,25.0,1123.0,59.0,66257.0,0.0,0.0,0.0,44.0,66.0,9.0,0.0,100.0,100.0,100.0,103.0,100.0,103.0,100.0,50.0,50.0,0.0,3.685000175028108,3.685000175028108,3.685000175028108,3.685000175028108,14.70000021904707,1.0,3.4485459327697754,0.0,0.0,13.0,3.000000142492354,3.038000144297257,13.90000020712614,-1050.0,0.0,0.0,-5.656482219696045,0.0,0.0,0.0,1.0,20.0,1050.0,-73.0,98.0,0.0,11.0,0.0,0.0,11.0,12.0,1906.0,101.8343734741211,0.0,0.0,0.0,0.0,0.0,0.0,0.0,0.0,0.0,0.0,0.0,0.0,0.0,0.0,0.0,0.0,13.0,0.0,0.0,0.0,2.0,0
86.47000122070312,25.0,1162.0,54.0,62748.0,0.0,0.0,0.0,44.0,66.0,9.0,0.0,100.0,100.0,100.0,103.0,100.0,103.0,100.0,50.0,50.0,0.0,3.428000162821263,3.428000162821263,3.428000162821263,3.428000162821263,14.70000021904707,1.0,3.319446563720703,0.0,0.0,13.0,3.000000142492354,3.111000147764571,13.90000020712614,-1050.0,0.0,0.0,-6.381671905517578,0.0,0.0,0.0,1.0,20.0,1050.0,-112.0,98.0,0.0,11.0,0.0,0.0,11.0,12.0,1906.0,98.4165267944336,0.0,0.0,0.0,0.0,0.0,0.0,0.0,0.0,0.0,0.0,0.0,0.0,0.0,0.0,0.0,0.0,13.0,0.0,0.0,0.0,2.0,0
86.60199737548828,25.0,1162.0,49.0,56938.0,0.0,0.0,0.0,44.0,66.0,9.0,0.0,100.0,100.0,100.0,103.0,100.0,103.0,100.0,50.0,50.0,0.0,3.208000152371824,3.208000152371824,3.208000152371824,3.208000152371824,14.70000021904707,1.0,3.1064133644104004,0.0,0.0,13.0,3.000000142492354,3.0150001432048157,13.90000020712614,390.0,0.0,0.0,-7.1068620681762695,0.0,0.0,0.0,1.0,20.0,1050.0,-112.0,98.0,0.0,11.0,0.0,0.0,11.0,12.0,1906.0,98.4165267944336,0.0,0.0,0.0,0.0,0.0,0.0,0.0,0.0,0.0,0.0,0.0,0.0,0.0,0.0,0.0,0.0,13.0,0.0,0.0,0.0,2.0,0
86.6709976196289,26.0,1202.0,46.0,55292.0,0.0,0.0,0.0,44.0,66.0,9.0,0.0,100.0,100.0,100.0,103.0,100.0,103.0,100.0,50.0,50.0,0.0,3.062000145437196,3.062000145437196,3.062000145437196,3.062000145437196,14.70000021904707,1.0,3.067103385925293,0.0,0.0,13.0,3.000000142492354,3.0240001436322927,13.90000020712614,400.0,0.0,0.0,-7.541975975036621,0.0,0.0,0.0,1.0,20.0,1050.0,-152.0,98.0,0.0,11.0,0.0,0.0,11.0,12.0,1984.0,99.03494262695312,0.0,0.0,0.0,0.0,0.0,0.0,0.0,0.0,0.0,0.0,0.0,0.0,0.0,0.0,0.0,0.0,13.0,0.0,0.0,0.0,2.0,0
86.73600006103516,26.0,1213.0,44.0,53372.0,0.0,0.0,0.0,44.0,66.0,9.0,0.0,100.0,100.0,100.0,103.0,100.0,103.0,100.0,50.0,50.0,0.0,2.9520001402124763,2.9520001402124763,2.9520001402124763,2.9520001402124763,14.70000021904707,1.0,2.9839799404144287,0.0,0.0,13.0,3.000000142492354,2.980000141542405,13.90000020712614,400.0,0.0,0.0,-7.832052230834961,0.0,0.0,0.0,1.0,20.0,1050.0,-163.0,98.0,0.0,11.0,0.0,0.0,11.0,12.0,1984.0,98.13684844970703,0.0,0.0,0.0,0.0,0.0,0.0,0.0,0.0,0.0,0.0,0.0,0.0,0.0,0.0,0.0,0.0,13.0,0.0,0.0,0.0,2.0,0
86.8010025024414,26.0,1213.0,44.0,53372.0,0.0,0.0,0.0,44.0,66.0,9.0,0.0,100.0,100.0,100.0,103.0,100.0,103.0,100.0,50.0,50.0,0.0,2.9520001402124763,2.9520001402124763,2.9520001402124763,2.9520001402124763,14.70000021904707,1.0,2.9839799404144287,0.0,0.0,13.0,3.000000142492354,3.016000143252313,13.90000020712614,110.0,0.0,0.0,-7.832052230834961,0.0,0.0,0.0,1.0,20.0,1050.0,-163.0,98.0,0.0,11.0,0.0,0.0,11.0,12.0,1984.0,98.13684844970703,0.0,0.0,0.0,0.0,0.0,0.0,0.0,0.0,0.0,0.0,0.0,0.0,0.0,0.0,0.0,0.0,13.0,0.0,0.0,0.0,2.0,0
86.86699676513672,26.0,1179.0,43.0,50697.0,0.0,0.0,0.0,44.0,66.0,9.0,0.0,100.0,100.0,100.0,103.0,100.0,103.0,100.0,50.0,50.0,0.0,2.916000138502568,2.916000138502568,2.916000138502568,2.916000138502568,14.70000021904707,1.0,2.8649699687957764,0.0,0.0,13.0,3.000000142492354,3.0010001425398514,13.90000020712614,-340.0,0.0,0.0,-7.977089881896973,0.0,0.0,0.0,1.0,20.0,1050.0,-129.0,98.0,0.0,11.0,0.0,0.0,11.0,12.0,1984.0,100.9669189453125,0.0,0.0,0.0,0.0,0.0,0.0,0.0,0.0,0.0,0.0,0.0,0.0,0.0,0.0,0.0,0.0,13.0,0.0,0.0,0.0,2.0,0
86.93599700927734,26.0,1123.0,43.0,48289.0,0.0,0.0,0.0,44.0,66.0,9.0,0.0,100.0,100.0,100.0,103.0,100.0,103.0,100.0,50.0,50.0,0.0,2.916000138502568,2.916000138502568,2.916000138502568,2.916000138502568,14.70000021904707,1.0,2.7288899421691895,0.0,0.0,13.0,3.000000142492354,2.8420001349877566,13.90000020712614,-340.0,0.0,0.0,-7.977089881896973,0.0,0.0,0.0,1.0,20.0,1050.0,-73.0,98.0,0.0,11.0,0.0,0.0,11.0,12.0,1984.0,106.00177764892578,0.0,0.0,0.0,0.0,0.0,0.0,0.0,0.0,0.0,0.0,0.0,0.0,0.0,0.0,0.0,0.0,13.0,0.0,0.0,0.0,2.0,0
87.00199890136719,26.0,1123.0,43.0,48289.0,0.0,0.0,0.0,44.0,66.0,9.0,0.0,100.0,100.0,100.0,103.0,100.0,103.0,100.0,50.0,50.0,0.0,2.916000138502568,2.916000138502568,2.916000138502568,2.916000138502568,14.70000021904707,1.0,2.7288899421691895,0.0,0.0,13.0,3.000000142492354,2.9990001424448565,13.90000020712614,-560.0,0.0,0.0,-7.977089881896973,0.0,0.0,0.0,1.0,20.0,1050.0,-73.0,98.0,0.0,11.0,0.0,0.0,11.0,12.0,1984.0,106.00177764892578,0.0,0.0,0.0,0.0,0.0,0.0,0.0,0.0,0.0,0.0,0.0,0.0,0.0,0.0,0.0,0.0,13.0,0.0,0.0,0.0,2.0,0
87.06700134277344,26.0,1071.0,43.0,46053.0,0.0,0.0,0.0,44.0,66.0,9.0,0.0,100.0,100.0,100.0,103.0,100.0,103.0,100.0,50.0,50.0,0.0,2.916000138502568,2.916000138502568,2.916000138502568,2.916000138502568,14.70000021904707,1.0,2.602530002593994,0.0,0.0,13.0,3.000000142492354,2.894000137457624,13.90000020712614,-520.0,0.0,0.0,-7.977089881896973,0.0,0.0,0.0,1.0,20.0,1050.0,-21.0,98.0,0.0,11.0,0.0,0.0,11.0,12.0,1984.0,111.1484603881836,0.0,0.0,0.0,0.0,0.0,0.0,0.0,0.0,0.0,0.0,0.0,0.0,0.0,0.0,0.0,0.0,13.0,0.0,0.0,0.0,2.0,0
87.13400268554688,26.0,1071.0,44.0,47124.0,0.0,0.0,0.0,44.0,66.0,9.0,0.0,100.0,100.0,100.0,103.0,100.0,103.0,100.0,50.0,50.0,0.0,2.9520001402124763,2.9520001402124763,2.9520001402124763,2.9520001402124763,14.70000021904707,1.0,2.634660005569458,0.0,0.0,13.0,3.000000142492354,3.0140001431573182,13.90000020712614,-520.0,0.0,0.0,-7.832052230834961,0.0,0.0,0.0,1.0,20.0,1050.0,-21.0,98.0,0.0,11.0,0.0,0.0,11.0,12.0,1984.0,111.1484603881836,0.0,0.0,0.0,0.0,0.0,0.0,0.0,0.0,0.0,0.0,0.0,0.0,0.0,0.0,0.0,0.0,13.0,0.0,0.0,0.0,2.0,0
87.2030029296875,26.0,1025.0,44.0,45100.0,0.0,0.0,0.0,44.0,66.0,9.0,0.0,100.0,100.0,100.0,103.0,100.0,103.0,100.0,50.0,50.0,0.0,2.9520001402124763,2.9520001402124763,2.9520001402124763,2.9520001402124763,14.70000021904707,1.0,2.5215001106262207,0.0,0.0,13.0,3.000000142492354,2.8460001351777464,13.90000020712614,-460.0,0.0,0.0,-7.832052230834961,0.0,0.0,0.0,1.0,24.0,1050.0,25.0,98.0,0.0,11.0,0.0,0.0,11.0,12.0,1984.0,116.13658905029297,0.0,0.0,0.0,0.0,0.0,0.0,0.0,0.0,0.0,0.0,0.0,0.0,0.0,0.0,0.0,0.0,13.0,0.0,0.0,0.0,2.0,0
87.26899719238281,26.0,978.0,45.0,44010.0,0.0,0.0,0.0,44.0,66.0,9.0,0.0,100.0,100.0,100.0,103.0,100.0,103.0,100.0,50.0,50.0,0.0,3.02500014367979,3.02500014367979,3.02500014367979,3.02500014367979,14.70000021904707,1.0,2.4653749465942383,0.0,0.0,13.0,3.000000142492354,3.013000143109821,13.90000020712614,0.0,0.0,0.0,-7.687014102935791,0.0,0.0,0.0,1.0,24.0,1050.0,72.0,98.0,0.0,11.0,0.0,0.0,11.0,12.0,1984.0,121.71778869628906,0.0,0.0,0.0,0.0,0.0,0.0,0.0,0.0,0.0,0.0,0.0,0.0,0.0,0.0,0.0,0.0,13.0,0.0,0.0,0.0,2.0,0
87.33399963378906,26.0,978.0,45.0,44010.0,0.0,0.0,0.0,44.0,66.0,9.0,0.0,100.0,100.0,100.0,103.0,100.0,103.0,100.0,50.0,50.0,0.0,3.02500014367979,3.02500014367979,3.02500014367979,3.02500014367979,14.70000021904707,1.0,2.4653749465942383,0.0,0.0,13.0,3.000000142492354,2.920000138692558,13.90000020712614,0.0,0.0,0.0,-7.687014102935791,0.0,0.0,0.0,1.0,24.0,1050.0,72.0,98.0,0.0,11.0,0.0,0.0,11.0,12.0,1984.0,121.71778869628906,0.0,0.0,0.0,0.0,0.0,0.0,0.0,0.0,0.0,0.0,0.0,0.0,0.0,0.0,0.0,0.0,13.0,0.0,0.0,0.0,2.0,0
87.39900207519531,26.0,930.0,46.0,42780.0,0.0,0.0,0.0,44.0,66.0,9.0,0.0,100.0,100.0,100.0,103.0,100.0,103.0,100.0,50.0,50.0,0.0,3.062000145437196,3.062000145437196,3.062000145437196,3.062000145437196,14.70000021904707,1.0,2.3730499744415283,0.0,0.0,13.0,3.000000142492354,3.011000143014826,13.90000020712614,-470.0,0.0,0.0,-7.541975975036621,0.0,0.0,0.0,1.0,24.0,1050.0,120.0,98.0,0.0,11.0,0.0,0.0,11.0,12.0,1984.0,128.0,0.0,0.0,0.0,0.0,0.0,0.0,0.0,0.0,0.0,0.0,0.0,0.0,0.0,0.0,0.0,0.0,13.0,0.0,0.0,0.0,2.0,0
87.46399688720703,26.0,930.0,46.0,42780.0,0.0,0.0,0.0,44.0,66.0,9.0,0.0,100.0,100.0,100.0,103.0,100.0,103.0,100.0,50.0,50.0,0.0,3.062000145437196,3.062000145437196,3.062000145437196,3.062000145437196,14.70000021904707,1.0,2.3730499744415283,0.0,0.0,13.0,3.000000142492354,2.810000133467838,13.90000020712614,-480.0,0.0,0.0,-7.541975975036621,0.0,0.0,0.0,1.0,38.0,1050.0,120.0,98.0,0.0,11.0,0.0,0.0,11.0,12.0,1984.0,128.0,0.0,0.0,0.0,0.0,0.0,0.0,0.0,0.0,0.0,0.0,0.0,0.0,0.0,0.0,0.0,0.0,13.0,0.0,0.0,0.0,2.0,0
87.53600311279297,26.0,879.0,47.0,41313.0,0.0,0.0,0.0,44.0,66.0,9.0,0.0,100.0,100.0,100.0,103.0,100.0,103.0,100.0,50.0,50.0,0.0,3.098000147147104,3.098000147147104,3.098000147147104,3.098000147147104,14.70000021904707,1.0,2.269284963607788,0.0,0.0,13.0,3.000000142492354,3.013000143109821,13.90000020712614,-480.0,0.0,0.0,-7.396937847137451,0.0,0.0,0.0,1.0,38.0,1050.0,171.0,98.0,0.0,11.0,0.0,0.0,11.0,12.0,1984.0,135.42662048339844,0.0,0.0,0.0,0.0,0.0,0.0,0.0,0.0,0.0,0.0,0.0,0.0,0.0,0.0,0.0,0.0,13.0,0.0,0.0,0.0,2.0,0
87.60299682617188,26.0,879.0,47.0,41313.0,0.0,0.0,0.0,44.0,66.0,9.0,0.0,100.0,100.0,100.0,103.0,100.0,103.0,100.0,50.0,50.0,0.0,3.098000147147104,3.098000147147104,3.098000147147104,3.098000147147104,14.70000021904707,1.0,2.269284963607788,0.0,0.0,13.0,3.000000142492354,3.0080001428723335,13.90000020712614,-510.0,0.0,0.0,-7.396937847137451,0.0,0.0,0.0,1.0,38.0,1050.0,171.0,98.0,0.0,11.0,0.0,0.0,11.0,12.0,1984.0,135.42662048339844,0.0,0.0,0.0,0.0,0.0,0.0,0.0,0.0,0.0,0.0,0.0,0.0,0.0,0.0,0.0,0.0,13.0,0.0,0.0,0.0,2.0,0
87.66999816894531,27.0,879.0,48.0,42192.0,0.0,0.0,0.0,44.0,66.0,9.0,0.0,100.0,100.0,100.0,103.0,100.0,103.0,100.0,50.0,50.0,0.0,3.13500014890451,3.13500014890451,3.13500014890451,3.13500014890451,14.70000021904707,1.0,2.2963874340057373,0.0,0.0,13.0,3.000000142492354,3.0150001432048157,13.90000020712614,0.0,0.0,0.0,-7.2519001960754395,0.0,0.0,0.0,1.0,38.0,1050.0,171.0,98.0,0.0,11.0,0.0,0.0,11.0,12.0,1914.0,130.64846801757812,0.0,0.0,0.0,0.0,0.0,0.0,0.0,0.0,0.0,0.0,0.0,0.0,0.0,0.0,0.0,0.0,13.0,0.0,0.0,0.0,2.0,0
87.73600006103516,27.0,847.0,49.0,41503.0,0.0,0.0,0.0,44.0,66.0,9.0,0.0,100.0,100.0,100.0,103.0,100.0,103.0,100.0,50.0,50.0,0.0,3.208000152371824,3.208000152371824,3.208000152371824,3.208000152371824,14.70000021904707,1.0,2.264313220977783,0.0,0.0,13.0,3.000000142492354,2.8730001364601776,13.90000020712614,0.0,0.0,0.0,-7.1068620681762695,0.0,0.0,0.0,1.0,38.0,1050.0,203.0,98.0,0.0,11.0,0.0,0.0,11.0,12.0,1914.0,135.58441162109375,0.0,0.0,0.0,0.0,0.0,0.0,0.0,0.0,0.0,0.0,0.0,0.0,0.0,0.0,0.0,0.0,13.0,0.0,0.0,0.0,2.0,0
87.80000305175781,27.0,847.0,50.0,42350.0,0.0,0.0,0.0,44.0,66.0,9.0,0.0,100.0,100.0,100.0,103.0,100.0,103.0,100.0,50.0,50.0,0.0,3.246000154176727,3.246000154176727,3.246000154176727,3.246000154176727,14.70000021904707,1.0,2.29113507270813,0.0,0.0,13.0,3.000000142492354,3.0140001431573182,13.90000020712614,-320.0,0.0,0.0,-6.9618239402771,0.0,0.0,0.0,1.0,51.0,1050.0,203.0,98.0,0.0,11.0,0.0,0.0,11.0,12.0,1914.0,135.58441162109375,0.0,0.0,0.0,0.0,0.0,0.0,0.0,0.0,0.0,0.0,0.0,0.0,0.0,0.0,0.0,0.0,13.0,0.0,0.0,0.0,2.0,0
87.86599731445312,27.0,810.0,51.0,41310.0,0.0,0.0,0.0,44.0,66.0,9.0,0.0,100.0,100.0,100.0,103.0,100.0,103.0,100.0,50.0,50.0,0.0,3.282000155886635,3.282000155886635,3.282000155886635,3.282000155886635,14.70000021904707,1.0,2.2153499126434326,0.0,0.0,13.0,3.000000142492354,3.0440001445822418,13.90000020712614,-370.0,0.0,0.0,-6.81678581237793,0.0,0.0,0.0,1.0,51.0,1050.0,240.0,98.0,0.0,11.0,0.0,0.0,11.0,12.0,1914.0,141.77777099609375,0.0,0.0,0.0,0.0,0.0,0.0,0.0,0.0,0.0,0.0,0.0,0.0,0.0,0.0,0.0,0.0,13.0,0.0,0.0,0.0,2.0,0
87.93499755859375,27.0,810.0,52.0,42120.0,0.0,0.0,0.0,44.0,66.0,9.0,0.0,100.0,100.0,100.0,103.0,100.0,103.0,100.0,50.0,50.0,0.0,3.355000159353949,3.355000159353949,3.355000159353949,3.355000159353949,14.70000021904707,1.0,2.264625072479248,0.0,0.0,13.0,3.000000142492354,3.042000144487247,13.90000020712614,-370.0,0.0,0.0,-6.671748161315918,0.0,0.0,0.0,1.0,51.0,1050.0,240.0,98.0,0.0,11.0,0.0,0.0,11.0,12.0,1914.0,141.77777099609375,0.0,0.0,0.0,0.0,0.0,0.0,0.0,0.0,0.0,0.0,0.0,0.0,0.0,0.0,0.0,0.0,13.0,0.0,0.0,0.0,2.0,0
88.00199890136719,27.0,791.0,52.0,41132.0,0.0,0.0,0.0,44.0,66.0,9.0,0.0,100.0,100.0,100.0,103.0,100.0,103.0,100.0,50.0,50.0,0.0,3.355000159353949,3.355000159353949,3.355000159353949,3.355000159353949,14.70000021904707,1.0,2.2115042209625244,0.0,0.0,15.0,3.000000142492354,3.051000144914724,13.90000020712614,0.0,0.0,0.0,-6.671748161315918,0.0,0.0,0.0,1.0,51.0,1050.0,259.0,98.0,0.0,11.0,0.0,0.0,11.0,12.0,1914.0,145.18331909179688,0.0,0.0,0.0,0.0,0.0,0.0,0.0,0.0,0.0,0.0,0.0,0.0,0.0,0.0,0.0,0.0,15.0,0.0,0.0,0.0,2.0,0
88.06700134277344,27.0,791.0,53.0,41923.0,0.0,0.0,0.0,44.0,66.0,9.0,0.0,100.0,100.0,100.0,103.0,100.0,103.0,100.0,50.0,50.0,0.0,3.392000161111355,3.392000161111355,3.392000161111355,3.392000161111355,14.70000021904707,1.0,2.2358932495117188,0.0,0.0,15.0,3.000000142492354,3.02500014367979,13.90000020712614,-190.0,0.0,0.0,-6.526710033416748,0.0,0.0,0.0,1.0,62.0,1050.0,259.0,98.0,0.0,11.0,0.0,0.0,11.0,12.0,1914.0,145.18331909179688,0.0,0.0,0.0,0.0,0.0,0.0,0.0,0.0,0.0,0.0,0.0,0.0,0.0,0.0,0.0,0.0,15.0,0.0,0.0,0.0,2.0,0
88.06700134277344,27.0,781.0,55.0,42955.0,0.0,0.0,0.0,44.0,66.0,9.0,0.0,100.0,100.0,100.0,103.0,100.0,103.0,100.0,50.0,50.0,0.0,3.4650001645786688,3.4650001645786688,3.4650001645786688,3.4650001645786688,14.70000021904707,1.0,2.2551374435424805,0.0,0.0,15.0,3.000000142492354,3.0170001432998106,13.90000020712614,-190.0,0.0,0.0,-6.236633777618408,0.0,0.0,0.0,1.0,62.0,1050.0,269.0,98.0,0.0,11.0,0.0,0.0,11.0,12.0,1914.0,147.04225158691406,0.0,0.0,0.0,0.0,0.0,0.0,0.0,0.0,0.0,0.0,0.0,0.0,0.0,0.0,0.0,0.0,15.0,0.0,0.0,0.0,2.0,0
88.2020034790039,27.0,781.0,56.0,43736.0,0.0,0.0,0.0,44.0,66.0,9.0,0.0,100.0,100.0,100.0,103.0,100.0,103.0,100.0,50.0,50.0,0.0,3.5380001680459827,3.5380001680459827,3.5380001680459827,3.5380001680459827,14.70000021904707,1.0,2.3026483058929443,0.0,0.0,15.0,3.000000142492354,3.299000156694092,13.800000205636024,-100.0,0.0,0.0,-6.0915961265563965,0.0,0.0,0.0,1.0,62.0,1050.0,269.0,98.0,0.0,11.0,0.0,0.0,11.0,12.0,1914.0,147.04225158691406,0.0,0.0,0.0,0.0,0.0,0.0,0.0,0.0,0.0,0.0,0.0,0.0,0.0,0.0,0.0,0.0,15.0,0.0,0.0,0.0,2.0,0
88.26899719238281,27.0,781.0,58.0,45298.0,0.0,0.0,0.0,44.0,66.0,9.0,0.0,100.0,100.0,100.0,103.0,100.0,103.0,100.0,50.0,50.0,0.0,3.612000171560794,3.612000171560794,3.612000171560794,3.612000171560794,14.70000021904707,1.0,2.3508100509643555,0.0,0.0,15.0,3.000000142492354,3.0190001433948055,13.800000205636024,0.0,0.0,0.0,-5.801519870758057,0.0,0.0,0.0,1.0,62.0,1050.0,269.0,98.0,0.0,11.0,0.0,0.0,11.0,12.0,1914.0,147.04225158691406,0.0,0.0,0.0,0.0,0.0,0.0,0.0,0.0,0.0,0.0,0.0,0.0,0.0,0.0,0.0,0.0,15.0,0.0,0.0,0.0,2.0,0
88.33799743652344,27.0,796.0,58.0,46168.0,0.0,0.0,0.0,44.0,66.0,9.0,0.0,100.0,100.0,100.0,103.0,100.0,103.0,100.0,50.0,50.0,0.0,3.612000171560794,3.612000171560794,3.612000171560794,3.612000171560794,14.70000021904707,1.0,2.3959600925445557,0.0,0.0,15.0,3.000000142492354,3.4360001632012427,13.800000205636024,0.0,0.0,0.0,-5.801519870758057,0.0,0.0,0.0,1.0,62.0,1050.0,254.0,98.0,0.0,11.0,0.0,0.0,11.0,12.0,1914.0,144.2713623046875,0.0,0.0,0.0,0.0,0.0,0.0,0.0,0.0,0.0,0.0,0.0,0.0,0.0,0.0,0.0,0.0,15.0,0.0,0.0,0.0,2.0,0
88.40299987792969,27.0,796.0,58.0,46168.0,0.0,0.0,0.0,44.0,66.0,9.0,0.0,100.0,100.0,100.0,103.0,100.0,103.0,100.0,50.0,50.0,0.0,3.612000171560794,3.612000171560794,3.612000171560794,3.612000171560794,14.70000021904707,1.0,2.3959600925445557,0.0,0.0,15.0,3.000000142492354,3.0210001434898004,13.800000205636024,150.0,0.0,0.0,-5.801519870758057,0.0,0.0,0.0,1.0,64.0,1050.0,254.0,98.0,0.0,11.0,0.0,0.0,11.0,12.0,1914.0,144.2713623046875,0.0,0.0,0.0,0.0,0.0,0.0,0.0,0.0,0.0,0.0,0.0,0.0,0.0,0.0,0.0,0.0,15.0,0.0,0.0,0.0,2.0,0
88.46800231933594,27.0,826.0,58.0,47908.0,0.0,0.0,0.0,44.0,66.0,9.0,0.0,100.0,100.0,100.0,103.0,100.0,103.0,100.0,50.0,50.0,0.0,3.612000171560794,3.612000171560794,3.612000171560794,3.612000171560794,14.70000021904707,1.0,2.486259937286377,0.0,0.0,14.0,3.000000142492354,3.299000156694092,13.800000205636024,150.0,0.0,0.0,-5.801519870758057,0.0,0.0,0.0,1.0,64.0,1050.0,224.0,98.0,0.0,11.0,0.0,0.0,11.0,12.0,1914.0,139.03147888183594,0.0,0.0,0.0,0.0,0.0,0.0,0.0,0.0,0.0,0.0,0.0,0.0,0.0,0.0,0.0,0.0,14.0,0.0,0.0,0.0,2.0,0
88.53500366210938,27.0,826.0,57.0,47082.0,0.0,0.0,0.0,44.0,66.0,9.0,0.0,100.0,100.0,100.0,103.0,100.0,103.0,100.0,50.0,50.0,0.0,3.5750001698033884,3.5750001698033884,3.5750001698033884,3.5750001698033884,14.70000021904707,1.0,2.46079158782959,0.0,0.0,14.0,3.000000142492354,3.0740001460071653,13.800000205636024,300.0,0.0,0.0,-5.946557998657227,0.0,0.0,0.0,1.0,64.0,1050.0,224.0,98.0,0.0,11.0,0.0,0.0,11.0,12.0,1914.0,139.03147888183594,0.0,0.0,0.0,0.0,0.0,0.0,0.0,0.0,0.0,0.0,0.0,0.0,0.0,0.0,0.0,0.0,14.0,0.0,0.0,0.0,2.0,0
88.60299682617188,27.0,856.0,57.0,48792.0,0.0,0.0,0.0,44.0,66.0,9.0,0.0,100.0,100.0,100.0,103.0,100.0,103.0,100.0,50.0,50.0,0.0,3.5750001698033884,3.5750001698033884,3.5750001698033884,3.5750001698033884,14.70000021904707,1.0,2.550166606903076,0.0,0.0,14.0,3.000000142492354,3.1470001494744793,13.800000205636024,300.0,0.0,0.0,-5.946557998657227,0.0,0.0,0.0,1.0,64.0,1050.0,194.0,98.0,0.0,11.0,0.0,0.0,11.0,12.0,1914.0,134.15887451171875,0.0,0.0,0.0,0.0,0.0,0.0,0.0,0.0,0.0,0.0,0.0,0.0,0.0,0.0,0.0,0.0,14.0,0.0,0.0,0.0,2.0,0
88.66899871826172,27.0,856.0,57.0,48792.0,0.0,0.0,0.0,44.0,66.0,9.0,0.0,100.0,100.0,100.0,103.0,100.0,103.0,100.0,50.0,50.0,0.0,3.5750001698033884,3.5750001698033884,3.5750001698033884,3.5750001698033884,14.70000021904707,1.0,2.550166606903076,0.0,0.0,14.0,3.000000142492354,3.040000144392252,13.800000205636024,300.0,0.0,0.0,-5.946557998657227,0.0,0.0,0.0,1.0,64.0,1050.0,194.0,98.0,0.0,11.0,0.0,0.0,11.0,12.0,1914.0,134.15887451171875,0.0,0.0,0.0,0.0,0.0,0.0,0.0,0.0,0.0,0.0,0.0,0.0,0.0,0.0,0.0,0.0,14.0,0.0,0.0,0.0,2.0,0
88.73500061035156,28.0,891.0,55.0,49005.0,0.0,0.0,0.0,44.0,66.0,9.0,0.0,100.0,100.0,100.0,103.0,100.0,103.0,100.0,50.0,50.0,0.0,3.4650001645786688,3.4650001645786688,3.4650001645786688,3.4650001645786688,14.70000021904707,1.0,2.5727624893188477,0.0,0.0,14.0,3.000000142492354,3.2030001521343365,13.90000020712614,0.0,0.0,0.0,-6.236633777618408,0.0,0.0,0.0,1.0,58.0,1050.0,159.0,98.0,0.0,11.0,0.0,0.0,11.0,12.0,1878.0,126.46464538574219,0.0,0.0,0.0,0.0,0.0,0.0,0.0,0.0,0.0,0.0,0.0,0.0,0.0,0.0,0.0,0.0,14.0,0.0,0.0,0.0,2.0,0
88.80000305175781,28.0,891.0,54.0,48114.0,0.0,0.0,0.0,44.0,66.0,9.0,0.0,100.0,100.0,100.0,103.0,100.0,103.0,100.0,50.0,50.0,0.0,3.428000162821263,3.428000162821263,3.428000162821263,3.428000162821263,14.70000021904707,1.0,2.545289993286133,0.0,0.0,14.0,3.000000142492354,3.0570001451997086,13.90000020712614,350.0,0.0,0.0,-6.381671905517578,0.0,0.0,0.0,1.0,58.0,1050.0,159.0,98.0,0.0,11.0,0.0,0.0,11.0,12.0,1878.0,126.46464538574219,0.0,0.0,0.0,0.0,0.0,0.0,0.0,0.0,0.0,0.0,0.0,0.0,0.0,0.0,0.0,0.0,14.0,0.0,0.0,0.0,2.0,0
88.86699676513672,28.0,928.0,53.0,49184.0,0.0,0.0,0.0,44.0,66.0,9.0,0.0,100.0,100.0,100.0,103.0,100.0,103.0,100.0,50.0,50.0,0.0,3.392000161111355,3.392000161111355,3.392000161111355,3.392000161111355,14.70000021904707,1.0,2.6231467723846436,0.0,0.0,14.0,3.000000142492354,3.1280001485720277,13.90000020712614,350.0,0.0,0.0,-6.526710033416748,0.0,0.0,0.0,1.0,58.0,1050.0,122.0,98.0,0.0,11.0,0.0,0.0,11.0,12.0,1878.0,121.42241668701172,0.0,0.0,0.0,0.0,0.0,0.0,0.0,0.0,0.0,0.0,0.0,0.0,0.0,0.0,0.0,0.0,14.0,0.0,0.0,0.0,2.0,0
88.86699676513672,28.0,928.0,52.0,48256.0,0.0,0.0,0.0,44.0,66.0,9.0,0.0,100.0,100.0,100.0,103.0,100.0,103.0,100.0,50.0,50.0,0.0,3.355000159353949,3.355000159353949,3.355000159353949,3.355000159353949,14.70000021904707,1.0,2.5945334434509277,0.0,0.0,14.0,3.000000142492354,3.0170001432998106,13.90000020712614,370.0,0.0,0.0,-6.671748161315918,0.0,0.0,0.0,1.0,58.0,1050.0,122.0,98.0,0.0,11.0,0.0,0.0,11.0,12.0,1878.0,121.42241668701172,0.0,0.0,0.0,0.0,0.0,0.0,0.0,0.0,0.0,0.0,0.0,0.0,0.0,0.0,0.0,0.0,14.0,0.0,0.0,0.0,2.0,0
89.0009994506836,28.0,946.0,51.0,48246.0,0.0,0.0,0.0,44.0,66.0,9.0,0.0,100.0,100.0,100.0,103.0,100.0,103.0,100.0,50.0,50.0,0.0,3.282000155886635,3.282000155886635,3.282000155886635,3.282000155886635,14.70000021904707,1.0,2.5873100757598877,0.0,0.0,14.0,3.000000142492354,2.9700001410674304,13.90000020712614,180.0,0.0,0.0,-6.81678581237793,0.0,0.0,0.0,1.0,48.0,1050.0,104.0,98.0,0.0,11.0,0.0,0.0,11.0,12.0,1878.0,119.11205291748047,0.0,0.0,0.0,0.0,0.0,0.0,0.0,0.0,0.0,0.0,0.0,0.0,0.0,0.0,0.0,0.0,14.0,0.0,0.0,0.0,2.0,0
89.06600189208984,28.0,946.0,50.0,47300.0,0.0,0.0,0.0,44.0,66.0,9.0,0.0,100.0,100.0,100.0,103.0,100.0,103.0,100.0,50.0,50.0,0.0,3.246000154176727,3.246000154176727,3.246000154176727,3.246000154176727,14.70000021904707,1.0,2.558929920196533,0.0,0.0,14.0,3.000000142492354,3.0140001431573182,13.90000020712614,180.0,0.0,0.0,-6.9618239402771,0.0,0.0,0.0,1.0,48.0,1050.0,104.0,98.0,0.0,11.0,0.0,0.0,11.0,12.0,1878.0,119.11205291748047,0.0,0.0,0.0,0.0,0.0,0.0,0.0,0.0,0.0,0.0,0.0,0.0,0.0,0.0,0.0,0.0,14.0,0.0,0.0,0.0,2.0,0
89.13200378417969,28.0,955.0,48.0,45840.0,0.0,0.0,0.0,44.0,66.0,9.0,0.0,100.0,100.0,100.0,103.0,100.0,103.0,100.0,50.0,50.0,0.0,3.13500014890451,3.13500014890451,3.13500014890451,3.13500014890451,14.70000021904707,1.0,2.4949374198913574,0.0,0.0,14.0,3.000000142492354,3.069000145769678,13.90000020712614,90.0,0.0,0.0,-7.2519001960754395,0.0,0.0,0.0,1.0,48.0,1050.0,95.0,98.0,0.0,11.0,0.0,0.0,11.0,12.0,1878.0,117.98953247070312,0.0,0.0,0.0,0.0,0.0,0.0,0.0,0.0,0.0,0.0,0.0,0.0,0.0,0.0,0.0,0.0,14.0,0.0,0.0,0.0,2.0,0
89.20099639892578,28.0,948.0,48.0,45504.0,0.0,0.0,0.0,44.0,66.0,9.0,0.0,100.0,100.0,100.0,103.0,100.0,103.0,100.0,50.0,50.0,0.0,3.13500014890451,3.13500014890451,3.13500014890451,3.13500014890451,14.70000021904707,1.0,2.4766499996185303,0.0,0.0,14.0,3.000000142492354,3.016000143252313,13.90000020712614,0.0,0.0,0.0,-7.2519001960754395,0.0,0.0,0.0,1.0,48.0,1050.0,102.0,98.0,0.0,11.0,0.0,0.0,11.0,12.0,1878.0,118.86075592041016,0.0,0.0,0.0,0.0,0.0,0.0,0.0,0.0,0.0,0.0,0.0,0.0,0.0,0.0,0.0,0.0,14.0,0.0,0.0,0.0,2.0,0
89.26799774169922,28.0,948.0,47.0,44556.0,0.0,0.0,0.0,44.0,66.0,9.0,0.0,100.0,100.0,100.0,103.0,100.0,103.0,100.0,50.0,50.0,0.0,3.098000147147104,3.098000147147104,3.098000147147104,3.098000147147104,14.70000021904707,1.0,2.4474198818206787,0.0,0.0,14.0,3.000000142492354,2.881000136840157,13.90000020712614,0.0,0.0,0.0,-7.396937847137451,0.0,0.0,0.0,1.0,48.0,1050.0,102.0,98.0,0.0,11.0,0.0,0.0,11.0,12.0,1878.0,118.86075592041016,0.0,0.0,0.0,0.0,0.0,0.0,0.0,0.0,0.0,0.0,0.0,0.0,0.0,0.0,0.0,0.0,14.0,0.0,0.0,0.0,2.0,0
89.33599853515625,28.0,914.0,47.0,42958.0,0.0,0.0,0.0,44.0,66.0,9.0,0.0,100.0,100.0,100.0,103.0,100.0,103.0,100.0,50.0,50.0,0.0,3.098000147147104,3.098000147147104,3.098000147147104,3.098000147147104,14.70000021904707,1.0,2.3596432209014893,0.0,0.0,14.0,3.000000142492354,3.0140001431573182,13.90000020712614,-70.0,0.0,0.0,-7.396937847137451,0.0,0.0,0.0,1.0,50.0,1050.0,136.0,98.0,0.0,11.0,0.0,0.0,11.0,12.0,1878.0,123.28227233886719,0.0,0.0,0.0,0.0,0.0,0.0,0.0,0.0,0.0,0.0,0.0,0.0,0.0,0.0,0.0,0.0,14.0,0.0,0.0,0.0,2.0,0
89.4020004272461,28.0,914.0,47.0,42958.0,0.0,0.0,0.0,44.0,66.0,9.0,0.0,100.0,100.0,100.0,103.0,100.0,103.0,100.0,50.0,50.0,0.0,3.098000147147104,3.098000147147104,3.098000147147104,3.098000147147104,14.70000021904707,1.0,2.3596432209014893,0.0,0.0,14.0,3.000000142492354,2.943000139784999,13.90000020712614,-340.0,0.0,0.0,-7.396937847137451,0.0,0.0,0.0,1.0,50.0,1050.0,136.0,98.0,0.0,11.0,0.0,0.0,11.0,12.0,1878.0,123.28227233886719,0.0,0.0,0.0,0.0,0.0,0.0,0.0,0.0,0.0,0.0,0.0,0.0,0.0,0.0,0.0,0.0,14.0,0.0,0.0,0.0,2.0,0
89.46900177001953,28.0,886.0,48.0,42528.0,0.0,0.0,0.0,44.0,66.0,9.0,0.0,100.0,100.0,100.0,103.0,100.0,103.0,100.0,50.0,50.0,0.0,3.13500014890451,3.13500014890451,3.13500014890451,3.13500014890451,14.70000021904707,1.0,2.3146750926971436,0.0,0.0,14.0,3.000000142492354,3.0140001431573182,13.90000020712614,-340.0,0.0,0.0,-7.2519001960754395,0.0,0.0,0.0,1.0,50.0,1050.0,164.0,98.0,0.0,11.0,0.0,0.0,11.0,12.0,1878.0,127.17832946777344,0.0,0.0,0.0,0.0,0.0,0.0,0.0,0.0,0.0,0.0,0.0,0.0,0.0,0.0,0.0,0.0,14.0,0.0,0.0,0.0,2.0,0
89.53700256347656,28.0,886.0,48.0,42528.0,0.0,0.0,0.0,44.0,66.0,9.0,0.0,100.0,100.0,100.0,103.0,100.0,103.0,100.0,50.0,50.0,0.0,3.13500014890451,3.13500014890451,3.13500014890451,3.13500014890451,14.70000021904707,1.0,2.3146750926971436,0.0,0.0,14.0,3.000000142492354,2.989000141969882,13.90000020712614,-280.0,0.0,0.0,-7.2519001960754395,0.0,0.0,0.0,1.0,50.0,1050.0,164.0,98.0,0.0,11.0,0.0,0.0,11.0,12.0,1878.0,127.17832946777344,0.0,0.0,0.0,0.0,0.0,0.0,0.0,0.0,0.0,0.0,0.0,0.0,0.0,0.0,0.0,0.0,14.0,0.0,0.0,0.0,2.0,0
89.60199737548828,28.0,886.0,49.0,43414.0,0.0,0.0,0.0,44.0,66.0,9.0,0.0,100.0,100.0,100.0,103.0,100.0,103.0,100.0,50.0,50.0,0.0,3.208000152371824,3.208000152371824,3.208000152371824,3.208000152371824,14.70000021904707,1.0,2.3685734272003174,0.0,0.0,14.0,3.000000142492354,3.0190001433948055,13.90000020712614,0.0,0.0,0.0,-7.1068620681762695,0.0,0.0,0.0,1.0,60.0,1050.0,164.0,98.0,0.0,11.0,0.0,0.0,11.0,12.0,1878.0,127.17832946777344,0.0,0.0,0.0,0.0,0.0,0.0,0.0,0.0,0.0,0.0,0.0,0.0,0.0,0.0,0.0,0.0,14.0,0.0,0.0,0.0,2.0,0
89.66799926757812,28.0,854.0,51.0,43554.0,0.0,0.0,0.0,44.0,66.0,9.0,0.0,100.0,100.0,100.0,103.0,100.0,103.0,100.0,50.0,50.0,0.0,3.282000155886635,3.282000155886635,3.282000155886635,3.282000155886635,14.70000021904707,1.0,2.3356900215148926,0.0,0.0,14.0,3.000000142492354,2.9860001418273896,13.90000020712614,0.0,0.0,0.0,-6.81678581237793,0.0,0.0,0.0,1.0,60.0,1050.0,196.0,98.0,0.0,11.0,0.0,0.0,11.0,12.0,1878.0,131.94378662109375,0.0,0.0,0.0,0.0,0.0,0.0,0.0,0.0,0.0,0.0,0.0,0.0,0.0,0.0,0.0,0.0,14.0,0.0,0.0,0.0,2.0,0
89.73500061035156,29.0,854.0,53.0,45262.0,0.0,0.0,0.0,44.0,66.0,9.0,0.0,100.0,100.0,100.0,103.0,100.0,103.0,100.0,50.0,50.0,0.0,3.392000161111355,3.392000161111355,3.392000161111355,3.392000161111355,14.70000021904707,1.0,2.413973331451416,0.0,0.0,14.0,3.000000142492354,3.0150001432048157,13.90000020712614,-320.0,0.0,0.0,-6.526710033416748,0.0,0.0,0.0,1.0,60.0,1050.0,196.0,98.0,0.0,11.0,0.0,0.0,11.0,12.0,1865.0,131.0304412841797,0.0,0.0,0.0,0.0,0.0,0.0,0.0,0.0,0.0,0.0,0.0,0.0,0.0,0.0,0.0,0.0,14.0,0.0,0.0,0.0,2.0,0
89.8030014038086,29.0,833.0,54.0,44982.0,0.0,0.0,0.0,44.0,66.0,9.0,0.0,100.0,100.0,100.0,103.0,100.0,103.0,100.0,50.0,50.0,0.0,3.428000162821263,3.428000162821263,3.428000162821263,3.428000162821263,14.70000021904707,1.0,2.379603385925293,0.0,0.0,14.0,3.000000142492354,3.1390001490944996,13.90000020712614,-210.0,0.0,0.0,-6.381671905517578,0.0,0.0,0.0,1.0,60.0,1050.0,217.0,98.0,0.0,11.0,0.0,0.0,11.0,12.0,1865.0,134.333740234375,0.0,0.0,0.0,0.0,0.0,0.0,0.0,0.0,0.0,0.0,0.0,0.0,0.0,0.0,0.0,0.0,14.0,0.0,0.0,0.0,2.0,0
89.86900329589844,29.0,833.0,54.0,44982.0,0.0,0.0,0.0,44.0,66.0,9.0,0.0,100.0,100.0,100.0,103.0,100.0,103.0,100.0,50.0,50.0,0.0,3.428000162821263,3.428000162821263,3.428000162821263,3.428000162821263,14.70000021904707,1.0,2.379603385925293,0.0,0.0,14.0,3.000000142492354,3.018000143347308,13.90000020712614,-210.0,0.0,0.0,-6.381671905517578,0.0,0.0,0.0,1.0,60.0,1050.0,217.0,98.0,0.0,11.0,0.0,0.0,11.0,12.0,1865.0,134.333740234375,0.0,0.0,0.0,0.0,0.0,0.0,0.0,0.0,0.0,0.0,0.0,0.0,0.0,0.0,0.0,0.0,14.0,0.0,0.0,0.0,2.0,0
89.93399810791016,29.0,827.0,54.0,44658.0,0.0,0.0,0.0,44.0,66.0,9.0,0.0,100.0,100.0,100.0,103.0,100.0,103.0,100.0,50.0,50.0,0.0,3.428000162821263,3.428000162821263,3.428000162821263,3.428000162821263,14.70000021904707,1.0,2.3624632358551025,0.0,0.0,14.0,3.000000142492354,3.1320001487620175,13.90000020712614,0.0,0.0,0.0,-6.381671905517578,0.0,0.0,0.0,1.0,70.0,1050.0,223.0,98.0,0.0,11.0,0.0,0.0,11.0,12.0,1865.0,135.308349609375,0.0,0.0,0.0,0.0,0.0,0.0,0.0,0.0,0.0,0.0,0.0,0.0,0.0,0.0,0.0,0.0,14.0,0.0,0.0,0.0,2.0,0
90.0,29.0,827.0,57.0,47139.0,0.0,0.0,0.0,44.0,66.0,9.0,0.0,100.0,100.0,100.0,103.0,100.0,103.0,100.0,50.0,50.0,0.0,3.5750001698033884,3.5750001698033884,3.5750001698033884,3.5750001698033884,14.70000021904707,1.0,2.463770866394043,0.0,0.0,14.0,3.000000142492354,3.0500001448672265,13.90000020712614,-60.0,0.0,0.0,-5.946557998657227,0.0,0.0,0.0,1.0,70.0,1050.0,223.0,98.0,0.0,11.0,0.0,0.0,11.0,12.0,1865.0,135.308349609375,0.0,0.0,0.0,0.0,0.0,0.0,0.0,0.0,0.0,0.0,0.0,0.0,0.0,0.0,0.0,0.0,14.0,0.0,0.0,0.0,2.0,0
90.06500244140625,29.0,841.0,58.0,48778.0,0.0,0.0,0.0,44.0,66.0,9.0,0.0,100.0,100.0,100.0,103.0,100.0,103.0,100.0,50.0,50.0,0.0,3.612000171560794,3.612000171560794,3.612000171560794,3.612000171560794,14.70000021904707,1.0,2.531409978866577,0.0,0.0,14.0,3.000000142492354,3.104000147432089,13.90000020712614,-60.0,0.0,0.0,-5.801519870758057,0.0,0.0,0.0,1.0,70.0,1050.0,209.0,98.0,0.0,11.0,0.0,0.0,11.0,12.0,1865.0,133.05589294433594,0.0,0.0,0.0,0.0,0.0,0.0,0.0,0.0,0.0,0.0,0.0,0.0,0.0,0.0,0.0,0.0,14.0,0.0,0.0,0.0,2.0,0
90.13500213623047,29.0,841.0,58.0,48778.0,0.0,0.0,0.0,44.0,66.0,9.0,0.0,100.0,100.0,100.0,103.0,100.0,103.0,100.0,50.0,50.0,0.0,3.612000171560794,3.612000171560794,3.612000171560794,3.612000171560794,14.70000021904707,1.0,2.531409978866577,0.0,0.0,14.0,3.000000142492354,3.0450001446297392,13.90000020712614,140.0,0.0,0.0,-5.801519870758057,0.0,0.0,0.0,1.0,70.0,1050.0,209.0,98.0,0.0,11.0,0.0,0.0,11.0,12.0,1865.0,133.05589294433594,0.0,0.0,0.0,0.0,0.0,0.0,0.0,0.0,0.0,0.0,0.0,0.0,0.0,0.0,0.0,0.0,14.0,0.0,0.0,0.0,2.0,0
90.20099639892578,29.0,871.0,58.0,50518.0,0.0,0.0,0.0,44.0,66.0,9.0,0.0,100.0,100.0,100.0,103.0,100.0,103.0,100.0,50.0,50.0,0.0,3.612000171560794,3.612000171560794,3.612000171560794,3.612000171560794,14.70000021904707,1.0,2.6217100620269775,0.0,0.0,14.0,3.000000142492354,3.3230001578340307,14.000000208616257,300.0,0.0,0.0,-5.801519870758057,0.0,0.0,0.0,1.0,67.0,1050.0,179.0,98.0,0.0,11.0,0.0,0.0,11.0,12.0,1865.0,128.4730224609375,0.0,0.0,0.0,0.0,0.0,0.0,0.0,0.0,0.0,0.0,0.0,0.0,0.0,0.0,0.0,0.0,14.0,0.0,0.0,0.0,2.0,0
90.26699829101562,29.0,871.0,58.0,50518.0,0.0,0.0,0.0,44.0,66.0,9.0,0.0,100.0,100.0,100.0,103.0,100.0,103.0,100.0,50.0,50.0,0.0,3.612000171560794,3.612000171560794,3.612000171560794,3.612000171560794,14.70000021904707,1.0,2.6217100620269775,0.0,0.0,14.0,3.000000142492354,3.0830001464346424,14.000000208616257,300.0,0.0,0.0,-5.801519870758057,0.0,0.0,0.0,1.0,67.0,1050.0,179.0,98.0,0.0,11.0,0.0,0.0,11.0,12.0,1865.0,128.4730224609375,0.0,0.0,0.0,0.0,0.0,0.0,0.0,0.0,0.0,0.0,0.0,0.0,0.0,0.0,0.0,0.0,14.0,0.0,0.0,0.0,2.0,0
90.33599853515625,29.0,917.0,56.0,51352.0,0.0,0.0,0.0,44.0,66.0,9.0,0.0,100.0,100.0,100.0,103.0,100.0,103.0,100.0,50.0,50.0,0.0,3.5380001680459827,3.5380001680459827,3.5380001680459827,3.5380001680459827,14.70000021904707,1.0,2.7036216259002686,0.0,0.0,14.0,3.000000142492354,3.200000151991844,14.000000208616257,0.0,0.0,0.0,-6.0915961265563965,0.0,0.0,0.0,1.0,67.0,1050.0,133.0,98.0,0.0,11.0,0.0,0.0,11.0,12.0,1865.0,122.02835083007812,0.0,0.0,0.0,0.0,0.0,0.0,0.0,0.0,0.0,0.0,0.0,0.0,0.0,0.0,0.0,0.0,14.0,0.0,0.0,0.0,2.0,0
90.4020004272461,29.0,917.0,56.0,51352.0,0.0,0.0,0.0,44.0,66.0,9.0,0.0,100.0,100.0,100.0,103.0,100.0,103.0,100.0,50.0,50.0,0.0,3.5380001680459827,3.5380001680459827,3.5380001680459827,3.5380001680459827,14.70000021904707,1.0,2.7036216259002686,0.0,0.0,14.0,3.000000142492354,3.064000145532191,14.000000208616257,460.0,0.0,0.0,-6.0915961265563965,0.0,0.0,0.0,1.0,67.0,1050.0,133.0,98.0,0.0,11.0,0.0,0.0,11.0,12.0,1865.0,122.02835083007812,0.0,0.0,0.0,0.0,0.0,0.0,0.0,0.0,0.0,0.0,0.0,0.0,0.0,0.0,0.0,0.0,14.0,0.0,0.0,0.0,2.0,0
90.46600341796875,29.0,963.0,54.0,52002.0,0.0,0.0,0.0,44.0,66.0,9.0,0.0,100.0,100.0,100.0,103.0,100.0,103.0,100.0,50.0,50.0,0.0,3.428000162821263,3.428000162821263,3.428000162821263,3.428000162821263,14.70000021904707,1.0,2.750969886779785,0.0,0.0,13.0,3.000000142492354,3.051000144914724,14.000000208616257,460.0,0.0,0.0,-6.381671905517578,0.0,0.0,0.0,1.0,67.0,1050.0,87.0,98.0,0.0,11.0,0.0,0.0,11.0,12.0,1865.0,116.19937896728516,0.0,0.0,0.0,0.0,0.0,0.0,0.0,0.0,0.0,0.0,0.0,0.0,0.0,0.0,0.0,0.0,13.0,0.0,0.0,0.0,2.0,0
90.53399658203125,29.0,963.0,54.0,52002.0,0.0,0.0,0.0,44.0,66.0,9.0,0.0,100.0,100.0,100.0,103.0,100.0,103.0,100.0,50.0,50.0,0.0,3.428000162821263,3.428000162821263,3.428000162821263,3.428000162821263,14.70000021904707,1.0,2.750969886779785,0.0,0.0,13.0,3.000000142492354,3.018000143347308,14.000000208616257,460.0,0.0,0.0,-6.381671905517578,0.0,0.0,0.0,1.0,56.0,1050.0,87.0,98.0,0.0,11.0,0.0,0.0,11.0,12.0,1865.0,116.19937896728516,0.0,0.0,0.0,0.0,0.0,0.0,0.0,0.0,0.0,0.0,0.0,0.0,0.0,0.0,0.0,0.0,13.0,0.0,0.0,0.0,2.0,0
90.60199737548828,29.0,991.0,51.0,50541.0,0.0,0.0,0.0,44.0,66.0,9.0,0.0,100.0,100.0,100.0,103.0,100.0,103.0,100.0,50.0,50.0,0.0,3.282000155886635,3.282000155886635,3.282000155886635,3.282000155886635,14.70000021904707,1.0,2.7103850841522217,0.0,0.0,13.0,3.000000142492354,3.1650001503294334,14.000000208616257,280.0,0.0,0.0,-6.81678581237793,0.0,0.0,0.0,1.0,56.0,1050.0,59.0,98.0,0.0,11.0,0.0,0.0,11.0,12.0,1865.0,112.91624450683594,0.0,0.0,0.0,0.0,0.0,0.0,0.0,0.0,0.0,0.0,0.0,0.0,0.0,0.0,0.0,0.0,13.0,0.0,0.0,0.0,2.0,0
90.66899871826172,29.0,991.0,50.0,49550.0,0.0,0.0,0.0,44.0,66.0,9.0,0.0,100.0,100.0,100.0,103.0,100.0,103.0,100.0,50.0,50.0,0.0,3.246000154176727,3.246000154176727,3.246000154176727,3.246000154176727,14.70000021904707,1.0,2.680655002593994,0.0,0.0,13.0,3.000000142492354,3.0170001432998106,14.000000208616257,280.0,0.0,0.0,-6.9618239402771,0.0,0.0,0.0,1.0,56.0,1050.0,59.0,98.0,0.0,11.0,0.0,0.0,11.0,12.0,1865.0,112.91624450683594,0.0,0.0,0.0,0.0,0.0,0.0,0.0,0.0,0.0,0.0,0.0,0.0,0.0,0.0,0.0,0.0,13.0,0.0,0.0,0.0,2.0,0
90.73699951171875,30.0,1001.0,49.0,49049.0,0.0,0.0,0.0,44.0,66.0,9.0,0.0,100.0,100.0,100.0,103.0,100.0,103.0,100.0,50.0,50.0,0.0,3.208000152371824,3.208000152371824,3.208000152371824,3.208000152371824,14.70000021904707,1.0,2.676006555557251,0.0,0.0,13.0,3.000000142492354,3.060000145342201,14.000000208616257,100.0,0.0,0.0,-7.1068620681762695,0.0,0.0,0.0,1.0,56.0,1050.0,49.0,98.0,0.0,11.0,0.0,0.0,11.0,12.0,1869.0,112.02796936035156,0.0,0.0,0.0,0.0,0.0,0.0,0.0,0.0,0.0,0.0,0.0,0.0,0.0,0.0,0.0,0.0,13.0,0.0,0.0,0.0,2.0,0
90.80400085449219,30.0,991.0,49.0,48559.0,0.0,0.0,0.0,44.0,66.0,9.0,0.0,100.0,100.0,100.0,103.0,100.0,103.0,100.0,50.0,50.0,0.0,3.208000152371824,3.208000152371824,3.208000152371824,3.208000152371824,14.70000021904707,1.0,2.64927339553833,0.0,0.0,13.0,3.000000142492354,3.016000143252313,14.000000208616257,100.0,0.0,0.0,-7.1068620681762695,0.0,0.0,0.0,1.0,56.0,1050.0,59.0,98.0,0.0,11.0,0.0,0.0,11.0,12.0,1869.0,113.1584243774414,0.0,0.0,0.0,0.0,0.0,0.0,0.0,0.0,0.0,0.0,0.0,0.0,0.0,0.0,0.0,0.0,13.0,0.0,0.0,0.0,2.0,0
90.86900329589844,30.0,991.0,48.0,47568.0,0.0,0.0,0.0,44.0,66.0,9.0,0.0,100.0,100.0,100.0,103.0,100.0,103.0,100.0,50.0,50.0,0.0,3.13500014890451,3.13500014890451,3.13500014890451,3.13500014890451,14.70000021904707,1.0,2.5889875888824463,0.0,0.0,13.0,3.000000142492354,3.022000143537298,14.000000208616257,-100.0,0.0,0.0,-7.2519001960754395,0.0,0.0,0.0,1.0,53.0,1050.0,59.0,98.0,0.0,11.0,0.0,0.0,11.0,12.0,1869.0,113.1584243774414,0.0,0.0,0.0,0.0,0.0,0.0,0.0,0.0,0.0,0.0,0.0,0.0,0.0,0.0,0.0,0.0,13.0,0.0,0.0,0.0,2.0,0
90.93800354003906,30.0,970.0,48.0,46560.0,0.0,0.0,0.0,44.0,66.0,9.0,0.0,100.0,100.0,100.0,103.0,100.0,103.0,100.0,50.0,50.0,0.0,3.13500014890451,3.13500014890451,3.13500014890451,3.13500014890451,14.70000021904707,1.0,2.5341250896453857,0.0,0.0,13.0,3.000000142492354,2.9480001400224864,14.000000208616257,0.0,0.0,0.0,-7.2519001960754395,0.0,0.0,0.0,1.0,53.0,1050.0,80.0,98.0,0.0,11.0,0.0,0.0,11.0,12.0,1869.0,115.60824584960938,0.0,0.0,0.0,0.0,0.0,0.0,0.0,0.0,0.0,0.0,0.0,0.0,0.0,0.0,0.0,0.0,13.0,0.0,0.0,0.0,2.0,0
91.00399780273438,30.0,970.0,48.0,46560.0,0.0,0.0,0.0,44.0,66.0,9.0,0.0,100.0,100.0,100.0,103.0,100.0,103.0,100.0,50.0,50.0,0.0,3.13500014890451,3.13500014890451,3.13500014890451,3.13500014890451,14.70000021904707,1.0,2.5341250896453857,0.0,0.0,13.0,3.000000142492354,3.0080001428723335,14.000000208616257,0.0,0.0,0.0,-7.2519001960754395,0.0,0.0,0.0,1.0,53.0,1050.0,80.0,98.0,0.0,11.0,0.0,0.0,11.0,12.0,1869.0,115.60824584960938,0.0,0.0,0.0,0.0,0.0,0.0,0.0,0.0,0.0,0.0,0.0,0.0,0.0,0.0,0.0,0.0,13.0,0.0,0.0,0.0,2.0,0
91.06900024414062,30.0,947.0,48.0,45456.0,0.0,0.0,0.0,44.0,66.0,9.0,0.0,100.0,100.0,100.0,103.0,100.0,103.0,100.0,50.0,50.0,0.0,3.13500014890451,3.13500014890451,3.13500014890451,3.13500014890451,14.70000021904707,1.0,2.4740374088287354,0.0,0.0,14.0,3.000000142492354,2.9730001412099227,14.000000208616257,-210.0,0.0,0.0,-7.2519001960754395,0.0,0.0,0.0,1.0,53.0,1050.0,103.0,98.0,0.0,11.0,0.0,0.0,11.0,12.0,1869.0,118.41605377197266,0.0,0.0,0.0,0.0,0.0,0.0,0.0,0.0,0.0,0.0,0.0,0.0,0.0,0.0,0.0,0.0,14.0,0.0,0.0,0.0,2.0,0
91.13500213623047,30.0,947.0,48.0,45456.0,0.0,0.0,0.0,44.0,66.0,9.0,0.0,100.0,100.0,100.0,103.0,100.0,103.0,100.0,50.0,50.0,0.0,3.13500014890451,3.13500014890451,3.13500014890451,3.13500014890451,14.70000021904707,1.0,2.4740374088287354,0.0,0.0,14.0,3.000000142492354,3.013000143109821,14.000000208616257,-230.0,0.0,0.0,-7.2519001960754395,0.0,0.0,0.0,1.0,61.0,1050.0,103.0,98.0,0.0,11.0,0.0,0.0,11.0,12.0,1869.0,118.41605377197266,0.0,0.0,0.0,0.0,0.0,0.0,0.0,0.0,0.0,0.0,0.0,0.0,0.0,0.0,0.0,0.0,14.0,0.0,0.0,0.0,2.0,0
91.19999694824219,30.0,924.0,49.0,45276.0,0.0,0.0,0.0,44.0,66.0,9.0,0.0,100.0,100.0,100.0,103.0,100.0,103.0,100.0,50.0,50.0,0.0,3.208000152371824,3.208000152371824,3.208000152371824,3.208000152371824,14.70000021904707,1.0,2.4701600074768066,0.0,0.0,14.0,3.000000142492354,3.0150001432048157,14.000000208616257,-230.0,0.0,0.0,-7.1068620681762695,0.0,0.0,0.0,1.0,61.0,1050.0,126.0,98.0,0.0,11.0,0.0,0.0,11.0,12.0,1869.0,121.36363983154297,0.0,0.0,0.0,0.0,0.0,0.0,0.0,0.0,0.0,0.0,0.0,0.0,0.0,0.0,0.0,0.0,14.0,0.0,0.0,0.0,2.0,0
91.2699966430664,30.0,924.0,50.0,46200.0,0.0,0.0,0.0,44.0,66.0,9.0,0.0,100.0,100.0,100.0,103.0,100.0,103.0,100.0,50.0,50.0,0.0,3.246000154176727,3.246000154176727,3.246000154176727,3.246000154176727,14.70000021904707,1.0,2.499419927597046,0.0,0.0,14.0,3.000000142492354,3.020000143442303,14.000000208616257,-230.0,0.0,0.0,-6.9618239402771,0.0,0.0,0.0,1.0,61.0,1050.0,126.0,98.0,0.0,11.0,0.0,0.0,11.0,12.0,1869.0,121.36363983154297,0.0,0.0,0.0,0.0,0.0,0.0,0.0,0.0,0.0,0.0,0.0,0.0,0.0,0.0,0.0,0.0,14.0,0.0,0.0,0.0,2.0,0
91.33599853515625,30.0,903.0,51.0,46053.0,0.0,0.0,0.0,44.0,66.0,9.0,0.0,100.0,100.0,100.0,103.0,100.0,103.0,100.0,50.0,50.0,0.0,3.282000155886635,3.282000155886635,3.282000155886635,3.282000155886635,14.70000021904707,1.0,2.469705104827881,0.0,0.0,14.0,3.000000142492354,2.8570001357002184,14.000000208616257,-210.0,0.0,0.0,-6.81678581237793,0.0,0.0,0.0,1.0,61.0,1050.0,147.0,98.0,0.0,11.0,0.0,0.0,11.0,12.0,1869.0,124.18604278564453,0.0,0.0,0.0,0.0,0.0,0.0,0.0,0.0,0.0,0.0,0.0,0.0,0.0,0.0,0.0,0.0,14.0,0.0,0.0,0.0,2.0,0
91.33599853515625,30.0,903.0,52.0,46956.0,0.0,0.0,0.0,44.0,66.0,9.0,0.0,100.0,100.0,100.0,103.0,100.0,103.0,100.0,50.0,50.0,0.0,3.355000159353949,3.355000159353949,3.355000159353949,3.355000159353949,14.70000021904707,1.0,2.524637460708618,0.0,0.0,14.0,3.000000142492354,3.007000142824836,14.000000208616257,-210.0,0.0,0.0,-6.671748161315918,0.0,0.0,0.0,1.0,61.0,1050.0,147.0,98.0,0.0,11.0,0.0,0.0,11.0,12.0,1869.0,124.18604278564453,0.0,0.0,0.0,0.0,0.0,0.0,0.0,0.0,0.0,0.0,0.0,0.0,0.0,0.0,0.0,0.0,14.0,0.0,0.0,0.0,2.0,0
91.46600341796875,30.0,895.0,53.0,47435.0,0.0,0.0,0.0,44.0,66.0,9.0,0.0,100.0,100.0,100.0,103.0,100.0,103.0,100.0,50.0,50.0,0.0,3.392000161111355,3.392000161111355,3.392000161111355,3.392000161111355,14.70000021904707,1.0,2.5298666954040527,0.0,0.0,14.0,3.000000142492354,3.093000146909617,14.000000208616257,0.0,0.0,0.0,-6.526710033416748,0.0,0.0,0.0,1.0,68.0,1050.0,155.0,98.0,0.0,11.0,0.0,0.0,11.0,12.0,1869.0,125.29608917236328,0.0,0.0,0.0,0.0,0.0,0.0,0.0,0.0,0.0,0.0,0.0,0.0,0.0,0.0,0.0,0.0,14.0,0.0,0.0,0.0,2.0,0
91.46600341796875,30.0,895.0,54.0,48330.0,0.0,0.0,0.0,44.0,66.0,9.0,0.0,100.0,100.0,100.0,103.0,100.0,103.0,100.0,50.0,50.0,0.0,3.428000162821263,3.428000162821263,3.428000162821263,3.428000162821263,14.70000021904707,1.0,2.5567166805267334,0.0,0.0,14.0,3.000000142492354,3.0280001438222826,14.000000208616257,-80.0,0.0,0.0,-6.381671905517578,0.0,0.0,0.0,1.0,68.0,1050.0,155.0,98.0,0.0,11.0,0.0,0.0,11.0,12.0,1869.0,125.29608917236328,0.0,0.0,0.0,0.0,0.0,0.0,0.0,0.0,0.0,0.0,0.0,0.0,0.0,0.0,0.0,0.0,14.0,0.0,0.0,0.0,2.0,0
91.60199737548828,30.0,900.0,55.0,49500.0,0.0,0.0,0.0,44.0,66.0,9.0,0.0,100.0,100.0,100.0,103.0,100.0,103.0,100.0,50.0,50.0,0.0,3.4650001645786688,3.4650001645786688,3.4650001645786688,3.4650001645786688,14.70000021904707,1.0,2.598750114440918,0.0,0.0,14.0,3.000000142492354,3.0300001439172775,14.000000208616257,-80.0,0.0,0.0,-6.236633777618408,0.0,0.0,0.0,1.0,68.0,1050.0,150.0,98.0,0.0,11.0,0.0,0.0,11.0,12.0,1869.0,124.5999984741211,0.0,0.0,0.0,0.0,0.0,0.0,0.0,0.0,0.0,0.0,0.0,0.0,0.0,0.0,0.0,0.0,14.0,0.0,0.0,0.0,2.0,0
91.66699981689453,30.0,900.0,55.0,49500.0,0.0,0.0,0.0,44.0,66.0,9.0,0.0,100.0,100.0,100.0,103.0,100.0,103.0,100.0,50.0,50.0,0.0,3.4650001645786688,3.4650001645786688,3.4650001645786688,3.4650001645786688,14.70000021904707,1.0,2.598750114440918,0.0,0.0,14.0,3.000000142492354,3.03300014405977,14.000000208616257,50.0,0.0,0.0,-6.236633777618408,0.0,0.0,0.0,1.0,68.0,1050.0,150.0,98.0,0.0,11.0,0.0,0.0,11.0,12.0,1869.0,124.5999984741211,0.0,0.0,0.0,0.0,0.0,0.0,0.0,0.0,0.0,0.0,0.0,0.0,0.0,0.0,0.0,0.0,14.0,0.0,0.0,0.0,2.0,0
91.73400115966797,31.0,913.0,55.0,50215.0,0.0,0.0,0.0,44.0,66.0,9.0,0.0,100.0,100.0,100.0,103.0,100.0,103.0,100.0,50.0,50.0,0.0,3.4650001645786688,3.4650001645786688,3.4650001645786688,3.4650001645786688,14.70000021904707,1.0,2.6362874507904053,0.0,0.0,14.0,3.000000142492354,3.2030001521343365,14.000000208616257,130.0,0.0,0.0,-6.236633777618408,0.0,0.0,0.0,1.0,68.0,1050.0,137.0,98.0,0.0,11.0,0.0,0.0,11.0,12.0,1871.0,122.95728302001953,0.0,0.0,0.0,0.0,0.0,0.0,0.0,0.0,0.0,0.0,0.0,0.0,0.0,0.0,0.0,0.0,14.0,0.0,0.0,0.0,2.0,0
91.802001953125,31.0,913.0,55.0,50215.0,0.0,0.0,0.0,44.0,66.0,9.0,0.0,100.0,100.0,100.0,103.0,100.0,103.0,100.0,50.0,50.0,0.0,3.4650001645786688,3.4650001645786688,3.4650001645786688,3.4650001645786688,14.70000021904707,1.0,2.6362874507904053,0.0,0.0,14.0,3.000000142492354,3.0350001441547647,14.000000208616257,130.0,0.0,0.0,-6.236633777618408,0.0,0.0,0.0,1.0,68.0,1050.0,137.0,98.0,0.0,11.0,0.0,0.0,11.0,12.0,1871.0,122.95728302001953,0.0,0.0,0.0,0.0,0.0,0.0,0.0,0.0,0.0,0.0,0.0,0.0,0.0,0.0,0.0,0.0,14.0,0.0,0.0,0.0,2.0,0
91.86699676513672,31.0,939.0,55.0,51645.0,0.0,0.0,0.0,44.0,66.0,9.0,0.0,100.0,100.0,100.0,103.0,100.0,103.0,100.0,50.0,50.0,0.0,3.4650001645786688,3.4650001645786688,3.4650001645786688,3.4650001645786688,14.70000021904707,1.0,2.711362600326538,0.0,0.0,14.0,3.000000142492354,3.206000152276829,14.000000208616257,0.0,0.0,0.0,-6.236633777618408,0.0,0.0,0.0,1.0,68.0,1050.0,111.0,98.0,0.0,11.0,0.0,0.0,11.0,12.0,1871.0,119.55271911621094,0.0,0.0,0.0,0.0,0.0,0.0,0.0,0.0,0.0,0.0,0.0,0.0,0.0,0.0,0.0,0.0,14.0,0.0,0.0,0.0,2.0,0
91.93299865722656,31.0,939.0,55.0,51645.0,0.0,0.0,0.0,44.0,66.0,9.0,0.0,100.0,100.0,100.0,103.0,100.0,103.0,100.0,50.0,50.0,0.0,3.4650001645786688,3.4650001645786688,3.4650001645786688,3.4650001645786688,14.70000021904707,1.0,2.711362600326538,0.0,0.0,14.0,3.000000142492354,3.053000145009719,14.000000208616257,260.0,0.0,0.0,-6.236633777618408,0.0,0.0,0.0,1.0,68.0,1050.0,111.0,98.0,0.0,11.0,0.0,0.0,11.0,12.0,1871.0,119.55271911621094,0.0,0.0,0.0,0.0,0.0,0.0,0.0,0.0,0.0,0.0,0.0,0.0,0.0,0.0,0.0,0.0,14.0,0.0,0.0,0.0,2.0,0
92.00299835205078,31.0,962.0,54.0,51948.0,0.0,0.0,0.0,44.0,66.0,9.0,0.0,100.0,100.0,100.0,103.0,100.0,103.0,100.0,50.0,50.0,0.0,3.428000162821263,3.428000162821263,3.428000162821263,3.428000162821263,14.70000021904707,1.0,2.7481133937835693,0.0,0.0,13.0,3.000000142492354,3.2300001534167677,14.000000208616257,260.0,0.0,0.0,-6.381671905517578,0.0,0.0,0.0,1.0,68.0,1050.0,88.0,98.0,0.0,11.0,0.0,0.0,11.0,12.0,1871.0,116.69438934326172,0.0,0.0,0.0,0.0,0.0,0.0,0.0,0.0,0.0,0.0,0.0,0.0,0.0,0.0,0.0,0.0,13.0,0.0,0.0,0.0,2.0,0
92.06800079345703,31.0,962.0,54.0,51948.0,0.0,0.0,0.0,44.0,66.0,9.0,0.0,100.0,100.0,100.0,103.0,100.0,103.0,100.0,50.0,50.0,0.0,3.428000162821263,3.428000162821263,3.428000162821263,3.428000162821263,14.70000021904707,1.0,2.7481133937835693,0.0,0.0,13.0,3.000000142492354,3.0150001432048157,14.000000208616257,230.0,0.0,0.0,-6.381671905517578,0.0,0.0,0.0,1.0,63.0,1050.0,88.0,98.0,0.0,11.0,0.0,0.0,11.0,12.0,1871.0,116.69438934326172,0.0,0.0,0.0,0.0,0.0,0.0,0.0,0.0,0.0,0.0,0.0,0.0,0.0,0.0,0.0,0.0,13.0,0.0,0.0,0.0,2.0,0
92.13400268554688,31.0,988.0,53.0,52364.0,0.0,0.0,0.0,44.0,66.0,9.0,0.0,100.0,100.0,100.0,103.0,100.0,103.0,100.0,50.0,50.0,0.0,3.392000161111355,3.392000161111355,3.392000161111355,3.392000161111355,14.70000021904707,1.0,2.7927467823028564,0.0,0.0,13.0,3.000000142492354,3.202000152086839,14.000000208616257,260.0,0.0,0.0,-6.526710033416748,0.0,0.0,0.0,1.0,63.0,1050.0,62.0,98.0,0.0,11.0,0.0,0.0,11.0,12.0,1871.0,113.62348175048828,0.0,0.0,0.0,0.0,0.0,0.0,0.0,0.0,0.0,0.0,0.0,0.0,0.0,0.0,0.0,0.0,13.0,0.0,0.0,0.0,2.0,0
92.20099639892578,31.0,999.0,52.0,51948.0,0.0,0.0,0.0,44.0,66.0,9.0,0.0,100.0,100.0,100.0,103.0,100.0,103.0,100.0,50.0,50.0,0.0,3.355000159353949,3.355000159353949,3.355000159353949,3.355000159353949,14.70000021904707,1.0,2.7930374145507812,0.0,0.0,13.0,3.000000142492354,3.018000143347308,14.000000208616257,260.0,0.0,0.0,-6.671748161315918,0.0,0.0,0.0,1.0,63.0,1050.0,51.0,98.0,0.0,11.0,0.0,0.0,11.0,12.0,1871.0,112.37237548828125,0.0,0.0,0.0,0.0,0.0,0.0,0.0,0.0,0.0,0.0,0.0,0.0,0.0,0.0,0.0,0.0,13.0,0.0,0.0,0.0,2.0,0
92.2699966430664,31.0,999.0,51.0,50949.0,0.0,0.0,0.0,44.0,66.0,9.0,0.0,100.0,100.0,100.0,103.0,100.0,103.0,100.0,50.0,50.0,0.0,3.282000155886635,3.282000155886635,3.282000155886635,3.282000155886635,14.70000021904707,1.0,2.732264995574951,0.0,0.0,13.0,3.000000142492354,3.0460001446772367,14.000000208616257,110.0,0.0,0.0,-6.81678581237793,0.0,0.0,0.0,1.0,63.0,1050.0,51.0,98.0,0.0,11.0,0.0,0.0,11.0,12.0,1871.0,112.37237548828125,0.0,0.0,0.0,0.0,0.0,0.0,0.0,0.0,0.0,0.0,0.0,0.0,0.0,0.0,0.0,0.0,13.0,0.0,0.0,0.0,2.0,0
92.33599853515625,31.0,995.0,50.0,49750.0,0.0,0.0,0.0,44.0,66.0,9.0,0.0,100.0,100.0,100.0,103.0,100.0,103.0,100.0,50.0,50.0,0.0,3.246000154176727,3.246000154176727,3.246000154176727,3.246000154176727,14.70000021904707,1.0,2.6914749145507812,0.0,0.0,13.0,3.000000142492354,3.160000150091946,14.000000208616257,-40.0,0.0,0.0,-6.9618239402771,0.0,0.0,0.0,1.0,60.0,1050.0,55.0,98.0,0.0,11.0,0.0,0.0,11.0,12.0,1871.0,112.8241195678711,0.0,0.0,0.0,0.0,0.0,0.0,0.0,0.0,0.0,0.0,0.0,0.0,0.0,0.0,0.0,0.0,13.0,0.0,0.0,0.0,2.0,0
92.4000015258789,31.0,995.0,50.0,49750.0,0.0,0.0,0.0,44.0,66.0,9.0,0.0,100.0,100.0,100.0,103.0,100.0,103.0,100.0,50.0,50.0,0.0,3.246000154176727,3.246000154176727,3.246000154176727,3.246000154176727,14.70000021904707,1.0,2.6914749145507812,0.0,0.0,13.0,3.000000142492354,3.0240001436322927,14.000000208616257,-40.0,0.0,0.0,-6.9618239402771,0.0,0.0,0.0,1.0,60.0,1050.0,55.0,98.0,0.0,11.0,0.0,0.0,11.0,12.0,1871.0,112.8241195678711,0.0,0.0,0.0,0.0,0.0,0.0,0.0,0.0,0.0,0.0,0.0,0.0,0.0,0.0,0.0,0.0,13.0,0.0,0.0,0.0,2.0,0
92.46700286865234,31.0,999.0,50.0,49950.0,0.0,0.0,0.0,44.0,66.0,9.0,0.0,100.0,100.0,100.0,103.0,100.0,103.0,100.0,50.0,50.0,0.0,3.246000154176727,3.246000154176727,3.246000154176727,3.246000154176727,14.70000021904707,1.0,2.7022950649261475,0.0,0.0,13.0,3.000000142492354,3.1360001489520073,14.000000208616257,0.0,0.0,0.0,-6.9618239402771,0.0,0.0,0.0,1.0,60.0,1050.0,51.0,98.0,0.0,11.0,0.0,0.0,11.0,12.0,1871.0,112.37237548828125,0.0,0.0,0.0,0.0,0.0,0.0,0.0,0.0,0.0,0.0,0.0,0.0,0.0,0.0,0.0,0.0,13.0,0.0,0.0,0.0,2.0,0
92.53500366210938,31.0,999.0,50.0,49950.0,0.0,0.0,0.0,44.0,66.0,9.0,0.0,100.0,100.0,100.0,103.0,100.0,103.0,100.0,50.0,50.0,0.0,3.246000154176727,3.246000154176727,3.246000154176727,3.246000154176727,14.70000021904707,1.0,2.7022950649261475,0.0,0.0,13.0,3.000000142492354,3.0100001429673284,14.000000208616257,40.0,0.0,0.0,-6.9618239402771,0.0,0.0,0.0,1.0,60.0,1050.0,51.0,98.0,0.0,11.0,0.0,0.0,11.0,12.0,1871.0,112.37237548828125,0.0,0.0,0.0,0.0,0.0,0.0,0.0,0.0,0.0,0.0,0.0,0.0,0.0,0.0,0.0,0.0,13.0,0.0,0.0,0.0,2.0,0
92.60199737548828,31.0,993.0,49.0,48657.0,0.0,0.0,0.0,44.0,66.0,9.0,0.0,100.0,100.0,100.0,103.0,100.0,103.0,100.0,50.0,50.0,0.0,3.208000152371824,3.208000152371824,3.208000152371824,3.208000152371824,14.70000021904707,1.0,2.6546199321746826,0.0,0.0,13.0,3.000000142492354,3.1520001497119665,14.000000208616257,40.0,0.0,0.0,-7.1068620681762695,0.0,0.0,0.0,1.0,60.0,1050.0,57.0,98.0,0.0,11.0,0.0,0.0,11.0,12.0,1871.0,113.05136108398438,0.0,0.0,0.0,0.0,0.0,0.0,0.0,0.0,0.0,0.0,0.0,0.0,0.0,0.0,0.0,0.0,13.0,0.0,0.0,0.0,2.0,0
92.66999816894531,31.0,993.0,49.0,48657.0,0.0,0.0,0.0,44.0,66.0,9.0,0.0,100.0,100.0,100.0,103.0,100.0,103.0,100.0,50.0,50.0,0.0,3.208000152371824,3.208000152371824,3.208000152371824,3.208000152371824,14.70000021904707,1.0,2.6546199321746826,0.0,0.0,13.0,3.000000142492354,3.0170001432998106,14.000000208616257,-60.0,0.0,0.0,-7.1068620681762695,0.0,0.0,0.0,1.0,61.0,1050.0,57.0,98.0,0.0,11.0,0.0,0.0,11.0,12.0,1871.0,113.05136108398438,0.0,0.0,0.0,0.0,0.0,0.0,0.0,0.0,0.0,0.0,0.0,0.0,0.0,0.0,0.0,0.0,13.0,0.0,0.0,0.0,2.0,0
92.73600006103516,32.0,1020.0,49.0,49980.0,0.0,0.0,0.0,44.0,66.0,9.0,0.0,100.0,100.0,100.0,103.0,100.0,103.0,100.0,50.0,50.0,0.0,3.208000152371824,3.208000152371824,3.208000152371824,3.208000152371824,14.70000021904707,1.0,2.726799964904785,0.0,0.0,13.0,3.000000142492354,3.255000154604204,14.000000208616257,270.0,0.0,0.0,-7.1068620681762695,0.0,0.0,0.0,1.0,61.0,1050.0,30.0,98.0,0.0,11.0,0.0,0.0,11.0,12.0,1867.0,109.82353210449219,0.0,0.0,0.0,0.0,0.0,0.0,0.0,0.0,0.0,0.0,0.0,0.0,0.0,0.0,0.0,0.0,13.0,0.0,0.0,0.0,2.0,0
92.8010025024414,32.0,1092.0,47.0,51324.0,0.0,0.0,0.0,44.0,66.0,9.0,0.0,100.0,100.0,100.0,103.0,100.0,103.0,100.0,50.0,50.0,0.0,3.098000147147104,3.098000147147104,3.098000147147104,3.098000147147104,14.70000021904707,1.0,2.8191800117492676,0.0,0.0,13.0,3.000000142492354,3.115000147954561,14.000000208616257,270.0,0.0,0.0,-7.396937847137451,0.0,0.0,0.0,1.0,61.0,1050.0,-42.0,98.0,0.0,11.0,0.0,0.0,11.0,12.0,1867.0,102.5824203491211,0.0,0.0,0.0,0.0,0.0,0.0,0.0,0.0,0.0,0.0,0.0,0.0,0.0,0.0,0.0,0.0,13.0,0.0,0.0,0.0,2.0,0
92.86699676513672,32.0,1092.0,47.0,51324.0,0.0,0.0,0.0,44.0,66.0,9.0,0.0,100.0,100.0,100.0,103.0,100.0,103.0,100.0,50.0,50.0,0.0,3.098000147147104,3.098000147147104,3.098000147147104,3.098000147147104,14.70000021904707,1.0,2.8191800117492676,0.0,0.0,13.0,3.000000142492354,3.031000143964775,14.000000208616257,720.0,0.0,0.0,-7.396937847137451,0.0,0.0,0.0,1.0,61.0,1050.0,-42.0,98.0,0.0,11.0,0.0,0.0,11.0,12.0,1867.0,102.5824203491211,0.0,0.0,0.0,0.0,0.0,0.0,0.0,0.0,0.0,0.0,0.0,0.0,0.0,0.0,0.0,0.0,13.0,0.0,0.0,0.0,2.0,0
92.86699676513672,32.0,1138.0,46.0,52348.0,0.0,0.0,0.0,44.0,66.0,9.0,0.0,100.0,100.0,100.0,103.0,100.0,103.0,100.0,50.0,50.0,0.0,3.062000145437196,3.062000145437196,3.062000145437196,3.062000145437196,14.70000021904707,1.0,2.903796672821045,0.0,0.0,13.0,3.000000142492354,3.23300015355926,14.000000208616257,460.0,0.0,0.0,-7.541975975036621,0.0,0.0,0.0,1.0,40.0,1050.0,-88.0,98.0,0.0,11.0,0.0,0.0,11.0,12.0,1867.0,98.43585205078125,0.0,0.0,0.0,0.0,0.0,0.0,0.0,0.0,0.0,0.0,0.0,0.0,0.0,0.0,0.0,0.0,13.0,0.0,0.0,0.0,2.0,0
93.00199890136719,32.0,1174.0,44.0,51656.0,0.0,0.0,0.0,44.0,66.0,9.0,0.0,100.0,100.0,100.0,103.0,100.0,103.0,100.0,50.0,50.0,0.0,2.9520001402124763,2.9520001402124763,2.9520001402124763,2.9520001402124763,14.70000021904707,1.0,2.888040065765381,0.0,0.0,13.0,3.000000142492354,3.0230001435847953,14.000000208616257,460.0,0.0,0.0,-7.832052230834961,0.0,0.0,0.0,1.0,40.0,1050.0,-124.0,98.0,0.0,11.0,0.0,0.0,11.0,12.0,1867.0,95.41737365722656,0.0,0.0,0.0,0.0,0.0,0.0,0.0,0.0,0.0,0.0,0.0,0.0,0.0,0.0,0.0,0.0,13.0,0.0,0.0,0.0,2.0,0
93.06800079345703,32.0,1174.0,41.0,48134.0,0.0,0.0,0.0,44.0,66.0,9.0,0.0,100.0,100.0,100.0,103.0,100.0,103.0,100.0,50.0,50.0,0.0,2.805000133230351,2.805000133230351,2.805000133230351,2.805000133230351,14.70000021904707,1.0,2.744225025177002,0.0,0.0,13.0,3.000000142492354,3.0300001439172775,14.000000208616257,360.0,0.0,0.0,-8.267166137695312,0.0,0.0,0.0,1.0,40.0,1050.0,-124.0,98.0,0.0,11.0,0.0,0.0,11.0,12.0,1867.0,95.41737365722656,0.0,0.0,0.0,0.0,0.0,0.0,0.0,0.0,0.0,0.0,0.0,0.0,0.0,0.0,0.0,0.0,13.0,0.0,0.0,0.0,2.0,0
93.13300323486328,32.0,1197.0,39.0,46683.0,0.0,0.0,0.0,44.0,66.0,9.0,0.0,100.0,100.0,100.0,103.0,100.0,103.0,100.0,50.0,50.0,0.0,2.732000129763037,2.732000129763037,2.732000129763037,2.732000129763037,14.70000021904707,1.0,2.7251698970794678,0.0,0.0,13.0,3.000000142492354,3.0040001426823437,14.000000208616257,360.0,0.0,0.0,-8.557242393493652,0.0,0.0,0.0,1.0,40.0,1050.0,-147.0,98.0,0.0,11.0,0.0,0.0,11.0,12.0,1867.0,93.5839614868164,0.0,0.0,0.0,0.0,0.0,0.0,0.0,0.0,0.0,0.0,0.0,0.0,0.0,0.0,0.0,0.0,13.0,0.0,0.0,0.0,2.0,0
93.2030029296875,32.0,1191.0,39.0,46449.0,0.0,0.0,0.0,44.0,66.0,9.0,0.0,100.0,100.0,100.0,103.0,100.0,103.0,100.0,50.0,50.0,0.0,2.732000129763037,2.732000129763037,2.732000129763037,2.732000129763037,14.70000021904707,1.0,2.711509943008423,0.0,0.0,13.0,3.000000142492354,2.892000137362629,14.000000208616257,230.0,0.0,0.0,-8.557242393493652,0.0,0.0,0.0,1.0,40.0,1050.0,-141.0,98.0,0.0,11.0,0.0,0.0,11.0,12.0,1867.0,94.05541229248047,0.0,0.0,0.0,0.0,0.0,0.0,0.0,0.0,0.0,0.0,0.0,0.0,0.0,0.0,0.0,0.0,13.0,0.0,0.0,0.0,2.0,0
93.2699966430664,32.0,1191.0,39.0,46449.0,0.0,0.0,0.0,44.0,66.0,9.0,0.0,100.0,100.0,100.0,103.0,100.0,103.0,100.0,50.0,50.0,0.0,2.732000129763037,2.732000129763037,2.732000129763037,2.732000129763037,14.70000021904707,1.0,2.711509943008423,0.0,0.0,13.0,3.000000142492354,3.0100001429673284,13.90000020712614,-60.0,0.0,0.0,-8.557242393493652,0.0,0.0,0.0,1.0,32.0,1050.0,-141.0,98.0,0.0,11.0,0.0,0.0,11.0,12.0,1867.0,94.05541229248047,0.0,0.0,0.0,0.0,0.0,0.0,0.0,0.0,0.0,0.0,0.0,0.0,0.0,0.0,0.0,0.0,13.0,0.0,0.0,0.0,2.0,0
93.33399963378906,32.0,1180.0,39.0,46020.0,0.0,0.0,0.0,44.0,66.0,9.0,0.0,100.0,100.0,100.0,103.0,100.0,103.0,100.0,50.0,50.0,0.0,2.732000129763037,2.732000129763037,2.732000129763037,2.732000129763037,14.70000021904707,1.0,2.686466693878174,0.0,0.0,13.0,3.000000142492354,2.92700013902504,13.90000020712614,-60.0,0.0,0.0,-8.557242393493652,0.0,0.0,0.0,1.0,32.0,1050.0,-130.0,98.0,0.0,11.0,0.0,0.0,11.0,12.0,1867.0,94.93220520019531,0.0,0.0,0.0,0.0,0.0,0.0,0.0,0.0,0.0,0.0,0.0,0.0,0.0,0.0,0.0,0.0,13.0,0.0,0.0,0.0,2.0,0
93.39900207519531,32.0,1163.0,39.0,45357.0,0.0,0.0,0.0,44.0,66.0,9.0,0.0,100.0,100.0,100.0,103.0,100.0,103.0,100.0,50.0,50.0,0.0,2.732000129763037,2.732000129763037,2.732000129763037,2.732000129763037,14.70000021904707,1.0,2.647763252258301,0.0,0.0,13.0,3.000000142492354,3.0140001431573182,13.90000020712614,-110.0,0.0,0.0,-8.557242393493652,0.0,0.0,0.0,1.0,32.0,1050.0,-113.0,98.0,0.0,11.0,0.0,0.0,11.0,12.0,1867.0,96.31986236572266,0.0,0.0,0.0,0.0,0.0,0.0,0.0,0.0,0.0,0.0,0.0,0.0,0.0,0.0,0.0,0.0,13.0,0.0,0.0,0.0,2.0,0
93.46900177001953,32.0,1163.0,39.0,45357.0,0.0,0.0,0.0,44.0,66.0,9.0,0.0,100.0,100.0,100.0,103.0,100.0,103.0,100.0,50.0,50.0,0.0,2.732000129763037,2.732000129763037,2.732000129763037,2.732000129763037,14.70000021904707,1.0,2.647763252258301,0.0,0.0,13.0,3.000000142492354,3.022000143537298,13.90000020712614,-170.0,0.0,0.0,-8.557242393493652,0.0,0.0,0.0,1.0,32.0,1050.0,-113.0,98.0,0.0,11.0,0.0,0.0,11.0,12.0,1867.0,96.31986236572266,0.0,0.0,0.0,0.0,0.0,0.0,0.0,0.0,0.0,0.0,0.0,0.0,0.0,0.0,0.0,0.0,13.0,0.0,0.0,0.0,2.0,0
93.53500366210938,32.0,1162.0,38.0,44156.0,0.0,0.0,0.0,44.0,66.0,9.0,0.0,100.0,100.0,100.0,103.0,100.0,103.0,100.0,50.0,50.0,0.0,2.6950001280056313,2.6950001280056313,2.6950001280056313,2.6950001280056313,14.70000021904707,1.0,2.6096582412719727,0.0,0.0,13.0,3.000000142492354,3.0210001434898004,13.90000020712614,-170.0,0.0,0.0,-8.702280044555664,0.0,0.0,0.0,1.0,32.0,1050.0,-112.0,98.0,0.0,11.0,0.0,0.0,11.0,12.0,1867.0,96.40275573730469,0.0,0.0,0.0,0.0,0.0,0.0,0.0,0.0,0.0,0.0,0.0,0.0,0.0,0.0,0.0,0.0,13.0,0.0,0.0,0.0,2.0,0
93.60399627685547,32.0,1162.0,38.0,44156.0,0.0,0.0,0.0,44.0,66.0,9.0,0.0,100.0,100.0,100.0,103.0,100.0,103.0,100.0,50.0,50.0,0.0,2.6950001280056313,2.6950001280056313,2.6950001280056313,2.6950001280056313,14.70000021904707,1.0,2.6096582412719727,0.0,0.0,13.0,3.000000142492354,3.016000143252313,13.90000020712614,-10.0,0.0,0.0,-8.702280044555664,0.0,0.0,0.0,1.0,34.0,1050.0,-112.0,98.0,0.0,11.0,0.0,0.0,11.0,12.0,1867.0,96.40275573730469,0.0,0.0,0.0,0.0,0.0,0.0,0.0,0.0,0.0,0.0,0.0,0.0,0.0,0.0,0.0,0.0,13.0,0.0,0.0,0.0,2.0,0
93.66899871826172,32.0,1158.0,38.0,44004.0,0.0,0.0,0.0,44.0,66.0,9.0,0.0,100.0,100.0,100.0,103.0,100.0,103.0,100.0,50.0,50.0,0.0,2.6950001280056313,2.6950001280056313,2.6950001280056313,2.6950001280056313,14.70000021904707,1.0,2.600675106048584,0.0,0.0,13.0,3.000000142492354,3.0150001432048157,13.90000020712614,-40.0,0.0,0.0,-8.702280044555664,0.0,0.0,0.0,1.0,34.0,1050.0,-108.0,98.0,0.0,11.0,0.0,0.0,11.0,12.0,1867.0,96.73574829101562,0.0,0.0,0.0,0.0,0.0,0.0,0.0,0.0,0.0,0.0,0.0,0.0,0.0,0.0,0.0,0.0,13.0,0.0,0.0,0.0,2.0,0
93.66899871826172,32.0,1156.0,38.0,43928.0,0.0,0.0,0.0,44.0,66.0,9.0,0.0,100.0,100.0,100.0,103.0,100.0,103.0,100.0,50.0,50.0,0.0,2.6950001280056313,2.6950001280056313,2.6950001280056313,2.6950001280056313,14.70000021904707,1.0,2.5961833000183105,0.0,0.0,13.0,3.000000142492354,2.987000141874887,13.90000020712614,-40.0,0.0,0.0,-8.702280044555664,0.0,0.0,0.0,1.0,34.0,1050.0,-106.0,98.0,0.0,11.0,0.0,0.0,11.0,12.0,1867.0,96.90311431884766,0.0,0.0,0.0,0.0,0.0,0.0,0.0,0.0,0.0,0.0,0.0,0.0,0.0,0.0,0.0,0.0,13.0,0.0,0.0,0.0,2.0,0
93.802001953125,33.0,1156.0,38.0,43928.0,0.0,0.0,0.0,44.0,66.0,9.0,0.0,100.0,100.0,100.0,103.0,100.0,103.0,100.0,50.0,50.0,0.0,2.6950001280056313,2.6950001280056313,2.6950001280056313,2.6950001280056313,14.70000021904707,1.0,2.5961833000183105,0.0,0.0,13.0,3.000000142492354,3.016000143252313,13.90000020712614,-20.0,0.0,0.0,-8.702280044555664,0.0,0.0,0.0,1.0,34.0,1050.0,-106.0,98.0,0.0,11.0,0.0,0.0,11.0,12.0,1898.0,98.5121078491211,0.0,0.0,0.0,0.0,0.0,0.0,0.0,0.0,0.0,0.0,0.0,0.0,0.0,0.0,0.0,0.0,13.0,0.0,0.0,0.0,2.0,0
93.87100219726562,33.0,1151.0,38.0,43738.0,0.0,0.0,0.0,44.0,66.0,9.0,0.0,100.0,100.0,100.0,103.0,100.0,103.0,100.0,50.0,50.0,0.0,2.6950001280056313,2.6950001280056313,2.6950001280056313,2.6950001280056313,14.70000021904707,1.0,2.584954261779785,0.0,0.0,13.0,3.000000142492354,3.0750001460546628,13.90000020712614,-50.0,0.0,0.0,-8.702280044555664,0.0,0.0,0.0,1.0,34.0,1050.0,-101.0,98.0,0.0,11.0,0.0,0.0,11.0,12.0,1898.0,98.94005584716797,0.0,0.0,0.0,0.0,0.0,0.0,0.0,0.0,0.0,0.0,0.0,0.0,0.0,0.0,0.0,0.0,13.0,0.0,0.0,0.0,2.0,0
93.93599700927734,33.0,1151.0,38.0,43738.0,0.0,0.0,0.0,44.0,66.0,9.0,0.0,100.0,100.0,100.0,103.0,100.0,103.0,100.0,50.0,50.0,0.0,2.6950001280056313,2.6950001280056313,2.6950001280056313,2.6950001280056313,14.70000021904707,1.0,2.584954261779785,0.0,0.0,13.0,3.000000142492354,2.9660001408774406,13.90000020712614,-50.0,0.0,0.0,-8.702280044555664,0.0,0.0,0.0,1.0,34.0,1050.0,-101.0,98.0,0.0,11.0,0.0,0.0,11.0,12.0,1898.0,98.94005584716797,0.0,0.0,0.0,0.0,0.0,0.0,0.0,0.0,0.0,0.0,0.0,0.0,0.0,0.0,0.0,0.0,13.0,0.0,0.0,0.0,2.0,0
94.00299835205078,33.0,1151.0,38.0,43738.0,0.0,0.0,0.0,44.0,66.0,9.0,0.0,100.0,100.0,100.0,103.0,100.0,103.0,100.0,50.0,50.0,0.0,2.6950001280056313,2.6950001280056313,2.6950001280056313,2.6950001280056313,14.70000021904707,1.0,2.584954261779785,0.0,0.0,13.0,3.000000142492354,3.0170001432998106,13.90000020712614,0.0,0.0,0.0,-8.702280044555664,0.0,0.0,0.0,1.0,34.0,1050.0,-101.0,98.0,0.0,11.0,0.0,0.0,11.0,12.0,1898.0,98.94005584716797,0.0,0.0,0.0,0.0,0.0,0.0,0.0,0.0,0.0,0.0,0.0,0.0,0.0,0.0,0.0,0.0,13.0,0.0,0.0,0.0,2.0,0
94.07099914550781,33.0,1147.0,38.0,43586.0,0.0,0.0,0.0,44.0,66.0,9.0,0.0,100.0,100.0,100.0,103.0,100.0,103.0,100.0,50.0,50.0,0.0,2.6950001280056313,2.6950001280056313,2.6950001280056313,2.6950001280056313,14.70000021904707,1.0,2.5759708881378174,0.0,0.0,13.0,3.000000142492354,3.02900014386978,13.90000020712614,-40.0,0.0,0.0,-8.702280044555664,0.0,0.0,0.0,1.0,34.0,1050.0,-97.0,98.0,0.0,11.0,0.0,0.0,11.0,12.0,1898.0,99.28509521484375,0.0,0.0,0.0,0.0,0.0,0.0,0.0,0.0,0.0,0.0,0.0,0.0,0.0,0.0,0.0,0.0,13.0,0.0,0.0,0.0,2.0,0
94.13600158691406,33.0,1142.0,38.0,43396.0,0.0,0.0,0.0,44.0,66.0,9.0,0.0,100.0,100.0,100.0,103.0,100.0,103.0,100.0,50.0,50.0,0.0,2.6950001280056313,2.6950001280056313,2.6950001280056313,2.6950001280056313,14.70000021904707,1.0,2.564741611480713,0.0,0.0,13.0,3.000000142492354,2.987000141874887,13.90000020712614,-40.0,0.0,0.0,-8.702280044555664,0.0,0.0,0.0,1.0,34.0,1050.0,-92.0,98.0,0.0,11.0,0.0,0.0,11.0,12.0,1898.0,99.71978759765625,0.0,0.0,0.0,0.0,0.0,0.0,0.0,0.0,0.0,0.0,0.0,0.0,0.0,0.0,0.0,0.0,13.0,0.0,0.0,0.0,2.0,0
94.2020034790039,33.0,1142.0,38.0,43396.0,0.0,0.0,0.0,44.0,66.0,9.0,0.0,100.0,100.0,100.0,103.0,100.0,103.0,100.0,50.0,50.0,0.0,2.6950001280056313,2.6950001280056313,2.6950001280056313,2.6950001280056313,14.70000021904707,1.0,2.564741611480713,0.0,0.0,13.0,3.000000142492354,3.02900014386978,13.90000020712614,-50.0,0.0,0.0,-8.702280044555664,0.0,0.0,0.0,1.0,34.0,1050.0,-92.0,98.0,0.0,11.0,0.0,0.0,11.0,12.0,1898.0,99.71978759765625,0.0,0.0,0.0,0.0,0.0,0.0,0.0,0.0,0.0,0.0,0.0,0.0,0.0,0.0,0.0,0.0,13.0,0.0,0.0,0.0,2.0,0
94.26799774169922,33.0,1138.0,38.0,43244.0,0.0,0.0,0.0,44.0,66.0,9.0,0.0,100.0,100.0,100.0,103.0,100.0,103.0,100.0,50.0,50.0,0.0,2.6950001280056313,2.6950001280056313,2.6950001280056313,2.6950001280056313,14.70000021904707,1.0,2.555758237838745,0.0,0.0,13.0,3.000000142492354,3.047000144724734,13.90000020712614,-40.0,0.0,0.0,-8.702280044555664,0.0,0.0,0.0,1.0,34.0,1050.0,-88.0,98.0,0.0,11.0,0.0,0.0,11.0,12.0,1898.0,100.07029724121094,0.0,0.0,0.0,0.0,0.0,0.0,0.0,0.0,0.0,0.0,0.0,0.0,0.0,0.0,0.0,0.0,13.0,0.0,0.0,0.0,2.0,0
94.33300018310547,33.0,1138.0,39.0,44382.0,0.0,0.0,0.0,44.0,66.0,9.0,0.0,100.0,100.0,100.0,103.0,100.0,103.0,100.0,50.0,50.0,0.0,2.732000129763037,2.732000129763037,2.732000129763037,2.732000129763037,14.70000021904707,1.0,2.5908467769622803,0.0,0.0,13.0,3.000000142492354,3.016000143252313,13.90000020712614,-40.0,0.0,0.0,-8.557242393493652,0.0,0.0,0.0,1.0,34.0,1050.0,-88.0,98.0,0.0,11.0,0.0,0.0,11.0,12.0,1898.0,100.07029724121094,0.0,0.0,0.0,0.0,0.0,0.0,0.0,0.0,0.0,0.0,0.0,0.0,0.0,0.0,0.0,0.0,13.0,0.0,0.0,0.0,2.0,0
94.39800262451172,33.0,1133.0,39.0,44187.0,0.0,0.0,0.0,44.0,66.0,9.0,0.0,100.0,100.0,100.0,103.0,100.0,103.0,100.0,50.0,50.0,0.0,2.732000129763037,2.732000129763037,2.732000129763037,2.732000129763037,14.70000021904707,1.0,2.579463243484497,0.0,0.0,13.0,3.000000142492354,3.0120001430623233,13.90000020712614,-50.0,0.0,0.0,-8.557242393493652,0.0,0.0,0.0,1.0,34.0,1050.0,-83.0,98.0,0.0,11.0,0.0,0.0,11.0,12.0,1898.0,100.51191711425781,0.0,0.0,0.0,0.0,0.0,0.0,0.0,0.0,0.0,0.0,0.0,0.0,0.0,0.0,0.0,0.0,13.0,0.0,0.0,0.0,2.0,0
94.46800231933594,33.0,1133.0,39.0,44187.0,0.0,0.0,0.0,44.0,66.0,9.0,0.0,100.0,100.0,100.0,103.0,100.0,103.0,100.0,50.0,50.0,0.0,2.732000129763037,2.732000129763037,2.732000129763037,2.732000129763037,14.70000021904707,1.0,2.579463243484497,0.0,0.0,13.0,3.000000142492354,2.9730001412099227,13.90000020712614,0.0,0.0,0.0,-8.557242393493652,0.0,0.0,0.0,1.0,34.0,1050.0,-83.0,98.0,0.0,11.0,0.0,0.0,11.0,12.0,1898.0,100.51191711425781,0.0,0.0,0.0,0.0,0.0,0.0,0.0,0.0,0.0,0.0,0.0,0.0,0.0,0.0,0.0,0.0,13.0,0.0,0.0,0.0,2.0,0
94.53500366210938,33.0,1133.0,39.0,44187.0,0.0,0.0,0.0,44.0,66.0,9.0,0.0,100.0,100.0,100.0,103.0,100.0,103.0,100.0,50.0,50.0,0.0,2.732000129763037,2.732000129763037,2.732000129763037,2.732000129763037,14.70000021904707,1.0,2.579463243484497,0.0,0.0,13.0,3.000000142492354,3.022000143537298,14.000000208616257,0.0,0.0,0.0,-8.557242393493652,0.0,0.0,0.0,1.0,34.0,1050.0,-83.0,98.0,0.0,11.0,0.0,0.0,11.0,12.0,1898.0,100.51191711425781,0.0,0.0,0.0,0.0,0.0,0.0,0.0,0.0,0.0,0.0,0.0,0.0,0.0,0.0,0.0,0.0,13.0,0.0,0.0,0.0,2.0,0
94.60399627685547,33.0,1126.0,39.0,43914.0,0.0,0.0,0.0,44.0,66.0,9.0,0.0,100.0,100.0,100.0,103.0,100.0,103.0,100.0,50.0,50.0,0.0,2.732000129763037,2.732000129763037,2.732000129763037,2.732000129763037,14.70000021904707,1.0,2.5635266304016113,0.0,0.0,13.0,3.000000142492354,3.060000145342201,14.000000208616257,-70.0,0.0,0.0,-8.557242393493652,0.0,0.0,0.0,1.0,34.0,1050.0,-76.0,98.0,0.0,11.0,0.0,0.0,11.0,12.0,1898.0,101.13676452636719,0.0,0.0,0.0,0.0,0.0,0.0,0.0,0.0,0.0,0.0,0.0,0.0,0.0,0.0,0.0,0.0,13.0,0.0,0.0,0.0,2.0,0
94.66899871826172,33.0,1122.0,39.0,43758.0,0.0,0.0,0.0,44.0,66.0,9.0,0.0,100.0,100.0,100.0,103.0,100.0,103.0,100.0,50.0,50.0,0.0,2.732000129763037,2.732000129763037,2.732000129763037,2.732000129763037,14.70000021904707,1.0,2.554419994354248,0.0,0.0,13.0,3.000000142492354,3.047000144724734,14.000000208616257,-40.0,0.0,0.0,-8.557242393493652,0.0,0.0,0.0,1.0,34.0,1050.0,-72.0,98.0,0.0,11.0,0.0,0.0,11.0,12.0,1898.0,101.49732971191406,0.0,0.0,0.0,0.0,0.0,0.0,0.0,0.0,0.0,0.0,0.0,0.0,0.0,0.0,0.0,0.0,13.0,0.0,0.0,0.0,2.0,0
94.73500061035156,33.0,1122.0,39.0,43758.0,0.0,0.0,0.0,44.0,66.0,9.0,0.0,100.0,100.0,100.0,103.0,100.0,103.0,100.0,50.0,50.0,0.0,2.732000129763037,2.732000129763037,2.732000129763037,2.732000129763037,14.70000021904707,1.0,2.554419994354248,0.0,0.0,13.0,3.000000142492354,3.0230001435847953,14.000000208616257,-40.0,0.0,0.0,-8.557242393493652,0.0,0.0,0.0,1.0,34.0,1050.0,-72.0,98.0,0.0,11.0,0.0,0.0,11.0,12.0,1898.0,101.49732971191406,0.0,0.0,0.0,0.0,0.0,0.0,0.0,0.0,0.0,0.0,0.0,0.0,0.0,0.0,0.0,0.0,13.0,0.0,0.0,0.0,2.0,0
94.8010025024414,34.0,1126.0,39.0,43914.0,0.0,0.0,0.0,44.0,66.0,9.0,0.0,100.0,100.0,100.0,103.0,100.0,103.0,100.0,50.0,50.0,0.0,2.732000129763037,2.732000129763037,2.732000129763037,2.732000129763037,14.70000021904707,1.0,2.5635266304016113,0.0,0.0,13.0,3.000000142492354,2.8800001367926598,14.000000208616257,40.0,0.0,0.0,-8.557242393493652,0.0,0.0,0.0,1.0,34.0,1050.0,-76.0,98.0,0.0,11.0,0.0,0.0,11.0,12.0,1912.0,101.88277435302734,0.0,0.0,0.0,0.0,0.0,0.0,0.0,0.0,0.0,0.0,0.0,0.0,0.0,0.0,0.0,0.0,13.0,0.0,0.0,0.0,2.0,0
94.87000274658203,34.0,1117.0,39.0,43563.0,0.0,0.0,0.0,44.0,66.0,9.0,0.0,100.0,100.0,100.0,103.0,100.0,103.0,100.0,50.0,50.0,0.0,2.732000129763037,2.732000129763037,2.732000129763037,2.732000129763037,14.70000021904707,1.0,2.543036699295044,0.0,0.0,13.0,3.000000142492354,3.0140001431573182,14.000000208616257,0.0,0.0,0.0,-8.557242393493652,0.0,0.0,0.0,1.0,34.0,1050.0,-67.0,98.0,0.0,11.0,0.0,0.0,11.0,12.0,1912.0,102.70367431640625,0.0,0.0,0.0,0.0,0.0,0.0,0.0,0.0,0.0,0.0,0.0,0.0,0.0,0.0,0.0,0.0,13.0,0.0,0.0,0.0,2.0,0
94.93499755859375,34.0,1117.0,39.0,43563.0,0.0,0.0,0.0,44.0,66.0,9.0,0.0,100.0,100.0,100.0,103.0,100.0,103.0,100.0,50.0,50.0,0.0,2.732000129763037,2.732000129763037,2.732000129763037,2.732000129763037,14.70000021904707,1.0,2.543036699295044,0.0,0.0,13.0,3.000000142492354,3.027000143774785,14.000000208616257,0.0,0.0,0.0,-8.557242393493652,0.0,0.0,0.0,1.0,34.0,1050.0,-67.0,98.0,0.0,11.0,0.0,0.0,11.0,12.0,1912.0,102.70367431640625,0.0,0.0,0.0,0.0,0.0,0.0,0.0,0.0,0.0,0.0,0.0,0.0,0.0,0.0,0.0,0.0,13.0,0.0,0.0,0.0,2.0,0
95.0009994506836,34.0,1116.0,39.0,43524.0,0.0,0.0,0.0,44.0,66.0,9.0,0.0,100.0,100.0,100.0,103.0,100.0,103.0,100.0,50.0,50.0,0.0,2.732000129763037,2.732000129763037,2.732000129763037,2.732000129763037,14.70000021904707,1.0,2.540760040283203,0.0,0.0,13.0,3.000000142492354,3.111000147764571,14.000000208616257,-90.0,0.0,0.0,-8.557242393493652,0.0,0.0,0.0,1.0,34.0,1050.0,-66.0,98.0,0.0,11.0,0.0,0.0,11.0,12.0,1912.0,102.79570007324219,0.0,0.0,0.0,0.0,0.0,0.0,0.0,0.0,0.0,0.0,0.0,0.0,0.0,0.0,0.0,0.0,13.0,0.0,0.0,0.0,2.0,0
95.06600189208984,34.0,1116.0,39.0,43524.0,0.0,0.0,0.0,44.0,66.0,9.0,0.0,100.0,100.0,100.0,103.0,100.0,103.0,100.0,50.0,50.0,0.0,2.732000129763037,2.732000129763037,2.732000129763037,2.732000129763037,14.70000021904707,1.0,2.540760040283203,0.0,0.0,13.0,3.000000142492354,3.016000143252313,14.000000208616257,-10.0,0.0,0.0,-8.557242393493652,0.0,0.0,0.0,1.0,35.0,1050.0,-66.0,98.0,0.0,11.0,0.0,0.0,11.0,12.0,1912.0,102.79570007324219,0.0,0.0,0.0,0.0,0.0,0.0,0.0,0.0,0.0,0.0,0.0,0.0,0.0,0.0,0.0,0.0,13.0,0.0,0.0,0.0,2.0,0
95.13600158691406,34.0,1120.0,39.0,43680.0,0.0,0.0,0.0,44.0,66.0,9.0,0.0,100.0,100.0,100.0,103.0,100.0,103.0,100.0,50.0,50.0,0.0,2.732000129763037,2.732000129763037,2.732000129763037,2.732000129763037,14.70000021904707,1.0,2.5498666763305664,0.0,0.0,13.0,3.000000142492354,3.02500014367979,14.000000208616257,-10.0,0.0,0.0,-8.557242393493652,0.0,0.0,0.0,1.0,35.0,1050.0,-70.0,98.0,0.0,11.0,0.0,0.0,11.0,12.0,1912.0,102.42857360839844,0.0,0.0,0.0,0.0,0.0,0.0,0.0,0.0,0.0,0.0,0.0,0.0,0.0,0.0,0.0,0.0,13.0,0.0,0.0,0.0,2.0,0
95.2020034790039,34.0,1121.0,39.0,43719.0,0.0,0.0,0.0,44.0,66.0,9.0,0.0,100.0,100.0,100.0,103.0,100.0,103.0,100.0,50.0,50.0,0.0,2.732000129763037,2.732000129763037,2.732000129763037,2.732000129763037,14.70000021904707,1.0,2.5521433353424072,0.0,0.0,13.0,3.000000142492354,2.9550001403549686,14.000000208616257,40.0,0.0,0.0,-8.557242393493652,0.0,0.0,0.0,1.0,35.0,1050.0,-71.0,98.0,0.0,11.0,0.0,0.0,11.0,12.0,1912.0,102.33719635009766,0.0,0.0,0.0,0.0,0.0,0.0,0.0,0.0,0.0,0.0,0.0,0.0,0.0,0.0,0.0,0.0,13.0,0.0,0.0,0.0,2.0,0
95.27100372314453,34.0,1121.0,39.0,43719.0,0.0,0.0,0.0,44.0,66.0,9.0,0.0,100.0,100.0,100.0,103.0,100.0,103.0,100.0,50.0,50.0,0.0,2.732000129763037,2.732000129763037,2.732000129763037,2.732000129763037,14.70000021904707,1.0,2.5521433353424072,0.0,0.0,13.0,3.000000142492354,3.007000142824836,14.000000208616257,10.0,0.0,0.0,-8.557242393493652,0.0,0.0,0.0,1.0,35.0,1050.0,-71.0,98.0,0.0,11.0,0.0,0.0,11.0,12.0,1912.0,102.33719635009766,0.0,0.0,0.0,0.0,0.0,0.0,0.0,0.0,0.0,0.0,0.0,0.0,0.0,0.0,0.0,0.0,13.0,0.0,0.0,0.0,2.0,0
95.27100372314453,34.0,1123.0,39.0,43797.0,0.0,0.0,0.0,44.0,66.0,9.0,0.0,100.0,100.0,100.0,103.0,100.0,103.0,100.0,50.0,50.0,0.0,2.732000129763037,2.732000129763037,2.732000129763037,2.732000129763037,14.70000021904707,1.0,2.556696653366089,0.0,0.0,13.0,3.000000142492354,2.960000140592456,14.000000208616257,10.0,0.0,0.0,-8.557242393493652,0.0,0.0,0.0,1.0,35.0,1050.0,-73.0,98.0,0.0,11.0,0.0,0.0,11.0,12.0,1912.0,102.15494537353516,0.0,0.0,0.0,0.0,0.0,0.0,0.0,0.0,0.0,0.0,0.0,0.0,0.0,0.0,0.0,0.0,13.0,0.0,0.0,0.0,2.0,0
95.4020004272461,34.0,1123.0,39.0,43797.0,0.0,0.0,0.0,44.0,66.0,9.0,0.0,100.0,100.0,100.0,103.0,100.0,103.0,100.0,50.0,50.0,0.0,2.732000129763037,2.732000129763037,2.732000129763037,2.732000129763037,14.70000021904707,1.0,2.556696653366089,0.0,0.0,13.0,3.000000142492354,3.0150001432048157,14.000000208616257,20.0,0.0,0.0,-8.557242393493652,0.0,0.0,0.0,1.0,33.0,1050.0,-73.0,98.0,0.0,11.0,0.0,0.0,11.0,12.0,1912.0,102.15494537353516,0.0,0.0,0.0,0.0,0.0,0.0,0.0,0.0,0.0,0.0,0.0,0.0,0.0,0.0,0.0,0.0,13.0,0.0,0.0,0.0,2.0,0
95.46800231933594,34.0,1116.0,39.0,43524.0,0.0,0.0,0.0,44.0,66.0,9.0,0.0,100.0,100.0,100.0,103.0,100.0,103.0,100.0,50.0,50.0,0.0,2.732000129763037,2.732000129763037,2.732000129763037,2.732000129763037,14.70000021904707,1.0,2.540760040283203,0.0,0.0,13.0,3.000000142492354,3.002000142587349,14.000000208616257,20.0,0.0,0.0,-8.557242393493652,0.0,0.0,0.0,1.0,33.0,1050.0,-66.0,98.0,0.0,11.0,0.0,0.0,11.0,12.0,1912.0,102.79570007324219,0.0,0.0,0.0,0.0,0.0,0.0,0.0,0.0,0.0,0.0,0.0,0.0,0.0,0.0,0.0,0.0,13.0,0.0,0.0,0.0,2.0,0
95.53299713134766,34.0,1117.0,39.0,43563.0,0.0,0.0,0.0,44.0,66.0,9.0,0.0,100.0,100.0,100.0,103.0,100.0,103.0,100.0,50.0,50.0,0.0,2.732000129763037,2.732000129763037,2.732000129763037,2.732000129763037,14.70000021904707,1.0,2.543036699295044,0.0,0.0,13.0,3.000000142492354,2.9660001408774406,14.000000208616257,-70.0,0.0,0.0,-8.557242393493652,0.0,0.0,0.0,1.0,33.0,1050.0,-67.0,98.0,0.0,11.0,0.0,0.0,11.0,12.0,1912.0,102.70367431640625,0.0,0.0,0.0,0.0,0.0,0.0,0.0,0.0,0.0,0.0,0.0,0.0,0.0,0.0,0.0,0.0,13.0,0.0,0.0,0.0,2.0,0
95.60299682617188,34.0,1117.0,39.0,43563.0,0.0,0.0,0.0,44.0,66.0,9.0,0.0,100.0,100.0,100.0,103.0,100.0,103.0,100.0,50.0,50.0,0.0,2.732000129763037,2.732000129763037,2.732000129763037,2.732000129763037,14.70000021904707,1.0,2.543036699295044,0.0,0.0,13.0,3.000000142492354,3.0170001432998106,14.000000208616257,10.0,0.0,0.0,-8.557242393493652,0.0,0.0,0.0,1.0,33.0,1050.0,-67.0,98.0,0.0,11.0,0.0,0.0,11.0,12.0,1912.0,102.70367431640625,0.0,0.0,0.0,0.0,0.0,0.0,0.0,0.0,0.0,0.0,0.0,0.0,0.0,0.0,0.0,0.0,13.0,0.0,0.0,0.0,2.0,0
95.66799926757812,34.0,1125.0,39.0,43875.0,0.0,0.0,0.0,44.0,66.0,9.0,0.0,100.0,100.0,100.0,103.0,100.0,103.0,100.0,50.0,50.0,0.0,2.732000129763037,2.732000129763037,2.732000129763037,2.732000129763037,14.70000021904707,1.0,2.5612499713897705,0.0,0.0,13.0,3.000000142492354,2.918000138597563,14.000000208616257,10.0,0.0,0.0,-8.557242393493652,0.0,0.0,0.0,1.0,33.0,1050.0,-75.0,98.0,0.0,11.0,0.0,0.0,11.0,12.0,1912.0,101.97333526611328,0.0,0.0,0.0,0.0,0.0,0.0,0.0,0.0,0.0,0.0,0.0,0.0,0.0,0.0,0.0,0.0,13.0,0.0,0.0,0.0,2.0,0
95.73500061035156,34.0,1121.0,39.0,43719.0,0.0,0.0,0.0,44.0,66.0,9.0,0.0,100.0,100.0,100.0,103.0,100.0,103.0,100.0,50.0,50.0,0.0,2.732000129763037,2.732000129763037,2.732000129763037,2.732000129763037,14.70000021904707,1.0,2.5521433353424072,0.0,0.0,13.0,3.000000142492354,3.040000144392252,14.000000208616257,80.0,0.0,0.0,-8.557242393493652,0.0,0.0,0.0,1.0,32.0,1050.0,-71.0,98.0,0.0,11.0,0.0,0.0,11.0,12.0,1912.0,102.33719635009766,0.0,0.0,0.0,0.0,0.0,0.0,0.0,0.0,0.0,0.0,0.0,0.0,0.0,0.0,0.0,0.0,13.0,0.0,0.0,0.0,2.0,0
95.80400085449219,35.0,1121.0,39.0,43719.0,0.0,0.0,0.0,45.0,66.0,9.0,0.0,100.0,100.0,100.0,103.0,100.0,103.0,100.0,50.0,50.0,0.0,2.732000129763037,2.732000129763037,2.732000129763037,2.732000129763037,14.70000021904707,1.0,2.5521433353424072,0.0,0.0,13.0,3.000000142492354,3.0210001434898004,14.000000208616257,-40.0,0.0,0.0,-8.557242393493652,0.0,0.0,0.0,1.0,32.0,1050.0,-71.0,98.0,0.0,11.0,0.0,0.0,11.0,12.0,1911.0,102.28367614746094,0.0,0.0,0.0,0.0,0.0,0.0,0.0,0.0,0.0,0.0,0.0,0.0,0.0,0.0,0.0,0.0,13.0,0.0,0.0,0.0,2.0,0
95.86900329589844,35.0,1126.0,39.0,43914.0,0.0,0.0,0.0,45.0,66.0,9.0,0.0,100.0,100.0,100.0,103.0,100.0,103.0,100.0,50.0,50.0,0.0,2.732000129763037,2.732000129763037,2.732000129763037,2.732000129763037,14.70000021904707,1.0,2.5635266304016113,0.0,0.0,13.0,3.000000142492354,3.1010001472895965,14.000000208616257,-40.0,0.0,0.0,-8.557242393493652,0.0,0.0,0.0,1.0,32.0,1050.0,-76.0,98.0,0.0,11.0,0.0,0.0,11.0,12.0,1911.0,101.82948303222656,0.0,0.0,0.0,0.0,0.0,0.0,0.0,0.0,0.0,0.0,0.0,0.0,0.0,0.0,0.0,0.0,13.0,0.0,0.0,0.0,2.0,0
95.93599700927734,35.0,1126.0,39.0,43914.0,0.0,0.0,0.0,45.0,66.0,9.0,0.0,100.0,100.0,100.0,103.0,100.0,103.0,100.0,50.0,50.0,0.0,2.732000129763037,2.732000129763037,2.732000129763037,2.732000129763037,14.70000021904707,1.0,2.5635266304016113,0.0,0.0,13.0,3.000000142492354,3.0170001432998106,14.000000208616257,50.0,0.0,0.0,-8.557242393493652,0.0,0.0,0.0,1.0,32.0,1050.0,-76.0,98.0,0.0,11.0,0.0,0.0,11.0,12.0,1911.0,101.82948303222656,0.0,0.0,0.0,0.0,0.0,0.0,0.0,0.0,0.0,0.0,0.0,0.0,0.0,0.0,0.0,0.0,13.0,0.0,0.0,0.0,2.0,0
96.00499725341797,35.0,1123.0,39.0,43797.0,0.0,0.0,0.0,45.0,66.0,9.0,0.0,100.0,100.0,100.0,103.0,100.0,103.0,100.0,50.0,50.0,0.0,2.732000129763037,2.732000129763037,2.732000129763037,2.732000129763037,14.70000021904707,1.0,2.556696653366089,0.0,0.0,13.0,3.000000142492354,3.018000143347308,14.000000208616257,-30.0,0.0,0.0,-8.557242393493652,0.0,0.0,0.0,1.0,31.0,1050.0,-73.0,98.0,0.0,11.0,0.0,0.0,11.0,12.0,1911.0,102.10151672363281,0.0,0.0,0.0,0.0,0.0,0.0,0.0,0.0,0.0,0.0,0.0,0.0,0.0,0.0,0.0,0.0,13.0,0.0,0.0,0.0,2.0,0
96.06999969482422,35.0,1120.0,39.0,43680.0,0.0,0.0,0.0,45.0,66.0,9.0,0.0,100.0,100.0,100.0,103.0,100.0,103.0,100.0,50.0,50.0,0.0,2.732000129763037,2.732000129763037,2.732000129763037,2.732000129763037,14.70000021904707,1.0,2.5498666763305664,0.0,0.0,13.0,3.000000142492354,3.0190001433948055,14.000000208616257,-30.0,0.0,0.0,-8.557242393493652,0.0,0.0,0.0,1.0,31.0,1050.0,-70.0,98.0,0.0,11.0,0.0,0.0,11.0,12.0,1911.0,102.375,0.0,0.0,0.0,0.0,0.0,0.0,0.0,0.0,0.0,0.0,0.0,0.0,0.0,0.0,0.0,0.0,13.0,0.0,0.0,0.0,2.0,0
96.06999969482422,35.0,1120.0,39.0,43680.0,0.0,0.0,0.0,45.0,66.0,9.0,0.0,100.0,100.0,100.0,103.0,100.0,103.0,100.0,50.0,50.0,0.0,2.732000129763037,2.732000129763037,2.732000129763037,2.732000129763037,14.70000021904707,1.0,2.5498666763305664,0.0,0.0,13.0,3.000000142492354,3.016000143252313,14.000000208616257,-30.0,0.0,0.0,-8.557242393493652,0.0,0.0,0.0,1.0,31.0,1050.0,-70.0,98.0,0.0,11.0,0.0,0.0,11.0,12.0,1911.0,102.375,0.0,0.0,0.0,0.0,0.0,0.0,0.0,0.0,0.0,0.0,0.0,0.0,0.0,0.0,0.0,0.0,13.0,0.0,0.0,0.0,2.0,0
96.20099639892578,35.0,1122.0,39.0,43758.0,0.0,0.0,0.0,45.0,66.0,9.0,0.0,100.0,100.0,100.0,103.0,100.0,103.0,100.0,50.0,50.0,0.0,2.732000129763037,2.732000129763037,2.732000129763037,2.732000129763037,14.70000021904707,1.0,2.554419994354248,0.0,0.0,13.0,3.000000142492354,3.0460001446772367,14.000000208616257,20.0,0.0,0.0,-8.557242393493652,0.0,0.0,0.0,1.0,31.0,1050.0,-72.0,98.0,0.0,11.0,0.0,0.0,11.0,12.0,1911.0,102.19251251220703,0.0,0.0,0.0,0.0,0.0,0.0,0.0,0.0,0.0,0.0,0.0,0.0,0.0,0.0,0.0,0.0,13.0,0.0,0.0,0.0,2.0,0
96.26599884033203,35.0,1119.0,39.0,43641.0,0.0,0.0,0.0,45.0,66.0,9.0,0.0,100.0,100.0,100.0,103.0,100.0,103.0,100.0,50.0,50.0,0.0,2.732000129763037,2.732000129763037,2.732000129763037,2.732000129763037,14.70000021904707,1.0,2.5475900173187256,0.0,0.0,13.0,3.000000142492354,3.016000143252313,14.000000208616257,20.0,0.0,0.0,-8.557242393493652,0.0,0.0,0.0,1.0,31.0,1050.0,-69.0,98.0,0.0,11.0,0.0,0.0,11.0,12.0,1911.0,102.46649169921875,0.0,0.0,0.0,0.0,0.0,0.0,0.0,0.0,0.0,0.0,0.0,0.0,0.0,0.0,0.0,0.0,13.0,0.0,0.0,0.0,2.0,0
96.33200073242188,35.0,1119.0,39.0,43641.0,0.0,0.0,0.0,45.0,66.0,9.0,0.0,100.0,100.0,100.0,103.0,100.0,103.0,100.0,50.0,50.0,0.0,2.732000129763037,2.732000129763037,2.732000129763037,2.732000129763037,14.70000021904707,1.0,2.5475900173187256,0.0,0.0,13.0,3.000000142492354,3.0120001430623233,14.000000208616257,-30.0,0.0,0.0,-8.557242393493652,0.0,0.0,0.0,1.0,30.0,1050.0,-69.0,98.0,0.0,11.0,0.0,0.0,11.0,12.0,1911.0,102.46649169921875,0.0,0.0,0.0,0.0,0.0,0.0,0.0,0.0,0.0,0.0,0.0,0.0,0.0,0.0,0.0,0.0,13.0,0.0,0.0,0.0,2.0,0
96.40299987792969,35.0,1119.0,39.0,43641.0,0.0,0.0,0.0,45.0,66.0,9.0,0.0,100.0,100.0,100.0,103.0,100.0,103.0,100.0,50.0,50.0,0.0,2.732000129763037,2.732000129763037,2.732000129763037,2.732000129763037,14.70000021904707,1.0,2.5475900173187256,0.0,0.0,13.0,3.000000142492354,3.078000146197155,14.000000208616257,0.0,0.0,0.0,-8.557242393493652,0.0,0.0,0.0,1.0,30.0,1050.0,-69.0,98.0,0.0,11.0,0.0,0.0,11.0,12.0,1911.0,102.46649169921875,0.0,0.0,0.0,0.0,0.0,0.0,0.0,0.0,0.0,0.0,0.0,0.0,0.0,0.0,0.0,0.0,13.0,0.0,0.0,0.0,2.0,0
96.46700286865234,35.0,1119.0,39.0,43641.0,0.0,0.0,0.0,45.0,66.0,9.0,0.0,100.0,100.0,100.0,103.0,100.0,103.0,100.0,50.0,50.0,0.0,2.732000129763037,2.732000129763037,2.732000129763037,2.732000129763037,14.70000021904707,1.0,2.5475900173187256,0.0,0.0,13.0,3.000000142492354,3.016000143252313,14.000000208616257,0.0,0.0,0.0,-8.557242393493652,0.0,0.0,0.0,1.0,30.0,1050.0,-69.0,98.0,0.0,11.0,0.0,0.0,11.0,12.0,1911.0,102.46649169921875,0.0,0.0,0.0,0.0,0.0,0.0,0.0,0.0,0.0,0.0,0.0,0.0,0.0,0.0,0.0,0.0,13.0,0.0,0.0,0.0,2.0,0
96.53299713134766,35.0,1125.0,39.0,43875.0,0.0,0.0,0.0,45.0,66.0,9.0,0.0,100.0,100.0,100.0,103.0,100.0,103.0,100.0,50.0,50.0,0.0,2.732000129763037,2.732000129763037,2.732000129763037,2.732000129763037,14.70000021904707,1.0,2.5612499713897705,0.0,0.0,13.0,3.000000142492354,3.0080001428723335,14.000000208616257,60.0,0.0,0.0,-8.557242393493652,0.0,0.0,0.0,1.0,30.0,1050.0,-75.0,98.0,0.0,11.0,0.0,0.0,11.0,12.0,1911.0,101.91999816894531,0.0,0.0,0.0,0.0,0.0,0.0,0.0,0.0,0.0,0.0,0.0,0.0,0.0,0.0,0.0,0.0,13.0,0.0,0.0,0.0,2.0,0
96.60199737548828,35.0,1125.0,39.0,43875.0,0.0,0.0,0.0,45.0,66.0,9.0,0.0,100.0,100.0,100.0,103.0,100.0,103.0,100.0,50.0,50.0,0.0,2.732000129763037,2.732000129763037,2.732000129763037,2.732000129763037,14.70000021904707,1.0,2.5612499713897705,0.0,0.0,13.0,3.000000142492354,2.92700013902504,14.000000208616257,0.0,0.0,0.0,-8.557242393493652,0.0,0.0,0.0,1.0,28.0,1050.0,-75.0,98.0,0.0,11.0,0.0,0.0,11.0,12.0,1911.0,101.91999816894531,0.0,0.0,0.0,0.0,0.0,0.0,0.0,0.0,0.0,0.0,0.0,0.0,0.0,0.0,0.0,0.0,13.0,0.0,0.0,0.0,2.0,0
96.66799926757812,35.0,1125.0,39.0,43875.0,0.0,0.0,0.0,45.0,66.0,9.0,0.0,100.0,100.0,100.0,103.0,100.0,103.0,100.0,50.0,50.0,0.0,2.732000129763037,2.732000129763037,2.732000129763037,2.732000129763037,14.70000021904707,1.0,2.5612499713897705,0.0,0.0,13.0,3.000000142492354,3.0120001430623233,14.000000208616257,0.0,0.0,0.0,-8.557242393493652,0.0,0.0,0.0,1.0,28.0,1050.0,-75.0,98.0,0.0,11.0,0.0,0.0,11.0,12.0,1911.0,101.91999816894531,0.0,0.0,0.0,0.0,0.0,0.0,0.0,0.0,0.0,0.0,0.0,0.0,0.0,0.0,0.0,0.0,13.0,0.0,0.0,0.0,2.0,0
96.73400115966797,35.0,1116.0,39.0,43524.0,0.0,0.0,0.0,45.0,66.0,9.0,0.0,100.0,100.0,100.0,103.0,100.0,103.0,100.0,50.0,50.0,0.0,2.732000129763037,2.732000129763037,2.732000129763037,2.732000129763037,14.70000021904707,1.0,2.540760040283203,0.0,0.0,13.0,3.000000142492354,3.0970001470996067,14.000000208616257,-90.0,0.0,0.0,-8.557242393493652,0.0,0.0,0.0,1.0,28.0,1050.0,-66.0,98.0,0.0,11.0,0.0,0.0,11.0,12.0,1911.0,102.74193572998047,0.0,0.0,0.0,0.0,0.0,0.0,0.0,0.0,0.0,0.0,0.0,0.0,0.0,0.0,0.0,0.0,13.0,0.0,0.0,0.0,2.0,0
96.8030014038086,36.0,1124.0,39.0,43836.0,0.0,0.0,0.0,45.0,66.0,9.0,0.0,100.0,100.0,100.0,103.0,100.0,103.0,100.0,50.0,50.0,0.0,2.732000129763037,2.732000129763037,2.732000129763037,2.732000129763037,14.70000021904707,1.0,2.5589733123779297,0.0,0.0,13.0,3.000000142492354,2.8640001360327005,14.000000208616257,0.0,0.0,0.0,-8.557242393493652,0.0,0.0,0.0,1.0,28.0,1050.0,-74.0,98.0,0.0,11.0,0.0,0.0,11.0,12.0,1915.0,102.22419738769531,0.0,0.0,0.0,0.0,0.0,0.0,0.0,0.0,0.0,0.0,0.0,0.0,0.0,0.0,0.0,0.0,13.0,0.0,0.0,0.0,2.0,0
96.86900329589844,36.0,1124.0,39.0,43836.0,0.0,0.0,0.0,45.0,66.0,9.0,0.0,100.0,100.0,100.0,103.0,100.0,103.0,100.0,50.0,50.0,0.0,2.732000129763037,2.732000129763037,2.732000129763037,2.732000129763037,14.70000021904707,1.0,2.5589733123779297,0.0,0.0,13.0,3.000000142492354,3.013000143109821,14.000000208616257,0.0,0.0,0.0,-8.557242393493652,0.0,0.0,0.0,1.0,28.0,1050.0,-74.0,98.0,0.0,11.0,0.0,0.0,11.0,12.0,1915.0,102.22419738769531,0.0,0.0,0.0,0.0,0.0,0.0,0.0,0.0,0.0,0.0,0.0,0.0,0.0,0.0,0.0,0.0,13.0,0.0,0.0,0.0,2.0,0
96.93499755859375,36.0,1120.0,39.0,43680.0,0.0,0.0,0.0,45.0,66.0,9.0,0.0,100.0,100.0,100.0,103.0,100.0,103.0,100.0,50.0,50.0,0.0,2.732000129763037,2.732000129763037,2.732000129763037,2.732000129763037,14.70000021904707,1.0,2.5498666763305664,0.0,0.0,13.0,3.000000142492354,2.976000141352415,14.000000208616257,80.0,0.0,0.0,-8.557242393493652,0.0,0.0,0.0,1.0,28.0,1050.0,-70.0,98.0,0.0,11.0,0.0,0.0,11.0,12.0,1915.0,102.58928680419922,0.0,0.0,0.0,0.0,0.0,0.0,0.0,0.0,0.0,0.0,0.0,0.0,0.0,0.0,0.0,0.0,13.0,0.0,0.0,0.0,2.0,0
97.00499725341797,36.0,1120.0,39.0,43680.0,0.0,0.0,0.0,45.0,66.0,9.0,0.0,100.0,100.0,100.0,103.0,100.0,103.0,100.0,50.0,50.0,0.0,2.732000129763037,2.732000129763037,2.732000129763037,2.732000129763037,14.70000021904707,1.0,2.5498666763305664,0.0,0.0,13.0,3.000000142492354,3.0150001432048157,14.000000208616257,-40.0,0.0,0.0,-8.557242393493652,0.0,0.0,0.0,1.0,28.0,1050.0,-70.0,98.0,0.0,11.0,0.0,0.0,11.0,12.0,1915.0,102.58928680419922,0.0,0.0,0.0,0.0,0.0,0.0,0.0,0.0,0.0,0.0,0.0,0.0,0.0,0.0,0.0,0.0,13.0,0.0,0.0,0.0,2.0,0
97.06900024414062,36.0,1119.0,39.0,43641.0,0.0,0.0,0.0,45.0,66.0,9.0,0.0,100.0,100.0,100.0,103.0,100.0,103.0,100.0,50.0,50.0,0.0,2.732000129763037,2.732000129763037,2.732000129763037,2.732000129763037,14.70000021904707,1.0,2.5475900173187256,0.0,0.0,13.0,3.000000142492354,3.0170001432998106,14.000000208616257,-40.0,0.0,0.0,-8.557242393493652,0.0,0.0,0.0,1.0,28.0,1050.0,-69.0,98.0,0.0,11.0,0.0,0.0,11.0,12.0,1915.0,102.68096160888672,0.0,0.0,0.0,0.0,0.0,0.0,0.0,0.0,0.0,0.0,0.0,0.0,0.0,0.0,0.0,0.0,13.0,0.0,0.0,0.0,2.0,0
97.13500213623047,36.0,1126.0,39.0,43914.0,0.0,0.0,0.0,45.0,66.0,9.0,0.0,100.0,100.0,100.0,103.0,100.0,103.0,100.0,50.0,50.0,0.0,2.732000129763037,2.732000129763037,2.732000129763037,2.732000129763037,14.70000021904707,1.0,2.5635266304016113,0.0,0.0,13.0,3.000000142492354,2.9840001417323947,14.000000208616257,-10.0,0.0,0.0,-8.557242393493652,0.0,0.0,0.0,1.0,28.0,1050.0,-76.0,98.0,0.0,11.0,0.0,0.0,11.0,12.0,1915.0,102.0426254272461,0.0,0.0,0.0,0.0,0.0,0.0,0.0,0.0,0.0,0.0,0.0,0.0,0.0,0.0,0.0,0.0,13.0,0.0,0.0,0.0,2.0,0
97.13500213623047,36.0,1126.0,39.0,43914.0,0.0,0.0,0.0,45.0,66.0,9.0,0.0,100.0,100.0,100.0,103.0,100.0,103.0,100.0,50.0,50.0,0.0,2.732000129763037,2.732000129763037,2.732000129763037,2.732000129763037,14.70000021904707,1.0,2.5635266304016113,0.0,0.0,13.0,3.000000142492354,3.0080001428723335,14.000000208616257,70.0,0.0,0.0,-8.557242393493652,0.0,0.0,0.0,1.0,26.0,1050.0,-76.0,98.0,0.0,11.0,0.0,0.0,11.0,12.0,1915.0,102.0426254272461,0.0,0.0,0.0,0.0,0.0,0.0,0.0,0.0,0.0,0.0,0.0,0.0,0.0,0.0,0.0,0.0,13.0,0.0,0.0,0.0,2.0,0
97.26699829101562,36.0,1129.0,39.0,44031.0,0.0,0.0,0.0,45.0,66.0,9.0,0.0,100.0,100.0,100.0,103.0,100.0,103.0,100.0,50.0,50.0,0.0,2.732000129763037,2.732000129763037,2.732000129763037,2.732000129763037,14.70000021904707,1.0,2.570356607437134,0.0,0.0,13.0,3.000000142492354,3.0010001425398514,14.000000208616257,70.0,0.0,0.0,-8.557242393493652,0.0,0.0,0.0,1.0,26.0,1050.0,-79.0,98.0,0.0,11.0,0.0,0.0,11.0,12.0,1915.0,101.77147674560547,0.0,0.0,0.0,0.0,0.0,0.0,0.0,0.0,0.0,0.0,0.0,0.0,0.0,0.0,0.0,0.0,13.0,0.0,0.0,0.0,2.0,0
97.33499908447266,36.0,1128.0,39.0,43992.0,0.0,0.0,0.0,45.0,66.0,9.0,0.0,100.0,100.0,100.0,103.0,100.0,103.0,100.0,50.0,50.0,0.0,2.732000129763037,2.732000129763037,2.732000129763037,2.732000129763037,14.70000021904707,1.0,2.568079948425293,0.0,0.0,13.0,3.000000142492354,2.878000136697665,14.000000208616257,30.0,0.0,0.0,-8.557242393493652,0.0,0.0,0.0,1.0,26.0,1050.0,-78.0,98.0,0.0,11.0,0.0,0.0,11.0,12.0,1915.0,101.86170196533203,0.0,0.0,0.0,0.0,0.0,0.0,0.0,0.0,0.0,0.0,0.0,0.0,0.0,0.0,0.0,0.0,13.0,0.0,0.0,0.0,2.0,0
97.4010009765625,36.0,1128.0,39.0,43992.0,0.0,0.0,0.0,45.0,66.0,9.0,0.0,100.0,100.0,100.0,103.0,100.0,103.0,100.0,50.0,50.0,0.0,2.732000129763037,2.732000129763037,2.732000129763037,2.732000129763037,14.70000021904707,1.0,2.568079948425293,0.0,0.0,13.0,3.000000142492354,3.009000142919831,14.000000208616257,-10.0,0.0,0.0,-8.557242393493652,0.0,0.0,0.0,1.0,26.0,1050.0,-78.0,98.0,0.0,11.0,0.0,0.0,11.0,12.0,1915.0,101.86170196533203,0.0,0.0,0.0,0.0,0.0,0.0,0.0,0.0,0.0,0.0,0.0,0.0,0.0,0.0,0.0,0.0,13.0,0.0,0.0,0.0,2.0,0
97.46700286865234,36.0,1124.0,39.0,43836.0,0.0,0.0,0.0,45.0,66.0,9.0,0.0,100.0,100.0,100.0,103.0,100.0,103.0,100.0,50.0,50.0,0.0,2.732000129763037,2.732000129763037,2.732000129763037,2.732000129763037,14.70000021904707,1.0,2.5589733123779297,0.0,0.0,13.0,3.000000142492354,3.0240001436322927,14.000000208616257,-10.0,0.0,0.0,-8.557242393493652,0.0,0.0,0.0,1.0,26.0,1050.0,-74.0,98.0,0.0,11.0,0.0,0.0,11.0,12.0,1915.0,102.22419738769531,0.0,0.0,0.0,0.0,0.0,0.0,0.0,0.0,0.0,0.0,0.0,0.0,0.0,0.0,0.0,0.0,13.0,0.0,0.0,0.0,2.0,0
97.53600311279297,36.0,1124.0,39.0,43836.0,0.0,0.0,0.0,45.0,66.0,9.0,0.0,100.0,100.0,100.0,103.0,100.0,103.0,100.0,50.0,50.0,0.0,2.732000129763037,2.732000129763037,2.732000129763037,2.732000129763037,14.70000021904707,1.0,2.5589733123779297,0.0,0.0,13.0,3.000000142492354,3.016000143252313,14.000000208616257,-40.0,0.0,0.0,-8.557242393493652,0.0,0.0,0.0,1.0,26.0,1050.0,-74.0,98.0,0.0,11.0,0.0,0.0,11.0,12.0,1915.0,102.22419738769531,0.0,0.0,0.0,0.0,0.0,0.0,0.0,0.0,0.0,0.0,0.0,0.0,0.0,0.0,0.0,0.0,13.0,0.0,0.0,0.0,2.0,0
97.60299682617188,36.0,1128.0,39.0,43992.0,0.0,0.0,0.0,45.0,66.0,9.0,0.0,100.0,100.0,100.0,103.0,100.0,103.0,100.0,50.0,50.0,0.0,2.732000129763037,2.732000129763037,2.732000129763037,2.732000129763037,14.70000021904707,1.0,2.568079948425293,0.0,0.0,13.0,3.000000142492354,3.02500014367979,14.000000208616257,-40.0,0.0,0.0,-8.557242393493652,0.0,0.0,0.0,1.0,26.0,1050.0,-78.0,98.0,0.0,11.0,0.0,0.0,11.0,12.0,1915.0,101.86170196533203,0.0,0.0,0.0,0.0,0.0,0.0,0.0,0.0,0.0,0.0,0.0,0.0,0.0,0.0,0.0,0.0,13.0,0.0,0.0,0.0,2.0,0
97.6709976196289,36.0,1114.0,39.0,43446.0,0.0,0.0,0.0,45.0,66.0,9.0,0.0,100.0,100.0,100.0,103.0,100.0,103.0,100.0,50.0,50.0,0.0,2.732000129763037,2.732000129763037,2.732000129763037,2.732000129763037,14.70000021904707,1.0,2.5362067222595215,0.0,0.0,13.0,3.000000142492354,3.005000142729841,14.000000208616257,40.0,0.0,0.0,-8.557242393493652,0.0,0.0,0.0,1.0,26.0,1050.0,-64.0,98.0,0.0,11.0,0.0,0.0,11.0,12.0,1915.0,103.14183044433594,0.0,0.0,0.0,0.0,0.0,0.0,0.0,0.0,0.0,0.0,0.0,0.0,0.0,0.0,0.0,0.0,13.0,0.0,0.0,0.0,2.0,0
97.6709976196289,36.0,1114.0,39.0,43446.0,0.0,0.0,0.0,45.0,66.0,9.0,0.0,100.0,100.0,100.0,103.0,100.0,103.0,100.0,50.0,50.0,0.0,2.732000129763037,2.732000129763037,2.732000129763037,2.732000129763037,14.70000021904707,1.0,2.5362067222595215,0.0,0.0,13.0,3.000000142492354,3.0150001432048157,14.000000208616257,-140.0,0.0,0.0,-8.557242393493652,0.0,0.0,0.0,1.0,26.0,1050.0,-64.0,98.0,0.0,11.0,0.0,0.0,11.0,12.0,1915.0,103.14183044433594,0.0,0.0,0.0,0.0,0.0,0.0,0.0,0.0,0.0,0.0,0.0,0.0,0.0,0.0,0.0,0.0,13.0,0.0,0.0,0.0,2.0,0
97.8030014038086,36.0,1119.0,39.0,43641.0,0.0,0.0,0.0,45.0,66.0,9.0,0.0,100.0,100.0,100.0,103.0,100.0,103.0,100.0,50.0,50.0,0.0,2.732000129763037,2.732000129763037,2.732000129763037,2.732000129763037,14.70000021904707,1.0,2.5475900173187256,0.0,0.0,13.0,3.000000142492354,2.9280001390725374,14.000000208616257,-140.0,0.0,0.0,-8.557242393493652,0.0,0.0,0.0,1.0,26.0,1050.0,-69.0,98.0,0.0,11.0,0.0,0.0,11.0,12.0,1915.0,102.68096160888672,0.0,0.0,0.0,0.0,0.0,0.0,0.0,0.0,0.0,0.0,0.0,0.0,0.0,0.0,0.0,0.0,13.0,0.0,0.0,0.0,2.0,0
97.86900329589844,37.0,1122.0,39.0,43758.0,0.0,0.0,0.0,45.0,66.0,9.0,0.0,100.0,100.0,100.0,103.0,100.0,103.0,100.0,50.0,50.0,0.0,2.732000129763037,2.732000129763037,2.732000129763037,2.732000129763037,14.70000021904707,1.0,2.554419994354248,0.0,0.0,13.0,3.000000142492354,3.040000144392252,14.000000208616257,50.0,0.0,0.0,-8.557242393493652,0.0,0.0,0.0,1.0,26.0,1050.0,-72.0,98.0,0.0,11.0,0.0,0.0,11.0,12.0,1906.0,101.92513275146484,0.0,0.0,0.0,0.0,0.0,0.0,0.0,0.0,0.0,0.0,0.0,0.0,0.0,0.0,0.0,0.0,13.0,0.0,0.0,0.0,2.0,0
97.93800354003906,37.0,1122.0,39.0,43758.0,0.0,0.0,0.0,45.0,66.0,9.0,0.0,100.0,100.0,100.0,103.0,100.0,103.0,100.0,50.0,50.0,0.0,2.732000129763037,2.732000129763037,2.732000129763037,2.732000129763037,14.70000021904707,1.0,2.554419994354248,0.0,0.0,13.0,3.000000142492354,3.0230001435847953,14.000000208616257,30.0,0.0,0.0,-8.557242393493652,0.0,0.0,0.0,1.0,26.0,1050.0,-72.0,98.0,0.0,11.0,0.0,0.0,11.0,12.0,1906.0,101.92513275146484,0.0,0.0,0.0,0.0,0.0,0.0,0.0,0.0,0.0,0.0,0.0,0.0,0.0,0.0,0.0,0.0,13.0,0.0,0.0,0.0,2.0,0
98.00299835205078,37.0,1130.0,39.0,44070.0,0.0,0.0,0.0,45.0,66.0,9.0,0.0,100.0,100.0,100.0,103.0,100.0,103.0,100.0,50.0,50.0,0.0,2.732000129763037,2.732000129763037,2.732000129763037,2.732000129763037,14.70000021904707,1.0,2.5726332664489746,0.0,0.0,13.0,3.000000142492354,2.985000141779892,14.000000208616257,30.0,0.0,0.0,-8.557242393493652,0.0,0.0,0.0,1.0,26.0,1050.0,-80.0,98.0,0.0,11.0,0.0,0.0,11.0,12.0,1906.0,101.20353698730469,0.0,0.0,0.0,0.0,0.0,0.0,0.0,0.0,0.0,0.0,0.0,0.0,0.0,0.0,0.0,0.0,13.0,0.0,0.0,0.0,2.0,0
98.06999969482422,37.0,1130.0,39.0,44070.0,0.0,0.0,0.0,45.0,66.0,9.0,0.0,100.0,100.0,100.0,103.0,100.0,103.0,100.0,50.0,50.0,0.0,2.732000129763037,2.732000129763037,2.732000129763037,2.732000129763037,14.70000021904707,1.0,2.5726332664489746,0.0,0.0,13.0,3.000000142492354,3.0150001432048157,14.000000208616257,80.0,0.0,0.0,-8.557242393493652,0.0,0.0,0.0,1.0,26.0,1050.0,-80.0,98.0,0.0,11.0,0.0,0.0,11.0,12.0,1906.0,101.20353698730469,0.0,0.0,0.0,0.0,0.0,0.0,0.0,0.0,0.0,0.0,0.0,0.0,0.0,0.0,0.0,0.0,13.0,0.0,0.0,0.0,2.0,0
98.13500213623047,37.0,1135.0,39.0,44265.0,0.0,0.0,0.0,45.0,66.0,9.0,0.0,100.0,100.0,100.0,103.0,100.0,103.0,100.0,50.0,50.0,0.0,2.732000129763037,2.732000129763037,2.732000129763037,2.732000129763037,14.70000021904707,1.0,2.5840165615081787,0.0,0.0,13.0,3.000000142492354,3.0170001432998106,14.000000208616257,50.0,0.0,0.0,-8.557242393493652,0.0,0.0,0.0,1.0,22.0,1050.0,-85.0,98.0,0.0,11.0,0.0,0.0,11.0,12.0,1906.0,100.75770568847656,0.0,0.0,0.0,0.0,0.0,0.0,0.0,0.0,0.0,0.0,0.0,0.0,0.0,0.0,0.0,0.0,13.0,0.0,0.0,0.0,2.0,0
98.2030029296875,37.0,1140.0,39.0,44460.0,0.0,0.0,0.0,45.0,66.0,9.0,0.0,100.0,100.0,100.0,103.0,100.0,103.0,100.0,50.0,50.0,0.0,2.732000129763037,2.732000129763037,2.732000129763037,2.732000129763037,14.70000021904707,1.0,2.595400094985962,0.0,0.0,13.0,3.000000142492354,3.1140001479070634,14.000000208616257,50.0,0.0,0.0,-8.557242393493652,0.0,0.0,0.0,1.0,22.0,1050.0,-90.0,98.0,0.0,11.0,0.0,0.0,11.0,12.0,1906.0,100.31578826904297,0.0,0.0,0.0,0.0,0.0,0.0,0.0,0.0,0.0,0.0,0.0,0.0,0.0,0.0,0.0,0.0,13.0,0.0,0.0,0.0,2.0,0
98.2699966430664,37.0,1140.0,39.0,44460.0,0.0,0.0,0.0,45.0,66.0,9.0,0.0,100.0,100.0,100.0,103.0,100.0,103.0,100.0,50.0,50.0,0.0,2.732000129763037,2.732000129763037,2.732000129763037,2.732000129763037,14.70000021904707,1.0,2.595400094985962,0.0,0.0,13.0,3.000000142492354,3.0170001432998106,14.000000208616257,50.0,0.0,0.0,-8.557242393493652,0.0,0.0,0.0,1.0,22.0,1050.0,-90.0,98.0,0.0,11.0,0.0,0.0,11.0,12.0,1906.0,100.31578826904297,0.0,0.0,0.0,0.0,0.0,0.0,0.0,0.0,0.0,0.0,0.0,0.0,0.0,0.0,0.0,0.0,13.0,0.0,0.0,0.0,2.0,0
98.33399963378906,37.0,1139.0,39.0,44421.0,0.0,0.0,0.0,45.0,66.0,9.0,0.0,100.0,100.0,100.0,103.0,100.0,103.0,100.0,50.0,50.0,0.0,2.732000129763037,2.732000129763037,2.732000129763037,2.732000129763037,14.70000021904707,1.0,2.593123435974121,0.0,0.0,13.0,3.000000142492354,3.200000151991844,13.90000020712614,-10.0,0.0,0.0,-8.557242393493652,0.0,0.0,0.0,1.0,22.0,1050.0,-89.0,98.0,0.0,11.0,0.0,0.0,11.0,12.0,1906.0,100.40386199951172,0.0,0.0,0.0,0.0,0.0,0.0,0.0,0.0,0.0,0.0,0.0,0.0,0.0,0.0,0.0,0.0,13.0,0.0,0.0,0.0,2.0,0
98.4000015258789,37.0,1144.0,39.0,44616.0,0.0,0.0,0.0,45.0,66.0,9.0,0.0,100.0,100.0,100.0,103.0,100.0,103.0,100.0,50.0,50.0,0.0,2.732000129763037,2.732000129763037,2.732000129763037,2.732000129763037,14.70000021904707,1.0,2.604506731033325,0.0,0.0,13.0,3.000000142492354,3.0830001464346424,13.90000020712614,-10.0,0.0,0.0,-8.557242393493652,0.0,0.0,0.0,1.0,22.0,1050.0,-94.0,98.0,0.0,11.0,0.0,0.0,11.0,12.0,1906.0,99.96503448486328,0.0,0.0,0.0,0.0,0.0,0.0,0.0,0.0,0.0,0.0,0.0,0.0,0.0,0.0,0.0,0.0,13.0,0.0,0.0,0.0,2.0,0
98.46600341796875,37.0,1144.0,39.0,44616.0,0.0,0.0,0.0,45.0,66.0,9.0,0.0,100.0,100.0,100.0,103.0,100.0,103.0,100.0,50.0,50.0,0.0,2.732000129763037,2.732000129763037,2.732000129763037,2.732000129763037,14.70000021904707,1.0,2.604506731033325,0.0,0.0,13.0,3.000000142492354,3.020000143442303,13.90000020712614,50.0,0.0,0.0,-8.557242393493652,0.0,0.0,0.0,1.0,20.0,1050.0,-94.0,98.0,0.0,11.0,0.0,0.0,11.0,12.0,1906.0,99.96503448486328,0.0,0.0,0.0,0.0,0.0,0.0,0.0,0.0,0.0,0.0,0.0,0.0,0.0,0.0,0.0,0.0,13.0,0.0,0.0,0.0,2.0,0
98.53500366210938,37.0,1146.0,39.0,44694.0,0.0,0.0,0.0,45.0,66.0,9.0,0.0,100.0,100.0,100.0,103.0,100.0,103.0,100.0,50.0,50.0,0.0,2.732000129763037,2.732000129763037,2.732000129763037,2.732000129763037,14.70000021904707,1.0,2.609060049057007,0.0,0.0,13.0,3.000000142492354,2.998000142397359,13.90000020712614,20.0,0.0,0.0,-8.557242393493652,0.0,0.0,0.0,1.0,20.0,1050.0,-96.0,98.0,0.0,11.0,0.0,0.0,11.0,12.0,1906.0,99.79057312011719,0.0,0.0,0.0,0.0,0.0,0.0,0.0,0.0,0.0,0.0,0.0,0.0,0.0,0.0,0.0,0.0,13.0,0.0,0.0,0.0,2.0,0
98.60099792480469,37.0,1142.0,39.0,44538.0,0.0,0.0,0.0,45.0,66.0,9.0,0.0,100.0,100.0,100.0,103.0,100.0,103.0,100.0,50.0,50.0,0.0,2.732000129763037,2.732000129763037,2.732000129763037,2.732000129763037,14.70000021904707,1.0,2.5999534130096436,0.0,0.0,13.0,3.000000142492354,3.0150001432048157,13.90000020712614,20.0,0.0,0.0,-8.557242393493652,0.0,0.0,0.0,1.0,20.0,1050.0,-92.0,98.0,0.0,11.0,0.0,0.0,11.0,12.0,1906.0,100.14010620117188,0.0,0.0,0.0,0.0,0.0,0.0,0.0,0.0,0.0,0.0,0.0,0.0,0.0,0.0,0.0,0.0,13.0,0.0,0.0,0.0,2.0,0
98.66799926757812,37.0,1142.0,39.0,44538.0,0.0,0.0,0.0,45.0,66.0,9.0,0.0,100.0,100.0,100.0,103.0,100.0,103.0,100.0,50.0,50.0,0.0,2.732000129763037,2.732000129763037,2.732000129763037,2.732000129763037,14.70000021904707,1.0,2.5999534130096436,0.0,0.0,13.0,3.000000142492354,3.02900014386978,13.90000020712614,-40.0,0.0,0.0,-8.557242393493652,0.0,0.0,0.0,1.0,20.0,1050.0,-92.0,98.0,0.0,11.0,0.0,0.0,11.0,12.0,1906.0,100.14010620117188,0.0,0.0,0.0,0.0,0.0,0.0,0.0,0.0,0.0,0.0,0.0,0.0,0.0,0.0,0.0,0.0,13.0,0.0,0.0,0.0,2.0,0
98.73699951171875,37.0,1137.0,39.0,44343.0,0.0,0.0,0.0,45.0,66.0,9.0,0.0,100.0,100.0,100.0,103.0,100.0,103.0,100.0,50.0,50.0,0.0,2.732000129763037,2.732000129763037,2.732000129763037,2.732000129763037,14.70000021904707,1.0,2.5885701179504395,0.0,0.0,13.0,3.000000142492354,2.9310001392150298,13.90000020712614,-50.0,0.0,0.0,-8.557242393493652,0.0,0.0,0.0,1.0,20.0,1050.0,-87.0,98.0,0.0,11.0,0.0,0.0,11.0,12.0,1906.0,100.58047485351562,0.0,0.0,0.0,0.0,0.0,0.0,0.0,0.0,0.0,0.0,0.0,0.0,0.0,0.0,0.0,0.0,13.0,0.0,0.0,0.0,2.0,0
98.8030014038086,37.0,1137.0,39.0,44343.0,0.0,0.0,0.0,45.0,66.0,9.0,0.0,100.0,100.0,100.0,103.0,100.0,103.0,100.0,50.0,50.0,0.0,2.732000129763037,2.732000129763037,2.732000129763037,2.732000129763037,14.70000021904707,1.0,2.5885701179504395,0.0,0.0,13.0,3.000000142492354,3.0170001432998106,13.90000020712614,-50.0,0.0,0.0,-8.557242393493652,0.0,0.0,0.0,1.0,20.0,1050.0,-87.0,98.0,0.0,11.0,0.0,0.0,11.0,12.0,1906.0,100.58047485351562,0.0,0.0,0.0,0.0,0.0,0.0,0.0,0.0,0.0,0.0,0.0,0.0,0.0,0.0,0.0,0.0,13.0,0.0,0.0,0.0,2.0,0
98.86699676513672,38.0,1134.0,39.0,44226.0,0.0,0.0,0.0,45.0,66.0,9.0,0.0,100.0,100.0,100.0,103.0,100.0,103.0,100.0,50.0,50.0,0.0,2.732000129763037,2.732000129763037,2.732000129763037,2.732000129763037,14.70000021904707,1.0,2.581739902496338,0.0,0.0,13.0,3.000000142492354,2.945000139879994,14.000000208616257,-30.0,0.0,0.0,-8.557242393493652,0.0,0.0,0.0,1.0,20.0,1050.0,-84.0,98.0,0.0,11.0,0.0,0.0,11.0,12.0,3816.0,201.90475463867188,0.0,0.0,0.0,0.0,0.0,0.0,0.0,0.0,0.0,0.0,0.0,0.0,0.0,0.0,0.0,0.0,13.0,0.0,0.0,0.0,2.0,0
98.93299865722656,38.0,1134.0,39.0,44226.0,0.0,0.0,0.0,45.0,66.0,9.0,0.0,100.0,100.0,100.0,103.0,100.0,103.0,100.0,50.0,50.0,0.0,2.732000129763037,2.732000129763037,2.732000129763037,2.732000129763037,14.70000021904707,1.0,2.581739902496338,0.0,0.0,13.0,3.000000142492354,2.934000139357522,14.000000208616257,0.0,0.0,0.0,-8.557242393493652,0.0,0.0,0.0,1.0,20.0,1050.0,-84.0,98.0,0.0,11.0,0.0,0.0,11.0,12.0,3816.0,201.90475463867188,0.0,0.0,0.0,0.0,0.0,0.0,0.0,0.0,0.0,0.0,0.0,0.0,0.0,0.0,0.0,0.0,13.0,0.0,0.0,0.0,2.0,0
99.00199890136719,38.0,1134.0,39.0,44226.0,0.0,0.0,0.0,45.0,66.0,9.0,0.0,100.0,100.0,100.0,103.0,100.0,103.0,100.0,50.0,50.0,0.0,2.732000129763037,2.732000129763037,2.732000129763037,2.732000129763037,14.70000021904707,1.0,2.581739902496338,0.0,0.0,13.0,3.000000142492354,3.0140001431573182,14.000000208616257,0.0,0.0,0.0,-8.557242393493652,0.0,0.0,0.0,1.0,20.0,1050.0,-84.0,98.0,0.0,11.0,0.0,0.0,11.0,12.0,3816.0,201.90475463867188,0.0,0.0,0.0,0.0,0.0,0.0,0.0,0.0,0.0,0.0,0.0,0.0,0.0,0.0,0.0,0.0,13.0,0.0,0.0,0.0,2.0,0
99.06900024414062,38.0,1131.0,39.0,44109.0,0.0,0.0,0.0,45.0,66.0,9.0,0.0,100.0,100.0,100.0,103.0,100.0,103.0,100.0,50.0,50.0,0.0,2.732000129763037,2.732000129763037,2.732000129763037,2.732000129763037,14.70000021904707,1.0,2.5749099254608154,0.0,0.0,13.0,3.000000142492354,2.9570001404499635,14.000000208616257,-30.0,0.0,0.0,-8.557242393493652,0.0,0.0,0.0,1.0,20.0,1050.0,-81.0,98.0,0.0,11.0,0.0,0.0,11.0,12.0,3816.0,202.44032287597656,0.0,0.0,0.0,0.0,0.0,0.0,0.0,0.0,0.0,0.0,0.0,0.0,0.0,0.0,0.0,0.0,13.0,0.0,0.0,0.0,2.0,0
99.13899993896484,38.0,1132.0,39.0,44148.0,0.0,0.0,0.0,45.0,66.0,9.0,0.0,100.0,100.0,100.0,103.0,100.0,103.0,100.0,50.0,50.0,0.0,2.732000129763037,2.732000129763037,2.732000129763037,2.732000129763037,14.70000021904707,1.0,2.5771865844726562,0.0,0.0,13.0,3.000000142492354,2.9590001405449584,14.000000208616257,10.0,0.0,0.0,-8.557242393493652,0.0,0.0,0.0,1.0,20.0,1050.0,-82.0,98.0,0.0,11.0,0.0,0.0,11.0,12.0,3816.0,202.26148986816406,0.0,0.0,0.0,0.0,0.0,0.0,0.0,0.0,0.0,0.0,0.0,0.0,0.0,0.0,0.0,0.0,13.0,0.0,0.0,0.0,2.0,0
99.2030029296875,38.0,1132.0,39.0,44148.0,0.0,0.0,0.0,45.0,66.0,9.0,0.0,100.0,100.0,100.0,103.0,100.0,103.0,100.0,50.0,50.0,0.0,2.732000129763037,2.732000129763037,2.732000129763037,2.732000129763037,14.70000021904707,1.0,2.5771865844726562,0.0,0.0,13.0,3.000000142492354,3.002000142587349,14.000000208616257,10.0,0.0,0.0,-8.557242393493652,0.0,0.0,0.0,1.0,20.0,1050.0,-82.0,98.0,0.0,11.0,0.0,0.0,11.0,12.0,3816.0,202.26148986816406,0.0,0.0,0.0,0.0,0.0,0.0,0.0,0.0,0.0,0.0,0.0,0.0,0.0,0.0,0.0,0.0,13.0,0.0,0.0,0.0,2.0,0
99.26899719238281,38.0,1129.0,39.0,44031.0,0.0,0.0,0.0,45.0,66.0,9.0,0.0,100.0,100.0,100.0,103.0,100.0,103.0,100.0,50.0,50.0,0.0,2.732000129763037,2.732000129763037,2.732000129763037,2.732000129763037,14.70000021904707,1.0,2.570356607437134,0.0,0.0,13.0,3.000000142492354,2.907000138075091,14.000000208616257,0.0,0.0,0.0,-8.557242393493652,0.0,0.0,0.0,1.0,20.0,1050.0,-79.0,98.0,0.0,11.0,0.0,0.0,11.0,12.0,3816.0,202.79893493652344,0.0,0.0,0.0,0.0,0.0,0.0,0.0,0.0,0.0,0.0,0.0,0.0,0.0,0.0,0.0,0.0,13.0,0.0,0.0,0.0,2.0,0
99.33599853515625,38.0,1129.0,39.0,44031.0,0.0,0.0,0.0,45.0,66.0,9.0,0.0,100.0,100.0,100.0,103.0,100.0,103.0,100.0,50.0,50.0,0.0,2.732000129763037,2.732000129763037,2.732000129763037,2.732000129763037,14.70000021904707,1.0,2.570356607437134,0.0,0.0,13.0,3.000000142492354,3.0140001431573182,14.000000208616257,-30.0,0.0,0.0,-8.557242393493652,0.0,0.0,0.0,1.0,20.0,1050.0,-79.0,98.0,0.0,11.0,0.0,0.0,11.0,12.0,3816.0,202.79893493652344,0.0,0.0,0.0,0.0,0.0,0.0,0.0,0.0,0.0,0.0,0.0,0.0,0.0,0.0,0.0,0.0,13.0,0.0,0.0,0.0,2.0,0
99.40399932861328,38.0,1130.0,39.0,44070.0,0.0,0.0,0.0,45.0,66.0,9.0,0.0,100.0,100.0,100.0,103.0,100.0,103.0,100.0,50.0,50.0,0.0,2.732000129763037,2.732000129763037,2.732000129763037,2.732000129763037,14.70000021904707,1.0,2.5726332664489746,0.0,0.0,13.0,3.000000142492354,3.031000143964775,14.000000208616257,-30.0,0.0,0.0,-8.557242393493652,0.0,0.0,0.0,1.0,20.0,1050.0,-80.0,98.0,0.0,11.0,0.0,0.0,11.0,12.0,3816.0,202.61947631835938,0.0,0.0,0.0,0.0,0.0,0.0,0.0,0.0,0.0,0.0,0.0,0.0,0.0,0.0,0.0,0.0,13.0,0.0,0.0,0.0,2.0,0
99.46900177001953,38.0,1129.0,39.0,44031.0,0.0,0.0,0.0,45.0,66.0,9.0,0.0,100.0,100.0,100.0,103.0,100.0,103.0,100.0,50.0,50.0,0.0,2.732000129763037,2.732000129763037,2.732000129763037,2.732000129763037,14.70000021904707,1.0,2.570356607437134,0.0,0.0,13.0,3.000000142492354,2.885000137030147,14.000000208616257,10.0,0.0,0.0,-8.557242393493652,0.0,0.0,0.0,1.0,20.0,1050.0,-79.0,98.0,0.0,11.0,0.0,0.0,11.0,12.0,3816.0,202.79893493652344,0.0,0.0,0.0,0.0,0.0,0.0,0.0,0.0,0.0,0.0,0.0,0.0,0.0,0.0,0.0,0.0,13.0,0.0,0.0,0.0,2.0,0
99.53600311279297,38.0,1129.0,39.0,44031.0,0.0,0.0,0.0,45.0,66.0,9.0,0.0,100.0,100.0,100.0,103.0,100.0,103.0,100.0,50.0,50.0,0.0,2.732000129763037,2.732000129763037,2.732000129763037,2.732000129763037,14.70000021904707,1.0,2.570356607437134,0.0,0.0,13.0,3.000000142492354,3.016000143252313,14.000000208616257,-10.0,0.0,0.0,-8.557242393493652,0.0,0.0,0.0,1.0,20.0,1050.0,-79.0,98.0,0.0,11.0,0.0,0.0,11.0,12.0,3816.0,202.79893493652344,0.0,0.0,0.0,0.0,0.0,0.0,0.0,0.0,0.0,0.0,0.0,0.0,0.0,0.0,0.0,0.0,13.0,0.0,0.0,0.0,2.0,0
99.60099792480469,38.0,1125.0,39.0,43875.0,0.0,0.0,0.0,45.0,66.0,9.0,0.0,100.0,100.0,100.0,103.0,100.0,103.0,100.0,50.0,50.0,0.0,2.732000129763037,2.732000129763037,2.732000129763037,2.732000129763037,14.70000021904707,1.0,2.5612499713897705,0.0,0.0,13.0,3.000000142492354,2.969000141019933,14.000000208616257,-10.0,0.0,0.0,-8.557242393493652,0.0,0.0,0.0,1.0,20.0,1050.0,-75.0,98.0,0.0,11.0,0.0,0.0,11.0,12.0,3816.0,203.52000427246094,0.0,0.0,0.0,0.0,0.0,0.0,0.0,0.0,0.0,0.0,0.0,0.0,0.0,0.0,0.0,0.0,13.0,0.0,0.0,0.0,2.0,0
99.66500091552734,38.0,1129.0,39.0,44031.0,0.0,0.0,0.0,45.0,66.0,9.0,0.0,100.0,100.0,100.0,103.0,100.0,103.0,100.0,50.0,50.0,0.0,2.732000129763037,2.732000129763037,2.732000129763037,2.732000129763037,14.70000021904707,1.0,2.570356607437134,0.0,0.0,13.0,3.000000142492354,2.9020001378376037,14.000000208616257,-40.0,0.0,0.0,-8.557242393493652,0.0,0.0,0.0,1.0,20.0,1050.0,-79.0,98.0,0.0,11.0,0.0,0.0,11.0,12.0,3816.0,202.79893493652344,0.0,0.0,0.0,0.0,0.0,0.0,0.0,0.0,0.0,0.0,0.0,0.0,0.0,0.0,0.0,0.0,13.0,0.0,0.0,0.0,2.0,0
99.73699951171875,38.0,1129.0,39.0,44031.0,0.0,0.0,0.0,45.0,66.0,9.0,0.0,100.0,100.0,100.0,103.0,100.0,103.0,100.0,50.0,50.0,0.0,2.732000129763037,2.732000129763037,2.732000129763037,2.732000129763037,14.70000021904707,1.0,2.570356607437134,0.0,0.0,13.0,3.000000142492354,3.0030001426348463,14.000000208616257,40.0,0.0,0.0,-8.557242393493652,0.0,0.0,0.0,1.0,20.0,1050.0,-79.0,98.0,0.0,11.0,0.0,0.0,11.0,12.0,3816.0,202.79893493652344,0.0,0.0,0.0,0.0,0.0,0.0,0.0,0.0,0.0,0.0,0.0,0.0,0.0,0.0,0.0,0.0,13.0,0.0,0.0,0.0,2.0,0
99.8010025024414,38.0,1131.0,39.0,44109.0,0.0,0.0,0.0,45.0,66.0,9.0,0.0,100.0,100.0,100.0,103.0,100.0,103.0,100.0,50.0,50.0,0.0,2.732000129763037,2.732000129763037,2.732000129763037,2.732000129763037,14.70000021904707,1.0,2.5749099254608154,0.0,0.0,13.0,3.000000142492354,3.022000143537298,14.000000208616257,40.0,0.0,0.0,-8.557242393493652,0.0,0.0,0.0,1.0,20.0,1050.0,-81.0,98.0,0.0,11.0,0.0,0.0,11.0,12.0,3816.0,202.44032287597656,0.0,0.0,0.0,0.0,0.0,0.0,0.0,0.0,0.0,0.0,0.0,0.0,0.0,0.0,0.0,0.0,13.0,0.0,0.0,0.0,2.0,0
99.86599731445312,39.0,1125.0,39.0,43875.0,0.0,0.0,0.0,45.0,66.0,9.0,0.0,100.0,100.0,100.0,103.0,100.0,103.0,100.0,50.0,50.0,0.0,2.732000129763037,2.732000129763037,2.732000129763037,2.732000129763037,14.70000021904707,1.0,2.5612499713897705,0.0,0.0,13.0,3.000000142492354,3.016000143252313,14.000000208616257,20.0,0.0,0.0,-8.557242393493652,0.0,0.0,0.0,1.0,20.0,1050.0,-75.0,98.0,0.0,11.0,0.0,0.0,11.0,12.0,1914.0,102.08000183105469,0.0,0.0,0.0,0.0,0.0,0.0,0.0,0.0,0.0,0.0,0.0,0.0,0.0,0.0,0.0,0.0,13.0,0.0,0.0,0.0,2.0,0
99.93599700927734,39.0,1125.0,39.0,43875.0,0.0,0.0,0.0,45.0,66.0,9.0,0.0,100.0,100.0,100.0,103.0,100.0,103.0,100.0,50.0,50.0,0.0,2.732000129763037,2.732000129763037,2.732000129763037,2.732000129763037,14.70000021904707,1.0,2.5612499713897705,0.0,0.0,13.0,3.000000142492354,3.0210001434898004,14.000000208616257,20.0,0.0,0.0,-8.557242393493652,0.0,0.0,0.0,1.0,20.0,1050.0,-75.0,98.0,0.0,11.0,0.0,0.0,11.0,12.0,1914.0,102.08000183105469,0.0,0.0,0.0,0.0,0.0,0.0,0.0,0.0,0.0,0.0,0.0,0.0,0.0,0.0,0.0,0.0,13.0,0.0,0.0,0.0,2.0,0
100.00199890136719,39.0,1122.0,39.0,43758.0,0.0,0.0,0.0,45.0,66.0,9.0,0.0,100.0,100.0,100.0,103.0,100.0,103.0,100.0,50.0,50.0,0.0,2.732000129763037,2.732000129763037,2.732000129763037,2.732000129763037,14.70000021904707,1.0,2.554419994354248,0.0,0.0,13.0,3.000000142492354,2.92700013902504,14.000000208616257,-60.0,0.0,0.0,-8.557242393493652,0.0,0.0,0.0,1.0,20.0,1050.0,-72.0,98.0,0.0,11.0,0.0,0.0,11.0,12.0,1914.0,102.35294342041016,0.0,0.0,0.0,0.0,0.0,0.0,0.0,0.0,0.0,0.0,0.0,0.0,0.0,0.0,0.0,0.0,13.0,0.0,0.0,0.0,2.0,0
100.06700134277344,39.0,1122.0,39.0,43758.0,0.0,0.0,0.0,45.0,66.0,9.0,0.0,100.0,100.0,100.0,103.0,100.0,103.0,100.0,50.0,50.0,0.0,2.732000129763037,2.732000129763037,2.732000129763037,2.732000129763037,14.70000021904707,1.0,2.554419994354248,0.0,0.0,13.0,3.000000142492354,3.016000143252313,14.000000208616257,-30.0,0.0,0.0,-8.557242393493652,0.0,0.0,0.0,1.0,20.0,1050.0,-72.0,98.0,0.0,11.0,0.0,0.0,11.0,12.0,1914.0,102.35294342041016,0.0,0.0,0.0,0.0,0.0,0.0,0.0,0.0,0.0,0.0,0.0,0.0,0.0,0.0,0.0,0.0,13.0,0.0,0.0,0.0,2.0,0
100.13700103759766,39.0,1127.0,39.0,43953.0,0.0,0.0,0.0,45.0,66.0,9.0,0.0,100.0,100.0,100.0,103.0,100.0,103.0,100.0,50.0,50.0,0.0,2.732000129763037,2.732000129763037,2.732000129763037,2.732000129763037,14.70000021904707,1.0,2.565803289413452,0.0,0.0,13.0,3.000000142492354,3.0970001470996067,14.000000208616257,-30.0,0.0,0.0,-8.557242393493652,0.0,0.0,0.0,1.0,20.0,1050.0,-77.0,98.0,0.0,11.0,0.0,0.0,11.0,12.0,1914.0,101.89884948730469,0.0,0.0,0.0,0.0,0.0,0.0,0.0,0.0,0.0,0.0,0.0,0.0,0.0,0.0,0.0,0.0,13.0,0.0,0.0,0.0,2.0,0
100.2040023803711,39.0,1129.0,39.0,44031.0,0.0,0.0,0.0,45.0,66.0,9.0,0.0,100.0,100.0,100.0,103.0,100.0,103.0,100.0,50.0,50.0,0.0,2.732000129763037,2.732000129763037,2.732000129763037,2.732000129763037,14.70000021904707,1.0,2.570356607437134,0.0,0.0,13.0,3.000000142492354,2.9310001392150298,14.000000208616257,50.0,0.0,0.0,-8.557242393493652,0.0,0.0,0.0,1.0,20.0,1050.0,-79.0,98.0,0.0,11.0,0.0,0.0,11.0,12.0,1914.0,101.71833801269531,0.0,0.0,0.0,0.0,0.0,0.0,0.0,0.0,0.0,0.0,0.0,0.0,0.0,0.0,0.0,0.0,13.0,0.0,0.0,0.0,2.0,0
100.26799774169922,39.0,1129.0,39.0,44031.0,0.0,0.0,0.0,45.0,66.0,9.0,0.0,100.0,100.0,100.0,103.0,100.0,103.0,100.0,50.0,50.0,0.0,2.732000129763037,2.732000129763037,2.732000129763037,2.732000129763037,14.70000021904707,1.0,2.570356607437134,0.0,0.0,13.0,3.000000142492354,3.009000142919831,14.000000208616257,20.0,0.0,0.0,-8.557242393493652,0.0,0.0,0.0,1.0,20.0,1050.0,-79.0,98.0,0.0,11.0,0.0,0.0,11.0,12.0,1914.0,101.71833801269531,0.0,0.0,0.0,0.0,0.0,0.0,0.0,0.0,0.0,0.0,0.0,0.0,0.0,0.0,0.0,0.0,13.0,0.0,0.0,0.0,2.0,0
100.33799743652344,39.0,1132.0,39.0,44148.0,0.0,0.0,0.0,45.0,66.0,9.0,0.0,100.0,100.0,100.0,103.0,100.0,103.0,100.0,50.0,50.0,0.0,2.732000129763037,2.732000129763037,2.732000129763037,2.732000129763037,14.70000021904707,1.0,2.5771865844726562,0.0,0.0,13.0,3.000000142492354,2.9590001405449584,14.000000208616257,20.0,0.0,0.0,-8.557242393493652,0.0,0.0,0.0,1.0,20.0,1050.0,-82.0,98.0,0.0,11.0,0.0,0.0,11.0,12.0,1914.0,101.44876098632812,0.0,0.0,0.0,0.0,0.0,0.0,0.0,0.0,0.0,0.0,0.0,0.0,0.0,0.0,0.0,0.0,13.0,0.0,0.0,0.0,2.0,0
100.40299987792969,39.0,1131.0,39.0,44109.0,0.0,0.0,0.0,45.0,66.0,9.0,0.0,100.0,100.0,100.0,103.0,100.0,103.0,100.0,50.0,50.0,0.0,2.732000129763037,2.732000129763037,2.732000129763037,2.732000129763037,14.70000021904707,1.0,2.5749099254608154,0.0,0.0,13.0,3.000000142492354,3.0150001432048157,14.000000208616257,30.0,0.0,0.0,-8.557242393493652,0.0,0.0,0.0,1.0,20.0,1050.0,-81.0,98.0,0.0,11.0,0.0,0.0,11.0,12.0,1914.0,101.53845977783203,0.0,0.0,0.0,0.0,0.0,0.0,0.0,0.0,0.0,0.0,0.0,0.0,0.0,0.0,0.0,0.0,13.0,0.0,0.0,0.0,2.0,0
100.47000122070312,39.0,1131.0,39.0,44109.0,0.0,0.0,0.0,45.0,66.0,9.0,0.0,100.0,100.0,100.0,103.0,100.0,103.0,100.0,50.0,50.0,0.0,2.732000129763037,2.732000129763037,2.732000129763037,2.732000129763037,14.70000021904707,1.0,2.5749099254608154,0.0,0.0,13.0,3.000000142492354,3.02500014367979,14.000000208616257,-10.0,0.0,0.0,-8.557242393493652,0.0,0.0,0.0,1.0,20.0,1050.0,-81.0,98.0,0.0,11.0,0.0,0.0,11.0,12.0,1914.0,101.53845977783203,0.0,0.0,0.0,0.0,0.0,0.0,0.0,0.0,0.0,0.0,0.0,0.0,0.0,0.0,0.0,0.0,13.0,0.0,0.0,0.0,2.0,0
100.53399658203125,39.0,1136.0,39.0,44304.0,0.0,0.0,0.0,45.0,66.0,9.0,0.0,100.0,100.0,100.0,103.0,100.0,103.0,100.0,50.0,50.0,0.0,2.732000129763037,2.732000129763037,2.732000129763037,2.732000129763037,14.70000021904707,1.0,2.5862932205200195,0.0,0.0,13.0,3.000000142492354,2.9310001392150298,14.000000208616257,-10.0,0.0,0.0,-8.557242393493652,0.0,0.0,0.0,1.0,20.0,1050.0,-86.0,98.0,0.0,11.0,0.0,0.0,11.0,12.0,1914.0,101.091552734375,0.0,0.0,0.0,0.0,0.0,0.0,0.0,0.0,0.0,0.0,0.0,0.0,0.0,0.0,0.0,0.0,13.0,0.0,0.0,0.0,2.0,0
100.5999984741211,39.0,1136.0,39.0,44304.0,0.0,0.0,0.0,45.0,66.0,9.0,0.0,100.0,100.0,100.0,103.0,100.0,103.0,100.0,50.0,50.0,0.0,2.732000129763037,2.732000129763037,2.732000129763037,2.732000129763037,14.70000021904707,1.0,2.5862932205200195,0.0,0.0,13.0,3.000000142492354,3.0170001432998106,14.000000208616257,50.0,0.0,0.0,-8.557242393493652,0.0,0.0,0.0,1.0,20.0,1050.0,-86.0,98.0,0.0,11.0,0.0,0.0,11.0,12.0,1914.0,101.091552734375,0.0,0.0,0.0,0.0,0.0,0.0,0.0,0.0,0.0,0.0,0.0,0.0,0.0,0.0,0.0,0.0,13.0,0.0,0.0,0.0,2.0,0
100.66899871826172,39.0,1134.0,39.0,44226.0,0.0,0.0,0.0,45.0,66.0,9.0,0.0,100.0,100.0,100.0,103.0,100.0,103.0,100.0,50.0,50.0,0.0,2.732000129763037,2.732000129763037,2.732000129763037,2.732000129763037,14.70000021904707,1.0,2.581739902496338,0.0,0.0,13.0,3.000000142492354,2.9460001399274915,14.000000208616257,-20.0,0.0,0.0,-8.557242393493652,0.0,0.0,0.0,1.0,20.0,1050.0,-84.0,98.0,0.0,11.0,0.0,0.0,11.0,12.0,1914.0,101.26984405517578,0.0,0.0,0.0,0.0,0.0,0.0,0.0,0.0,0.0,0.0,0.0,0.0,0.0,0.0,0.0,0.0,13.0,0.0,0.0,0.0,2.0,0
100.73500061035156,39.0,1127.0,39.0,43953.0,0.0,0.0,0.0,45.0,66.0,9.0,0.0,100.0,100.0,100.0,103.0,100.0,103.0,100.0,50.0,50.0,0.0,2.732000129763037,2.732000129763037,2.732000129763037,2.732000129763037,14.70000021904707,1.0,2.565803289413452,0.0,0.0,13.0,3.000000142492354,3.0440001445822418,14.000000208616257,-20.0,0.0,0.0,-8.557242393493652,0.0,0.0,0.0,1.0,20.0,1050.0,-77.0,98.0,0.0,11.0,0.0,0.0,11.0,12.0,1914.0,101.89884948730469,0.0,0.0,0.0,0.0,0.0,0.0,0.0,0.0,0.0,0.0,0.0,0.0,0.0,0.0,0.0,0.0,13.0,0.0,0.0,0.0,2.0,0
100.802001953125,39.0,1127.0,39.0,43953.0,0.0,0.0,0.0,45.0,66.0,9.0,0.0,100.0,100.0,100.0,103.0,100.0,103.0,100.0,50.0,50.0,0.0,2.732000129763037,2.732000129763037,2.732000129763037,2.732000129763037,14.70000021904707,1.0,2.565803289413452,0.0,0.0,13.0,3.000000142492354,3.013000143109821,14.000000208616257,-70.0,0.0,0.0,-8.557242393493652,0.0,0.0,0.0,1.0,20.0,1050.0,-77.0,98.0,0.0,11.0,0.0,0.0,11.0,12.0,1914.0,101.89884948730469,0.0,0.0,0.0,0.0,0.0,0.0,0.0,0.0,0.0,0.0,0.0,0.0,0.0,0.0,0.0,0.0,13.0,0.0,0.0,0.0,2.0,0
100.87000274658203,40.0,1125.0,39.0,43875.0,0.0,0.0,0.0,45.0,66.0,9.0,0.0,100.0,100.0,100.0,103.0,100.0,103.0,100.0,50.0,50.0,0.0,2.732000129763037,2.732000129763037,2.732000129763037,2.732000129763037,14.70000021904707,1.0,2.5612499713897705,0.0,0.0,13.0,3.000000142492354,2.960000140592456,14.000000208616257,-20.0,0.0,0.0,-8.557242393493652,0.0,0.0,0.0,1.0,20.0,1050.0,-75.0,98.0,0.0,11.0,0.0,0.0,11.0,12.0,1912.0,101.97333526611328,0.0,0.0,0.0,0.0,0.0,0.0,0.0,0.0,0.0,0.0,0.0,0.0,0.0,0.0,0.0,0.0,13.0,0.0,0.0,0.0,2.0,0
100.93599700927734,40.0,1126.0,39.0,43914.0,0.0,0.0,0.0,45.0,66.0,9.0,0.0,100.0,100.0,100.0,103.0,100.0,103.0,100.0,50.0,50.0,0.0,2.732000129763037,2.732000129763037,2.732000129763037,2.732000129763037,14.70000021904707,1.0,2.5635266304016113,0.0,0.0,13.0,3.000000142492354,3.0150001432048157,14.000000208616257,-20.0,0.0,0.0,-8.557242393493652,0.0,0.0,0.0,1.0,20.0,1050.0,-76.0,98.0,0.0,11.0,0.0,0.0,11.0,12.0,1912.0,101.88277435302734,0.0,0.0,0.0,0.0,0.0,0.0,0.0,0.0,0.0,0.0,0.0,0.0,0.0,0.0,0.0,0.0,13.0,0.0,0.0,0.0,2.0,0
101.0009994506836,40.0,1126.0,39.0,43914.0,0.0,0.0,0.0,45.0,66.0,9.0,0.0,100.0,100.0,100.0,103.0,100.0,103.0,100.0,50.0,50.0,0.0,2.732000129763037,2.732000129763037,2.732000129763037,2.732000129763037,14.70000021904707,1.0,2.5635266304016113,0.0,0.0,13.0,3.000000142492354,3.0040001426823437,14.000000208616257,10.0,0.0,0.0,-8.557242393493652,0.0,0.0,0.0,1.0,20.0,1050.0,-76.0,98.0,0.0,11.0,0.0,0.0,11.0,12.0,1912.0,101.88277435302734,0.0,0.0,0.0,0.0,0.0,0.0,0.0,0.0,0.0,0.0,0.0,0.0,0.0,0.0,0.0,0.0,13.0,0.0,0.0,0.0,2.0,0
101.06700134277344,40.0,1124.0,39.0,43836.0,0.0,0.0,0.0,45.0,66.0,9.0,0.0,100.0,100.0,100.0,103.0,100.0,103.0,100.0,50.0,50.0,0.0,2.732000129763037,2.732000129763037,2.732000129763037,2.732000129763037,14.70000021904707,1.0,2.5589733123779297,0.0,0.0,13.0,3.000000142492354,2.956000140402466,14.000000208616257,-20.0,0.0,0.0,-8.557242393493652,0.0,0.0,0.0,1.0,20.0,1050.0,-74.0,98.0,0.0,11.0,0.0,0.0,11.0,12.0,1912.0,102.06405639648438,0.0,0.0,0.0,0.0,0.0,0.0,0.0,0.0,0.0,0.0,0.0,0.0,0.0,0.0,0.0,0.0,13.0,0.0,0.0,0.0,2.0,0
101.13700103759766,40.0,1124.0,39.0,43836.0,0.0,0.0,0.0,45.0,66.0,9.0,0.0,100.0,100.0,100.0,103.0,100.0,103.0,100.0,50.0,50.0,0.0,2.732000129763037,2.732000129763037,2.732000129763037,2.732000129763037,14.70000021904707,1.0,2.5589733123779297,0.0,0.0,13.0,3.000000142492354,3.0150001432048157,14.000000208616257,-20.0,0.0,0.0,-8.557242393493652,0.0,0.0,0.0,1.0,20.0,1050.0,-74.0,98.0,0.0,11.0,0.0,0.0,11.0,12.0,1912.0,102.06405639648438,0.0,0.0,0.0,0.0,0.0,0.0,0.0,0.0,0.0,0.0,0.0,0.0,0.0,0.0,0.0,0.0,13.0,0.0,0.0,0.0,2.0,0
101.2020034790039,40.0,1128.0,39.0,43992.0,0.0,0.0,0.0,45.0,66.0,9.0,0.0,100.0,100.0,100.0,103.0,100.0,103.0,100.0,50.0,50.0,0.0,2.732000129763037,2.732000129763037,2.732000129763037,2.732000129763037,14.70000021904707,1.0,2.568079948425293,0.0,0.0,13.0,3.000000142492354,3.0810001463396475,14.000000208616257,40.0,0.0,0.0,-8.557242393493652,0.0,0.0,0.0,1.0,20.0,1050.0,-78.0,98.0,0.0,11.0,0.0,0.0,11.0,12.0,1912.0,101.7021255493164,0.0,0.0,0.0,0.0,0.0,0.0,0.0,0.0,0.0,0.0,0.0,0.0,0.0,0.0,0.0,0.0,13.0,0.0,0.0,0.0,2.0,0
101.26699829101562,40.0,1122.0,39.0,43758.0,0.0,0.0,0.0,45.0,66.0,9.0,0.0,100.0,100.0,100.0,103.0,100.0,103.0,100.0,50.0,50.0,0.0,2.732000129763037,2.732000129763037,2.732000129763037,2.732000129763037,14.70000021904707,1.0,2.554419994354248,0.0,0.0,13.0,3.000000142492354,2.8710001363651827,14.000000208616257,-60.0,0.0,0.0,-8.557242393493652,0.0,0.0,0.0,1.0,20.0,1050.0,-72.0,98.0,0.0,11.0,0.0,0.0,11.0,12.0,1912.0,102.24598693847656,0.0,0.0,0.0,0.0,0.0,0.0,0.0,0.0,0.0,0.0,0.0,0.0,0.0,0.0,0.0,0.0,13.0,0.0,0.0,0.0,2.0,0
101.33300018310547,40.0,1122.0,39.0,43758.0,0.0,0.0,0.0,45.0,66.0,9.0,0.0,100.0,100.0,100.0,103.0,100.0,103.0,100.0,50.0,50.0,0.0,2.732000129763037,2.732000129763037,2.732000129763037,2.732000129763037,14.70000021904707,1.0,2.554419994354248,0.0,0.0,13.0,3.000000142492354,3.0150001432048157,14.000000208616257,-60.0,0.0,0.0,-8.557242393493652,0.0,0.0,0.0,1.0,20.0,1050.0,-72.0,98.0,0.0,11.0,0.0,0.0,11.0,12.0,1912.0,102.24598693847656,0.0,0.0,0.0,0.0,0.0,0.0,0.0,0.0,0.0,0.0,0.0,0.0,0.0,0.0,0.0,0.0,13.0,0.0,0.0,0.0,2.0,0
101.40299987792969,40.0,1127.0,39.0,43953.0,0.0,0.0,0.0,45.0,66.0,9.0,0.0,100.0,100.0,100.0,103.0,100.0,103.0,100.0,50.0,50.0,0.0,2.732000129763037,2.732000129763037,2.732000129763037,2.732000129763037,14.70000021904707,1.0,2.565803289413452,0.0,0.0,13.0,3.000000142492354,3.0370001442497596,14.000000208616257,50.0,0.0,0.0,-8.557242393493652,0.0,0.0,0.0,1.0,20.0,1050.0,-77.0,98.0,0.0,11.0,0.0,0.0,11.0,12.0,1912.0,101.79236602783203,0.0,0.0,0.0,0.0,0.0,0.0,0.0,0.0,0.0,0.0,0.0,0.0,0.0,0.0,0.0,0.0,13.0,0.0,0.0,0.0,2.0,0
101.46800231933594,40.0,1126.0,39.0,43914.0,0.0,0.0,0.0,45.0,66.0,9.0,0.0,100.0,100.0,100.0,103.0,100.0,103.0,100.0,50.0,50.0,0.0,2.732000129763037,2.732000129763037,2.732000129763037,2.732000129763037,14.70000021904707,1.0,2.5635266304016113,0.0,0.0,13.0,3.000000142492354,3.016000143252313,14.000000208616257,-10.0,0.0,0.0,-8.557242393493652,0.0,0.0,0.0,1.0,20.0,1050.0,-76.0,98.0,0.0,11.0,0.0,0.0,11.0,12.0,1912.0,101.88277435302734,0.0,0.0,0.0,0.0,0.0,0.0,0.0,0.0,0.0,0.0,0.0,0.0,0.0,0.0,0.0,0.0,13.0,0.0,0.0,0.0,2.0,0
101.53299713134766,40.0,1126.0,39.0,43914.0,0.0,0.0,0.0,45.0,66.0,9.0,0.0,100.0,100.0,100.0,103.0,100.0,103.0,100.0,50.0,50.0,0.0,2.732000129763037,2.732000129763037,2.732000129763037,2.732000129763037,14.70000021904707,1.0,2.5635266304016113,0.0,0.0,13.0,3.000000142492354,3.022000143537298,14.000000208616257,-10.0,0.0,0.0,-8.557242393493652,0.0,0.0,0.0,1.0,20.0,1050.0,-76.0,98.0,0.0,11.0,0.0,0.0,11.0,12.0,1912.0,101.88277435302734,0.0,0.0,0.0,0.0,0.0,0.0,0.0,0.0,0.0,0.0,0.0,0.0,0.0,0.0,0.0,0.0,13.0,0.0,0.0,0.0,2.0,0
101.5999984741211,40.0,1125.0,39.0,43875.0,0.0,0.0,0.0,45.0,66.0,9.0,0.0,100.0,100.0,100.0,103.0,100.0,103.0,100.0,50.0,50.0,0.0,2.732000129763037,2.732000129763037,2.732000129763037,2.732000129763037,14.70000021904707,1.0,2.5612499713897705,0.0,0.0,13.0,3.000000142492354,3.0410001444397494,14.000000208616257,0.0,0.0,0.0,-8.557242393493652,0.0,0.0,0.0,1.0,20.0,1050.0,-75.0,98.0,0.0,11.0,0.0,0.0,11.0,12.0,1912.0,101.97333526611328,0.0,0.0,0.0,0.0,0.0,0.0,0.0,0.0,0.0,0.0,0.0,0.0,0.0,0.0,0.0,0.0,13.0,0.0,0.0,0.0,2.0,0
101.66799926757812,40.0,1125.0,39.0,43875.0,0.0,0.0,0.0,45.0,66.0,9.0,0.0,100.0,100.0,100.0,103.0,100.0,103.0,100.0,50.0,50.0,0.0,2.732000129763037,2.732000129763037,2.732000129763037,2.732000129763037,14.70000021904707,1.0,2.5612499713897705,0.0,0.0,13.0,3.000000142492354,3.016000143252313,14.000000208616257,-10.0,0.0,0.0,-8.557242393493652,0.0,0.0,0.0,1.0,20.0,1050.0,-75.0,98.0,0.0,11.0,0.0,0.0,11.0,12.0,1912.0,101.97333526611328,0.0,0.0,0.0,0.0,0.0,0.0,0.0,0.0,0.0,0.0,0.0,0.0,0.0,0.0,0.0,0.0,13.0,0.0,0.0,0.0,2.0,0
101.73400115966797,40.0,1127.0,39.0,43953.0,0.0,0.0,0.0,45.0,66.0,9.0,0.0,100.0,100.0,100.0,103.0,100.0,103.0,100.0,50.0,50.0,0.0,2.732000129763037,2.732000129763037,2.732000129763037,2.732000129763037,14.70000021904707,1.0,2.565803289413452,0.0,0.0,13.0,3.000000142492354,2.9220001387875527,14.000000208616257,-10.0,0.0,0.0,-8.557242393493652,0.0,0.0,0.0,1.0,20.0,1050.0,-77.0,98.0,0.0,11.0,0.0,0.0,11.0,12.0,1912.0,101.79236602783203,0.0,0.0,0.0,0.0,0.0,0.0,0.0,0.0,0.0,0.0,0.0,0.0,0.0,0.0,0.0,0.0,13.0,0.0,0.0,0.0,2.0,0
101.80000305175781,40.0,1128.0,39.0,43992.0,0.0,0.0,0.0,45.0,66.0,9.0,0.0,100.0,100.0,100.0,103.0,100.0,103.0,100.0,50.0,50.0,0.0,2.732000129763037,2.732000129763037,2.732000129763037,2.732000129763037,14.70000021904707,1.0,2.568079948425293,0.0,0.0,13.0,3.000000142492354,2.998000142397359,14.000000208616257,20.0,0.0,0.0,-8.557242393493652,0.0,0.0,0.0,1.0,20.0,1050.0,-78.0,98.0,0.0,11.0,0.0,0.0,11.0,12.0,1912.0,101.7021255493164,0.0,0.0,0.0,0.0,0.0,0.0,0.0,0.0,0.0,0.0,0.0,0.0,0.0,0.0,0.0,0.0,13.0,0.0,0.0,0.0,2.0,0
101.86900329589844,41.0,1128.0,39.0,43992.0,0.0,0.0,0.0,45.0,66.0,9.0,0.0,100.0,100.0,100.0,103.0,100.0,103.0,100.0,50.0,50.0,0.0,2.732000129763037,2.732000129763037,2.732000129763037,2.732000129763037,14.70000021904707,1.0,2.568079948425293,0.0,0.0,13.0,3.000000142492354,3.0150001432048157,13.90000020712614,10.0,0.0,0.0,-8.557242393493652,0.0,0.0,0.0,1.0,20.0,1050.0,-78.0,98.0,0.0,11.0,0.0,0.0,11.0,12.0,1914.0,101.80850982666016,0.0,0.0,0.0,0.0,0.0,0.0,0.0,0.0,0.0,0.0,0.0,0.0,0.0,0.0,0.0,0.0,13.0,0.0,0.0,0.0,2.0,0
101.93599700927734,41.0,1131.0,39.0,44109.0,0.0,0.0,0.0,45.0,66.0,9.0,0.0,100.0,100.0,100.0,103.0,100.0,103.0,100.0,50.0,50.0,0.0,2.732000129763037,2.732000129763037,2.732000129763037,2.732000129763037,14.70000021904707,1.0,2.5749099254608154,0.0,0.0,13.0,3.000000142492354,2.9750001413049176,13.90000020712614,10.0,0.0,0.0,-8.557242393493652,0.0,0.0,0.0,1.0,20.0,1050.0,-81.0,98.0,0.0,11.0,0.0,0.0,11.0,12.0,1914.0,101.53845977783203,0.0,0.0,0.0,0.0,0.0,0.0,0.0,0.0,0.0,0.0,0.0,0.0,0.0,0.0,0.0,0.0,13.0,0.0,0.0,0.0,2.0,0
102.00199890136719,41.0,1131.0,39.0,44109.0,0.0,0.0,0.0,45.0,66.0,9.0,0.0,100.0,100.0,100.0,103.0,100.0,103.0,100.0,50.0,50.0,0.0,2.732000129763037,2.732000129763037,2.732000129763037,2.732000129763037,14.70000021904707,1.0,2.5749099254608154,0.0,0.0,13.0,3.000000142492354,3.0080001428723335,13.90000020712614,30.0,0.0,0.0,-8.557242393493652,0.0,0.0,0.0,1.0,20.0,1050.0,-81.0,98.0,0.0,11.0,0.0,0.0,11.0,12.0,1914.0,101.53845977783203,0.0,0.0,0.0,0.0,0.0,0.0,0.0,0.0,0.0,0.0,0.0,0.0,0.0,0.0,0.0,0.0,13.0,0.0,0.0,0.0,2.0,0
102.06999969482422,41.0,1131.0,39.0,44109.0,0.0,0.0,0.0,45.0,66.0,9.0,0.0,100.0,100.0,100.0,103.0,100.0,103.0,100.0,50.0,50.0,0.0,2.732000129763037,2.732000129763037,2.732000129763037,2.732000129763037,14.70000021904707,1.0,2.5749099254608154,0.0,0.0,13.0,3.000000142492354,3.005000142729841,13.90000020712614,30.0,0.0,0.0,-8.557242393493652,0.0,0.0,0.0,1.0,20.0,1050.0,-81.0,98.0,0.0,11.0,0.0,0.0,11.0,12.0,1914.0,101.53845977783203,0.0,0.0,0.0,0.0,0.0,0.0,0.0,0.0,0.0,0.0,0.0,0.0,0.0,0.0,0.0,0.0,13.0,0.0,0.0,0.0,2.0,0
102.13700103759766,41.0,1132.0,39.0,44148.0,0.0,0.0,0.0,45.0,66.0,9.0,0.0,100.0,100.0,100.0,103.0,100.0,103.0,100.0,50.0,50.0,0.0,2.732000129763037,2.732000129763037,2.732000129763037,2.732000129763037,14.70000021904707,1.0,2.5771865844726562,0.0,0.0,13.0,3.000000142492354,2.9520001402124763,13.90000020712614,0.0,0.0,0.0,-8.557242393493652,0.0,0.0,0.0,1.0,20.0,1050.0,-82.0,98.0,0.0,11.0,0.0,0.0,11.0,12.0,1914.0,101.44876098632812,0.0,0.0,0.0,0.0,0.0,0.0,0.0,0.0,0.0,0.0,0.0,0.0,0.0,0.0,0.0,0.0,13.0,0.0,0.0,0.0,2.0,0
102.20500183105469,41.0,1132.0,39.0,44148.0,0.0,0.0,0.0,45.0,66.0,9.0,0.0,100.0,100.0,100.0,103.0,100.0,103.0,100.0,50.0,50.0,0.0,2.732000129763037,2.732000129763037,2.732000129763037,2.732000129763037,14.70000021904707,1.0,2.5771865844726562,0.0,0.0,13.0,3.000000142492354,3.0150001432048157,13.90000020712614,10.0,0.0,0.0,-8.557242393493652,0.0,0.0,0.0,1.0,20.0,1050.0,-82.0,98.0,0.0,11.0,0.0,0.0,11.0,12.0,1914.0,101.44876098632812,0.0,0.0,0.0,0.0,0.0,0.0,0.0,0.0,0.0,0.0,0.0,0.0,0.0,0.0,0.0,0.0,13.0,0.0,0.0,0.0,2.0,0
102.27200317382812,41.0,1132.0,39.0,44148.0,0.0,0.0,0.0,45.0,66.0,9.0,0.0,100.0,100.0,100.0,103.0,100.0,103.0,100.0,50.0,50.0,0.0,2.732000129763037,2.732000129763037,2.732000129763037,2.732000129763037,14.70000021904707,1.0,2.5771865844726562,0.0,0.0,13.0,3.000000142492354,3.020000143442303,13.90000020712614,10.0,0.0,0.0,-8.557242393493652,0.0,0.0,0.0,1.0,20.0,1050.0,-82.0,98.0,0.0,11.0,0.0,0.0,11.0,12.0,1914.0,101.44876098632812,0.0,0.0,0.0,0.0,0.0,0.0,0.0,0.0,0.0,0.0,0.0,0.0,0.0,0.0,0.0,0.0,13.0,0.0,0.0,0.0,2.0,0
102.33599853515625,41.0,1138.0,39.0,44382.0,0.0,0.0,0.0,45.0,66.0,9.0,0.0,100.0,100.0,100.0,103.0,100.0,103.0,100.0,50.0,50.0,0.0,2.732000129763037,2.732000129763037,2.732000129763037,2.732000129763037,14.70000021904707,1.0,2.5908467769622803,0.0,0.0,13.0,3.000000142492354,3.0300001439172775,13.90000020712614,0.0,0.0,0.0,-8.557242393493652,0.0,0.0,0.0,1.0,20.0,1050.0,-88.0,98.0,0.0,11.0,0.0,0.0,11.0,12.0,1914.0,100.91388702392578,0.0,0.0,0.0,0.0,0.0,0.0,0.0,0.0,0.0,0.0,0.0,0.0,0.0,0.0,0.0,0.0,13.0,0.0,0.0,0.0,2.0,0
102.4020004272461,41.0,1138.0,39.0,44382.0,0.0,0.0,0.0,45.0,66.0,9.0,0.0,100.0,100.0,100.0,103.0,100.0,103.0,100.0,50.0,50.0,0.0,2.732000129763037,2.732000129763037,2.732000129763037,2.732000129763037,14.70000021904707,1.0,2.5908467769622803,0.0,0.0,13.0,3.000000142492354,3.0170001432998106,13.90000020712614,60.0,0.0,0.0,-8.557242393493652,0.0,0.0,0.0,1.0,20.0,1050.0,-88.0,98.0,0.0,11.0,0.0,0.0,11.0,12.0,1914.0,100.91388702392578,0.0,0.0,0.0,0.0,0.0,0.0,0.0,0.0,0.0,0.0,0.0,0.0,0.0,0.0,0.0,0.0,13.0,0.0,0.0,0.0,2.0,0
102.46900177001953,41.0,1136.0,39.0,44304.0,0.0,0.0,0.0,45.0,66.0,9.0,0.0,100.0,100.0,100.0,103.0,100.0,103.0,100.0,50.0,50.0,0.0,2.732000129763037,2.732000129763037,2.732000129763037,2.732000129763037,14.70000021904707,1.0,2.5862932205200195,0.0,0.0,13.0,3.000000142492354,2.9350001394050196,13.90000020712614,60.0,0.0,0.0,-8.557242393493652,0.0,0.0,0.0,1.0,20.0,1050.0,-86.0,98.0,0.0,11.0,0.0,0.0,11.0,12.0,1914.0,101.091552734375,0.0,0.0,0.0,0.0,0.0,0.0,0.0,0.0,0.0,0.0,0.0,0.0,0.0,0.0,0.0,0.0,13.0,0.0,0.0,0.0,2.0,0
102.53800201416016,41.0,1141.0,39.0,44499.0,0.0,0.0,0.0,45.0,66.0,9.0,0.0,100.0,100.0,100.0,103.0,100.0,103.0,100.0,50.0,50.0,0.0,2.732000129763037,2.732000129763037,2.732000129763037,2.732000129763037,14.70000021904707,1.0,2.5976767539978027,0.0,0.0,13.0,3.000000142492354,3.107000147574581,13.90000020712614,-20.0,0.0,0.0,-8.557242393493652,0.0,0.0,0.0,1.0,20.0,1050.0,-91.0,98.0,0.0,11.0,0.0,0.0,11.0,12.0,1914.0,100.64855194091797,0.0,0.0,0.0,0.0,0.0,0.0,0.0,0.0,0.0,0.0,0.0,0.0,0.0,0.0,0.0,0.0,13.0,0.0,0.0,0.0,2.0,0
102.60199737548828,41.0,1141.0,39.0,44499.0,0.0,0.0,0.0,45.0,66.0,9.0,0.0,100.0,100.0,100.0,103.0,100.0,103.0,100.0,50.0,50.0,0.0,2.732000129763037,2.732000129763037,2.732000129763037,2.732000129763037,14.70000021904707,1.0,2.5976767539978027,0.0,0.0,13.0,3.000000142492354,3.018000143347308,13.90000020712614,50.0,0.0,0.0,-8.557242393493652,0.0,0.0,0.0,1.0,20.0,1050.0,-91.0,98.0,0.0,11.0,0.0,0.0,11.0,12.0,1914.0,100.64855194091797,0.0,0.0,0.0,0.0,0.0,0.0,0.0,0.0,0.0,0.0,0.0,0.0,0.0,0.0,0.0,0.0,13.0,0.0,0.0,0.0,2.0,0
102.66799926757812,41.0,1134.0,39.0,44226.0,0.0,0.0,0.0,45.0,66.0,9.0,0.0,100.0,100.0,100.0,103.0,100.0,103.0,100.0,50.0,50.0,0.0,2.732000129763037,2.732000129763037,2.732000129763037,2.732000129763037,14.70000021904707,1.0,2.581739902496338,0.0,0.0,13.0,3.000000142492354,2.894000137457624,13.90000020712614,50.0,0.0,0.0,-8.557242393493652,0.0,0.0,0.0,1.0,20.0,1050.0,-84.0,98.0,0.0,11.0,0.0,0.0,11.0,12.0,1914.0,101.26984405517578,0.0,0.0,0.0,0.0,0.0,0.0,0.0,0.0,0.0,0.0,0.0,0.0,0.0,0.0,0.0,0.0,13.0,0.0,0.0,0.0,2.0,0
102.73300170898438,41.0,1133.0,39.0,44187.0,0.0,0.0,0.0,45.0,66.0,9.0,0.0,100.0,100.0,100.0,103.0,100.0,103.0,100.0,50.0,50.0,0.0,2.732000129763037,2.732000129763037,2.732000129763037,2.732000129763037,14.70000021904707,1.0,2.579463243484497,0.0,0.0,13.0,3.000000142492354,3.0140001431573182,13.90000020712614,-70.0,0.0,0.0,-8.557242393493652,0.0,0.0,0.0,1.0,20.0,1050.0,-83.0,98.0,0.0,11.0,0.0,0.0,11.0,12.0,1914.0,101.35922241210938,0.0,0.0,0.0,0.0,0.0,0.0,0.0,0.0,0.0,0.0,0.0,0.0,0.0,0.0,0.0,0.0,13.0,0.0,0.0,0.0,2.0,0
102.79900360107422,41.0,1133.0,39.0,44187.0,0.0,0.0,0.0,45.0,66.0,9.0,0.0,100.0,100.0,100.0,103.0,100.0,103.0,100.0,50.0,50.0,0.0,2.732000129763037,2.732000129763037,2.732000129763037,2.732000129763037,14.70000021904707,1.0,2.579463243484497,0.0,0.0,13.0,3.000000142492354,3.0120001430623233,13.90000020712614,-10.0,0.0,0.0,-8.557242393493652,0.0,0.0,0.0,1.0,20.0,1050.0,-83.0,98.0,0.0,11.0,0.0,0.0,11.0,12.0,1914.0,101.35922241210938,0.0,0.0,0.0,0.0,0.0,0.0,0.0,0.0,0.0,0.0,0.0,0.0,0.0,0.0,0.0,0.0,13.0,0.0,0.0,0.0,2.0,0
102.86900329589844,41.0,1125.0,39.0,43875.0,0.0,0.0,0.0,45.0,66.0,9.0,0.0,100.0,100.0,100.0,103.0,100.0,103.0,100.0,50.0,50.0,0.0,2.732000129763037,2.732000129763037,2.732000129763037,2.732000129763037,14.70000021904707,1.0,2.5612499713897705,0.0,0.0,13.0,3.000000142492354,2.9620001406874508,13.90000020712614,-10.0,0.0,0.0,-8.557242393493652,0.0,0.0,0.0,1.0,20.0,1050.0,-75.0,98.0,0.0,11.0,0.0,0.0,11.0,12.0,1914.0,102.08000183105469,0.0,0.0,0.0,0.0,0.0,0.0,0.0,0.0,0.0,0.0,0.0,0.0,0.0,0.0,0.0,0.0,13.0,0.0,0.0,0.0,2.0,0
102.93499755859375,42.0,1125.0,39.0,43875.0,0.0,0.0,0.0,45.0,66.0,9.0,0.0,100.0,100.0,100.0,103.0,100.0,103.0,100.0,50.0,50.0,0.0,2.732000129763037,2.732000129763037,2.732000129763037,2.732000129763037,14.70000021904707,1.0,2.5612499713897705,0.0,0.0,13.0,3.000000142492354,3.0120001430623233,13.90000020712614,-80.0,0.0,0.0,-8.557242393493652,0.0,0.0,0.0,1.0,20.0,1050.0,-75.0,98.0,0.0,11.0,0.0,0.0,11.0,12.0,1903.0,101.49333190917969,0.0,0.0,0.0,0.0,0.0,0.0,0.0,0.0,0.0,0.0,0.0,0.0,0.0,0.0,0.0,0.0,13.0,0.0,0.0,0.0,2.0,0
103.00399780273438,42.0,1122.0,39.0,43758.0,0.0,0.0,0.0,45.0,66.0,9.0,0.0,100.0,100.0,100.0,103.0,100.0,103.0,100.0,50.0,50.0,0.0,2.732000129763037,2.732000129763037,2.732000129763037,2.732000129763037,14.70000021904707,1.0,2.554419994354248,0.0,0.0,13.0,3.000000142492354,3.109000147669576,13.90000020712614,-30.0,0.0,0.0,-8.557242393493652,0.0,0.0,0.0,1.0,20.0,1050.0,-72.0,98.0,0.0,11.0,0.0,0.0,11.0,12.0,1903.0,101.76470947265625,0.0,0.0,0.0,0.0,0.0,0.0,0.0,0.0,0.0,0.0,0.0,0.0,0.0,0.0,0.0,0.0,13.0,0.0,0.0,0.0,2.0,0
103.06900024414062,42.0,1123.0,39.0,43797.0,0.0,0.0,0.0,45.0,66.0,9.0,0.0,100.0,100.0,100.0,103.0,100.0,103.0,100.0,50.0,50.0,0.0,2.732000129763037,2.732000129763037,2.732000129763037,2.732000129763037,14.70000021904707,1.0,2.556696653366089,0.0,0.0,13.0,3.000000142492354,3.0230001435847953,13.90000020712614,-30.0,0.0,0.0,-8.557242393493652,0.0,0.0,0.0,1.0,20.0,1050.0,-73.0,98.0,0.0,11.0,0.0,0.0,11.0,12.0,1903.0,101.67408752441406,0.0,0.0,0.0,0.0,0.0,0.0,0.0,0.0,0.0,0.0,0.0,0.0,0.0,0.0,0.0,0.0,13.0,0.0,0.0,0.0,2.0,0
103.13600158691406,42.0,1123.0,39.0,43797.0,0.0,0.0,0.0,45.0,66.0,9.0,0.0,100.0,100.0,100.0,103.0,100.0,103.0,100.0,50.0,50.0,0.0,2.732000129763037,2.732000129763037,2.732000129763037,2.732000129763037,14.70000021904707,1.0,2.556696653366089,0.0,0.0,13.0,3.000000142492354,3.016000143252313,13.90000020712614,10.0,0.0,0.0,-8.557242393493652,0.0,0.0,0.0,1.0,20.0,1050.0,-73.0,98.0,0.0,11.0,0.0,0.0,11.0,12.0,1903.0,101.67408752441406,0.0,0.0,0.0,0.0,0.0,0.0,0.0,0.0,0.0,0.0,0.0,0.0,0.0,0.0,0.0,0.0,13.0,0.0,0.0,0.0,2.0,0
103.20099639892578,42.0,1128.0,39.0,43992.0,0.0,0.0,0.0,45.0,66.0,9.0,0.0,100.0,100.0,100.0,103.0,100.0,103.0,100.0,50.0,50.0,0.0,2.732000129763037,2.732000129763037,2.732000129763037,2.732000129763037,14.70000021904707,1.0,2.568079948425293,0.0,0.0,13.0,3.000000142492354,2.971000141114928,13.90000020712614,50.0,0.0,0.0,-8.557242393493652,0.0,0.0,0.0,1.0,20.0,1050.0,-78.0,98.0,0.0,11.0,0.0,0.0,11.0,12.0,1903.0,101.22340393066406,0.0,0.0,0.0,0.0,0.0,0.0,0.0,0.0,0.0,0.0,0.0,0.0,0.0,0.0,0.0,0.0,13.0,0.0,0.0,0.0,2.0,0
103.2699966430664,42.0,1128.0,39.0,43992.0,0.0,0.0,0.0,45.0,66.0,9.0,0.0,100.0,100.0,100.0,103.0,100.0,103.0,100.0,50.0,50.0,0.0,2.732000129763037,2.732000129763037,2.732000129763037,2.732000129763037,14.70000021904707,1.0,2.568079948425293,0.0,0.0,13.0,3.000000142492354,3.0150001432048157,13.90000020712614,50.0,0.0,0.0,-8.557242393493652,0.0,0.0,0.0,1.0,20.0,1050.0,-78.0,98.0,0.0,11.0,0.0,0.0,11.0,12.0,1903.0,101.22340393066406,0.0,0.0,0.0,0.0,0.0,0.0,0.0,0.0,0.0,0.0,0.0,0.0,0.0,0.0,0.0,0.0,13.0,0.0,0.0,0.0,2.0,0
103.33699798583984,42.0,1128.0,39.0,43992.0,0.0,0.0,0.0,45.0,66.0,9.0,0.0,100.0,100.0,100.0,103.0,100.0,103.0,100.0,50.0,50.0,0.0,2.732000129763037,2.732000129763037,2.732000129763037,2.732000129763037,14.70000021904707,1.0,2.568079948425293,0.0,0.0,13.0,3.000000142492354,3.0150001432048157,13.90000020712614,0.0,0.0,0.0,-8.557242393493652,0.0,0.0,0.0,1.0,20.0,1050.0,-78.0,98.0,0.0,11.0,0.0,0.0,11.0,12.0,1903.0,101.22340393066406,0.0,0.0,0.0,0.0,0.0,0.0,0.0,0.0,0.0,0.0,0.0,0.0,0.0,0.0,0.0,0.0,13.0,0.0,0.0,0.0,2.0,0
103.4010009765625,42.0,1129.0,39.0,44031.0,0.0,0.0,0.0,45.0,66.0,9.0,0.0,100.0,100.0,100.0,103.0,100.0,103.0,100.0,50.0,50.0,0.0,2.732000129763037,2.732000129763037,2.732000129763037,2.732000129763037,14.70000021904707,1.0,2.570356607437134,0.0,0.0,13.0,3.000000142492354,2.9550001403549686,13.90000020712614,10.0,0.0,0.0,-8.557242393493652,0.0,0.0,0.0,1.0,20.0,1050.0,-79.0,98.0,0.0,11.0,0.0,0.0,11.0,12.0,1903.0,101.13374328613281,0.0,0.0,0.0,0.0,0.0,0.0,0.0,0.0,0.0,0.0,0.0,0.0,0.0,0.0,0.0,0.0,13.0,0.0,0.0,0.0,2.0,0
103.46800231933594,42.0,1129.0,39.0,44031.0,0.0,0.0,0.0,45.0,66.0,9.0,0.0,100.0,100.0,100.0,103.0,100.0,103.0,100.0,50.0,50.0,0.0,2.732000129763037,2.732000129763037,2.732000129763037,2.732000129763037,14.70000021904707,1.0,2.570356607437134,0.0,0.0,13.0,3.000000142492354,3.016000143252313,13.90000020712614,10.0,0.0,0.0,-8.557242393493652,0.0,0.0,0.0,1.0,20.0,1050.0,-79.0,98.0,0.0,11.0,0.0,0.0,11.0,12.0,1903.0,101.13374328613281,0.0,0.0,0.0,0.0,0.0,0.0,0.0,0.0,0.0,0.0,0.0,0.0,0.0,0.0,0.0,0.0,13.0,0.0,0.0,0.0,2.0,0
103.53199768066406,42.0,1125.0,39.0,43875.0,0.0,0.0,0.0,45.0,66.0,9.0,0.0,100.0,100.0,100.0,103.0,100.0,103.0,100.0,50.0,50.0,0.0,2.732000129763037,2.732000129763037,2.732000129763037,2.732000129763037,14.70000021904707,1.0,2.5612499713897705,0.0,0.0,13.0,3.000000142492354,3.0300001439172775,13.90000020712614,-40.0,0.0,0.0,-8.557242393493652,0.0,0.0,0.0,1.0,20.0,1050.0,-75.0,98.0,0.0,11.0,0.0,0.0,11.0,12.0,1903.0,101.49333190917969,0.0,0.0,0.0,0.0,0.0,0.0,0.0,0.0,0.0,0.0,0.0,0.0,0.0,0.0,0.0,0.0,13.0,0.0,0.0,0.0,2.0,0
103.60099792480469,42.0,1117.0,39.0,43563.0,0.0,0.0,0.0,45.0,66.0,9.0,0.0,100.0,100.0,100.0,103.0,100.0,103.0,100.0,50.0,50.0,0.0,2.732000129763037,2.732000129763037,2.732000129763037,2.732000129763037,14.70000021904707,1.0,2.543036699295044,0.0,0.0,13.0,3.000000142492354,3.0230001435847953,13.90000020712614,-80.0,0.0,0.0,-8.557242393493652,0.0,0.0,0.0,1.0,20.0,1050.0,-67.0,98.0,0.0,11.0,0.0,0.0,11.0,12.0,1903.0,102.22023010253906,0.0,0.0,0.0,0.0,0.0,0.0,0.0,0.0,0.0,0.0,0.0,0.0,0.0,0.0,0.0,0.0,13.0,0.0,0.0,0.0,2.0,0
103.66899871826172,42.0,1117.0,39.0,43563.0,0.0,0.0,0.0,45.0,66.0,9.0,0.0,100.0,100.0,100.0,103.0,100.0,103.0,100.0,50.0,50.0,0.0,2.732000129763037,2.732000129763037,2.732000129763037,2.732000129763037,14.70000021904707,1.0,2.543036699295044,0.0,0.0,13.0,3.000000142492354,3.0120001430623233,13.90000020712614,-80.0,0.0,0.0,-8.557242393493652,0.0,0.0,0.0,1.0,20.0,1050.0,-67.0,98.0,0.0,11.0,0.0,0.0,11.0,12.0,1903.0,102.22023010253906,0.0,0.0,0.0,0.0,0.0,0.0,0.0,0.0,0.0,0.0,0.0,0.0,0.0,0.0,0.0,0.0,13.0,0.0,0.0,0.0,2.0,0
103.73699951171875,42.0,1123.0,39.0,43797.0,0.0,0.0,0.0,45.0,66.0,9.0,0.0,100.0,100.0,100.0,103.0,100.0,103.0,100.0,50.0,50.0,0.0,2.732000129763037,2.732000129763037,2.732000129763037,2.732000129763037,14.70000021904707,1.0,2.556696653366089,0.0,0.0,13.0,3.000000142492354,2.9820001416374,13.90000020712614,60.0,0.0,0.0,-8.557242393493652,0.0,0.0,0.0,1.0,20.0,1050.0,-73.0,98.0,0.0,11.0,0.0,0.0,11.0,12.0,1903.0,101.67408752441406,0.0,0.0,0.0,0.0,0.0,0.0,0.0,0.0,0.0,0.0,0.0,0.0,0.0,0.0,0.0,0.0,13.0,0.0,0.0,0.0,2.0,0
103.8030014038086,42.0,1122.0,39.0,43758.0,0.0,0.0,0.0,45.0,66.0,9.0,0.0,100.0,100.0,100.0,103.0,100.0,103.0,100.0,50.0,50.0,0.0,2.732000129763037,2.732000129763037,2.732000129763037,2.732000129763037,14.70000021904707,1.0,2.554419994354248,0.0,0.0,13.0,3.000000142492354,3.0120001430623233,13.90000020712614,0.0,0.0,0.0,-8.557242393493652,0.0,0.0,0.0,1.0,20.0,1050.0,-72.0,98.0,0.0,11.0,0.0,0.0,11.0,12.0,1903.0,101.76470947265625,0.0,0.0,0.0,0.0,0.0,0.0,0.0,0.0,0.0,0.0,0.0,0.0,0.0,0.0,0.0,0.0,13.0,0.0,0.0,0.0,2.0,0
103.87200164794922,42.0,1122.0,39.0,43758.0,0.0,0.0,0.0,45.0,66.0,9.0,0.0,100.0,100.0,100.0,103.0,100.0,103.0,100.0,50.0,50.0,0.0,2.732000129763037,2.732000129763037,2.732000129763037,2.732000129763037,14.70000021904707,1.0,2.554419994354248,0.0,0.0,13.0,3.000000142492354,3.0150001432048157,13.90000020712614,0.0,0.0,0.0,-8.557242393493652,0.0,0.0,0.0,1.0,20.0,1050.0,-72.0,98.0,0.0,11.0,0.0,0.0,11.0,12.0,1903.0,101.76470947265625,0.0,0.0,0.0,0.0,0.0,0.0,0.0,0.0,0.0,0.0,0.0,0.0,0.0,0.0,0.0,0.0,13.0,0.0,0.0,0.0,2.0,0
103.93900299072266,43.0,1123.0,39.0,43797.0,0.0,0.0,0.0,45.0,66.0,9.0,0.0,100.0,100.0,100.0,103.0,100.0,103.0,100.0,50.0,50.0,0.0,2.732000129763037,2.732000129763037,2.732000129763037,2.732000129763037,14.70000021904707,1.0,2.556696653366089,0.0,0.0,13.0,3.000000142492354,2.969000141019933,13.90000020712614,-10.0,0.0,0.0,-8.557242393493652,0.0,0.0,0.0,1.0,20.0,1050.0,-73.0,98.0,0.0,11.0,0.0,0.0,11.0,12.0,1916.0,102.36865234375,0.0,0.0,0.0,0.0,0.0,0.0,0.0,0.0,0.0,0.0,0.0,0.0,0.0,0.0,0.0,0.0,13.0,0.0,0.0,0.0,2.0,0
104.00299835205078,43.0,1123.0,39.0,43797.0,0.0,0.0,0.0,45.0,66.0,9.0,0.0,100.0,100.0,100.0,103.0,100.0,103.0,100.0,50.0,50.0,0.0,2.732000129763037,2.732000129763037,2.732000129763037,2.732000129763037,14.70000021904707,1.0,2.556696653366089,0.0,0.0,13.0,3.000000142492354,3.016000143252313,13.90000020712614,10.0,0.0,0.0,-8.557242393493652,0.0,0.0,0.0,1.0,20.0,1050.0,-73.0,98.0,0.0,11.0,0.0,0.0,11.0,12.0,1916.0,102.36865234375,0.0,0.0,0.0,0.0,0.0,0.0,0.0,0.0,0.0,0.0,0.0,0.0,0.0,0.0,0.0,0.0,13.0,0.0,0.0,0.0,2.0,0
104.06800079345703,43.0,1128.0,39.0,43992.0,0.0,0.0,0.0,45.0,66.0,9.0,0.0,100.0,100.0,100.0,103.0,100.0,103.0,100.0,50.0,50.0,0.0,2.732000129763037,2.732000129763037,2.732000129763037,2.732000129763037,14.70000021904707,1.0,2.568079948425293,0.0,0.0,13.0,3.000000142492354,3.0500001448672265,13.90000020712614,10.0,0.0,0.0,-8.557242393493652,0.0,0.0,0.0,1.0,20.0,1050.0,-78.0,98.0,0.0,11.0,0.0,0.0,11.0,12.0,1916.0,101.9148941040039,0.0,0.0,0.0,0.0,0.0,0.0,0.0,0.0,0.0,0.0,0.0,0.0,0.0,0.0,0.0,0.0,13.0,0.0,0.0,0.0,2.0,0
104.13500213623047,43.0,1127.0,39.0,43953.0,0.0,0.0,0.0,45.0,66.0,9.0,0.0,100.0,100.0,100.0,103.0,100.0,103.0,100.0,50.0,50.0,0.0,2.732000129763037,2.732000129763037,2.732000129763037,2.732000129763037,14.70000021904707,1.0,2.565803289413452,0.0,0.0,13.0,3.000000142492354,3.0230001435847953,13.90000020712614,50.0,0.0,0.0,-8.557242393493652,0.0,0.0,0.0,1.0,20.0,1050.0,-77.0,98.0,0.0,11.0,0.0,0.0,11.0,12.0,1916.0,102.00532531738281,0.0,0.0,0.0,0.0,0.0,0.0,0.0,0.0,0.0,0.0,0.0,0.0,0.0,0.0,0.0,0.0,13.0,0.0,0.0,0.0,2.0,0
104.2040023803711,43.0,1127.0,39.0,43953.0,0.0,0.0,0.0,45.0,66.0,9.0,0.0,100.0,100.0,100.0,103.0,100.0,103.0,100.0,50.0,50.0,0.0,2.732000129763037,2.732000129763037,2.732000129763037,2.732000129763037,14.70000021904707,1.0,2.565803289413452,0.0,0.0,13.0,3.000000142492354,3.0150001432048157,13.90000020712614,-10.0,0.0,0.0,-8.557242393493652,0.0,0.0,0.0,1.0,20.0,1050.0,-77.0,98.0,0.0,11.0,0.0,0.0,11.0,12.0,1916.0,102.00532531738281,0.0,0.0,0.0,0.0,0.0,0.0,0.0,0.0,0.0,0.0,0.0,0.0,0.0,0.0,0.0,0.0,13.0,0.0,0.0,0.0,2.0,0
104.26899719238281,43.0,1123.0,39.0,43797.0,0.0,0.0,0.0,45.0,66.0,9.0,0.0,100.0,100.0,100.0,103.0,100.0,103.0,100.0,50.0,50.0,0.0,2.732000129763037,2.732000129763037,2.732000129763037,2.732000129763037,14.70000021904707,1.0,2.556696653366089,0.0,0.0,13.0,3.000000142492354,3.009000142919831,13.90000020712614,-10.0,0.0,0.0,-8.557242393493652,0.0,0.0,0.0,1.0,20.0,1050.0,-73.0,98.0,0.0,11.0,0.0,0.0,11.0,12.0,1916.0,102.36865234375,0.0,0.0,0.0,0.0,0.0,0.0,0.0,0.0,0.0,0.0,0.0,0.0,0.0,0.0,0.0,0.0,13.0,0.0,0.0,0.0,2.0,0
104.33399963378906,43.0,1120.0,39.0,43680.0,0.0,0.0,0.0,45.0,66.0,9.0,0.0,100.0,100.0,100.0,103.0,100.0,103.0,100.0,50.0,50.0,0.0,2.732000129763037,2.732000129763037,2.732000129763037,2.732000129763037,14.70000021904707,1.0,2.5498666763305664,0.0,0.0,13.0,3.000000142492354,3.0150001432048157,13.90000020712614,-40.0,0.0,0.0,-8.557242393493652,0.0,0.0,0.0,1.0,20.0,1050.0,-70.0,98.0,0.0,11.0,0.0,0.0,11.0,12.0,1916.0,102.64286041259766,0.0,0.0,0.0,0.0,0.0,0.0,0.0,0.0,0.0,0.0,0.0,0.0,0.0,0.0,0.0,0.0,13.0,0.0,0.0,0.0,2.0,0
104.4020004272461,43.0,1120.0,39.0,43680.0,0.0,0.0,0.0,45.0,66.0,9.0,0.0,100.0,100.0,100.0,103.0,100.0,103.0,100.0,50.0,50.0,0.0,2.732000129763037,2.732000129763037,2.732000129763037,2.732000129763037,14.70000021904707,1.0,2.5498666763305664,0.0,0.0,13.0,3.000000142492354,3.0030001426348463,13.90000020712614,-40.0,0.0,0.0,-8.557242393493652,0.0,0.0,0.0,1.0,20.0,1050.0,-70.0,98.0,0.0,11.0,0.0,0.0,11.0,12.0,1916.0,102.64286041259766,0.0,0.0,0.0,0.0,0.0,0.0,0.0,0.0,0.0,0.0,0.0,0.0,0.0,0.0,0.0,0.0,13.0,0.0,0.0,0.0,2.0,0
104.47000122070312,43.0,1119.0,39.0,43641.0,0.0,0.0,0.0,45.0,66.0,9.0,0.0,100.0,100.0,100.0,103.0,100.0,103.0,100.0,50.0,50.0,0.0,2.732000129763037,2.732000129763037,2.732000129763037,2.732000129763037,14.70000021904707,1.0,2.5475900173187256,0.0,0.0,13.0,3.000000142492354,3.040000144392252,13.90000020712614,-30.0,0.0,0.0,-8.557242393493652,0.0,0.0,0.0,1.0,20.0,1050.0,-69.0,98.0,0.0,11.0,0.0,0.0,11.0,12.0,1916.0,102.73458099365234,0.0,0.0,0.0,0.0,0.0,0.0,0.0,0.0,0.0,0.0,0.0,0.0,0.0,0.0,0.0,0.0,13.0,0.0,0.0,0.0,2.0,0
104.53600311279297,43.0,1119.0,39.0,43641.0,0.0,0.0,0.0,45.0,66.0,9.0,0.0,100.0,100.0,100.0,103.0,100.0,103.0,100.0,50.0,50.0,0.0,2.732000129763037,2.732000129763037,2.732000129763037,2.732000129763037,14.70000021904707,1.0,2.5475900173187256,0.0,0.0,13.0,3.000000142492354,3.0150001432048157,13.90000020712614,-10.0,0.0,0.0,-8.557242393493652,0.0,0.0,0.0,1.0,20.0,1050.0,-69.0,98.0,0.0,11.0,0.0,0.0,11.0,12.0,1916.0,102.73458099365234,0.0,0.0,0.0,0.0,0.0,0.0,0.0,0.0,0.0,0.0,0.0,0.0,0.0,0.0,0.0,0.0,13.0,0.0,0.0,0.0,2.0,0
104.60199737548828,43.0,1116.0,39.0,43524.0,0.0,0.0,0.0,45.0,66.0,9.0,0.0,100.0,100.0,100.0,103.0,100.0,103.0,100.0,50.0,50.0,0.0,2.732000129763037,2.732000129763037,2.732000129763037,2.732000129763037,14.70000021904707,1.0,2.540760040283203,0.0,0.0,13.0,3.000000142492354,3.0340001441072673,13.90000020712614,-10.0,0.0,0.0,-8.557242393493652,0.0,0.0,0.0,1.0,20.0,1050.0,-66.0,98.0,0.0,11.0,0.0,0.0,11.0,12.0,1916.0,103.01074981689453,0.0,0.0,0.0,0.0,0.0,0.0,0.0,0.0,0.0,0.0,0.0,0.0,0.0,0.0,0.0,0.0,13.0,0.0,0.0,0.0,2.0,0
104.66699981689453,43.0,1123.0,39.0,43797.0,0.0,0.0,0.0,45.0,66.0,9.0,0.0,100.0,100.0,100.0,103.0,100.0,103.0,100.0,50.0,50.0,0.0,2.732000129763037,2.732000129763037,2.732000129763037,2.732000129763037,14.70000021904707,1.0,2.556696653366089,0.0,0.0,13.0,3.000000142492354,2.8880001371726394,13.90000020712614,-30.0,0.0,0.0,-8.557242393493652,0.0,0.0,0.0,1.0,20.0,1050.0,-73.0,98.0,0.0,11.0,0.0,0.0,11.0,12.0,1916.0,102.36865234375,0.0,0.0,0.0,0.0,0.0,0.0,0.0,0.0,0.0,0.0,0.0,0.0,0.0,0.0,0.0,0.0,13.0,0.0,0.0,0.0,2.0,0
104.73600006103516,43.0,1123.0,39.0,43797.0,0.0,0.0,0.0,45.0,66.0,9.0,0.0,100.0,100.0,100.0,103.0,100.0,103.0,100.0,50.0,50.0,0.0,2.732000129763037,2.732000129763037,2.732000129763037,2.732000129763037,14.70000021904707,1.0,2.556696653366089,0.0,0.0,13.0,3.000000142492354,3.0170001432998106,13.90000020712614,70.0,0.0,0.0,-8.557242393493652,0.0,0.0,0.0,1.0,20.0,1050.0,-73.0,98.0,0.0,11.0,0.0,0.0,11.0,12.0,1916.0,102.36865234375,0.0,0.0,0.0,0.0,0.0,0.0,0.0,0.0,0.0,0.0,0.0,0.0,0.0,0.0,0.0,0.0,13.0,0.0,0.0,0.0,2.0,0
104.802001953125,43.0,1129.0,39.0,44031.0,0.0,0.0,0.0,45.0,66.0,9.0,0.0,100.0,100.0,100.0,103.0,100.0,103.0,100.0,50.0,50.0,0.0,2.732000129763037,2.732000129763037,2.732000129763037,2.732000129763037,14.70000021904707,1.0,2.570356607437134,0.0,0.0,13.0,3.000000142492354,2.9460001399274915,13.90000020712614,70.0,0.0,0.0,-8.557242393493652,0.0,0.0,0.0,1.0,20.0,1050.0,-79.0,98.0,0.0,11.0,0.0,0.0,11.0,12.0,1916.0,101.82462310791016,0.0,0.0,0.0,0.0,0.0,0.0,0.0,0.0,0.0,0.0,0.0,0.0,0.0,0.0,0.0,0.0,13.0,0.0,0.0,0.0,2.0,0
104.86699676513672,43.0,1131.0,39.0,44109.0,0.0,0.0,0.0,45.0,66.0,9.0,0.0,100.0,100.0,100.0,103.0,100.0,103.0,100.0,50.0,50.0,0.0,2.732000129763037,2.732000129763037,2.732000129763037,2.732000129763037,14.70000021904707,1.0,2.5749099254608154,0.0,0.0,13.0,3.000000142492354,3.0150001432048157,13.90000020712614,60.0,0.0,0.0,-8.557242393493652,0.0,0.0,0.0,1.0,20.0,1050.0,-81.0,98.0,0.0,11.0,0.0,0.0,11.0,12.0,1916.0,101.64456176757812,0.0,0.0,0.0,0.0,0.0,0.0,0.0,0.0,0.0,0.0,0.0,0.0,0.0,0.0,0.0,0.0,13.0,0.0,0.0,0.0,2.0,0
104.93399810791016,44.0,1131.0,39.0,44109.0,0.0,0.0,0.0,45.0,66.0,9.0,0.0,100.0,100.0,100.0,103.0,100.0,103.0,100.0,50.0,50.0,0.0,2.732000129763037,2.732000129763037,2.732000129763037,2.732000129763037,14.70000021904707,1.0,2.5749099254608154,0.0,0.0,13.0,3.000000142492354,3.016000143252313,13.90000020712614,20.0,0.0,0.0,-8.557242393493652,0.0,0.0,0.0,1.0,20.0,1050.0,-81.0,98.0,0.0,11.0,0.0,0.0,11.0,12.0,1910.0,101.32626342773438,0.0,0.0,0.0,0.0,0.0,0.0,0.0,0.0,0.0,0.0,0.0,0.0,0.0,0.0,0.0,0.0,13.0,0.0,0.0,0.0,2.0,0
105.00199890136719,44.0,1133.0,39.0,44187.0,0.0,0.0,0.0,45.0,66.0,9.0,0.0,100.0,100.0,100.0,103.0,100.0,103.0,100.0,50.0,50.0,0.0,2.732000129763037,2.732000129763037,2.732000129763037,2.732000129763037,14.70000021904707,1.0,2.579463243484497,0.0,0.0,13.0,3.000000142492354,2.945000139879994,13.90000020712614,20.0,0.0,0.0,-8.557242393493652,0.0,0.0,0.0,1.0,20.0,1050.0,-83.0,98.0,0.0,11.0,0.0,0.0,11.0,12.0,1910.0,101.14739990234375,0.0,0.0,0.0,0.0,0.0,0.0,0.0,0.0,0.0,0.0,0.0,0.0,0.0,0.0,0.0,0.0,13.0,0.0,0.0,0.0,2.0,0
105.06900024414062,44.0,1133.0,39.0,44187.0,0.0,0.0,0.0,45.0,66.0,9.0,0.0,100.0,100.0,100.0,103.0,100.0,103.0,100.0,50.0,50.0,0.0,2.732000129763037,2.732000129763037,2.732000129763037,2.732000129763037,14.70000021904707,1.0,2.579463243484497,0.0,0.0,13.0,3.000000142492354,3.0150001432048157,13.90000020712614,20.0,0.0,0.0,-8.557242393493652,0.0,0.0,0.0,1.0,20.0,1050.0,-83.0,98.0,0.0,11.0,0.0,0.0,11.0,12.0,1910.0,101.14739990234375,0.0,0.0,0.0,0.0,0.0,0.0,0.0,0.0,0.0,0.0,0.0,0.0,0.0,0.0,0.0,0.0,13.0,0.0,0.0,0.0,2.0,0
105.13700103759766,44.0,1131.0,39.0,44109.0,0.0,0.0,0.0,45.0,66.0,9.0,0.0,100.0,100.0,100.0,103.0,100.0,103.0,100.0,50.0,50.0,0.0,2.732000129763037,2.732000129763037,2.732000129763037,2.732000129763037,14.70000021904707,1.0,2.5749099254608154,0.0,0.0,13.0,3.000000142492354,3.0170001432998106,13.90000020712614,-20.0,0.0,0.0,-8.557242393493652,0.0,0.0,0.0,1.0,20.0,1050.0,-81.0,98.0,0.0,11.0,0.0,0.0,11.0,12.0,1910.0,101.32626342773438,0.0,0.0,0.0,0.0,0.0,0.0,0.0,0.0,0.0,0.0,0.0,0.0,0.0,0.0,0.0,0.0,13.0,0.0,0.0,0.0,2.0,0
105.2040023803711,44.0,1135.0,39.0,44265.0,0.0,0.0,0.0,45.0,66.0,9.0,0.0,100.0,100.0,100.0,103.0,100.0,103.0,100.0,50.0,50.0,0.0,2.732000129763037,2.732000129763037,2.732000129763037,2.732000129763037,14.70000021904707,1.0,2.5840165615081787,0.0,0.0,13.0,3.000000142492354,2.8250001341803,13.90000020712614,-20.0,0.0,0.0,-8.557242393493652,0.0,0.0,0.0,1.0,20.0,1050.0,-85.0,98.0,0.0,11.0,0.0,0.0,11.0,12.0,1910.0,100.96916198730469,0.0,0.0,0.0,0.0,0.0,0.0,0.0,0.0,0.0,0.0,0.0,0.0,0.0,0.0,0.0,0.0,13.0,0.0,0.0,0.0,2.0,0
105.26899719238281,44.0,1135.0,39.0,44265.0,0.0,0.0,0.0,45.0,66.0,9.0,0.0,100.0,100.0,100.0,103.0,100.0,103.0,100.0,50.0,50.0,0.0,2.732000129763037,2.732000129763037,2.732000129763037,2.732000129763037,14.70000021904707,1.0,2.5840165615081787,0.0,0.0,13.0,3.000000142492354,3.016000143252313,13.90000020712614,40.0,0.0,0.0,-8.557242393493652,0.0,0.0,0.0,1.0,20.0,1050.0,-85.0,98.0,0.0,11.0,0.0,0.0,11.0,12.0,1910.0,100.96916198730469,0.0,0.0,0.0,0.0,0.0,0.0,0.0,0.0,0.0,0.0,0.0,0.0,0.0,0.0,0.0,0.0,13.0,0.0,0.0,0.0,2.0,0
105.33499908447266,44.0,1133.0,39.0,44187.0,0.0,0.0,0.0,45.0,66.0,9.0,0.0,100.0,100.0,100.0,103.0,100.0,103.0,100.0,50.0,50.0,0.0,2.732000129763037,2.732000129763037,2.732000129763037,2.732000129763037,14.70000021904707,1.0,2.579463243484497,0.0,0.0,13.0,3.000000142492354,3.0210001434898004,13.90000020712614,-20.0,0.0,0.0,-8.557242393493652,0.0,0.0,0.0,1.0,20.0,1050.0,-83.0,98.0,0.0,11.0,0.0,0.0,11.0,12.0,1910.0,101.14739990234375,0.0,0.0,0.0,0.0,0.0,0.0,0.0,0.0,0.0,0.0,0.0,0.0,0.0,0.0,0.0,0.0,13.0,0.0,0.0,0.0,2.0,0
105.39900207519531,44.0,1134.0,39.0,44226.0,0.0,0.0,0.0,45.0,66.0,9.0,0.0,100.0,100.0,100.0,103.0,100.0,103.0,100.0,50.0,50.0,0.0,2.732000129763037,2.732000129763037,2.732000129763037,2.732000129763037,14.70000021904707,1.0,2.581739902496338,0.0,0.0,13.0,3.000000142492354,2.9350001394050196,13.90000020712614,-20.0,0.0,0.0,-8.557242393493652,0.0,0.0,0.0,1.0,20.0,1050.0,-84.0,98.0,0.0,11.0,0.0,0.0,11.0,12.0,1910.0,101.0582046508789,0.0,0.0,0.0,0.0,0.0,0.0,0.0,0.0,0.0,0.0,0.0,0.0,0.0,0.0,0.0,0.0,13.0,0.0,0.0,0.0,2.0,0
105.46900177001953,44.0,1134.0,39.0,44226.0,0.0,0.0,0.0,45.0,66.0,9.0,0.0,100.0,100.0,100.0,103.0,100.0,103.0,100.0,50.0,50.0,0.0,2.732000129763037,2.732000129763037,2.732000129763037,2.732000129763037,14.70000021904707,1.0,2.581739902496338,0.0,0.0,13.0,3.000000142492354,3.013000143109821,13.90000020712614,10.0,0.0,0.0,-8.557242393493652,0.0,0.0,0.0,1.0,20.0,1050.0,-84.0,98.0,0.0,11.0,0.0,0.0,11.0,12.0,1910.0,101.0582046508789,0.0,0.0,0.0,0.0,0.0,0.0,0.0,0.0,0.0,0.0,0.0,0.0,0.0,0.0,0.0,0.0,13.0,0.0,0.0,0.0,2.0,0
105.53399658203125,44.0,1139.0,39.0,44421.0,0.0,0.0,0.0,45.0,66.0,9.0,0.0,100.0,100.0,100.0,103.0,100.0,103.0,100.0,50.0,50.0,0.0,2.732000129763037,2.732000129763037,2.732000129763037,2.732000129763037,14.70000021904707,1.0,2.593123435974121,0.0,0.0,13.0,3.000000142492354,3.13500014890451,13.90000020712614,50.0,0.0,0.0,-8.557242393493652,0.0,0.0,0.0,1.0,20.0,1050.0,-89.0,98.0,0.0,11.0,0.0,0.0,11.0,12.0,1910.0,100.61457061767578,0.0,0.0,0.0,0.0,0.0,0.0,0.0,0.0,0.0,0.0,0.0,0.0,0.0,0.0,0.0,0.0,13.0,0.0,0.0,0.0,2.0,0
105.60099792480469,44.0,1138.0,39.0,44382.0,0.0,0.0,0.0,45.0,66.0,9.0,0.0,100.0,100.0,100.0,103.0,100.0,103.0,100.0,50.0,50.0,0.0,2.732000129763037,2.732000129763037,2.732000129763037,2.732000129763037,14.70000021904707,1.0,2.5908467769622803,0.0,0.0,13.0,3.000000142492354,3.0170001432998106,13.90000020712614,50.0,0.0,0.0,-8.557242393493652,0.0,0.0,0.0,1.0,20.0,1050.0,-88.0,98.0,0.0,11.0,0.0,0.0,11.0,12.0,1910.0,100.70298767089844,0.0,0.0,0.0,0.0,0.0,0.0,0.0,0.0,0.0,0.0,0.0,0.0,0.0,0.0,0.0,0.0,13.0,0.0,0.0,0.0,2.0,0
105.6709976196289,44.0,1138.0,39.0,44382.0,0.0,0.0,0.0,45.0,66.0,9.0,0.0,100.0,100.0,100.0,103.0,100.0,103.0,100.0,50.0,50.0,0.0,2.732000129763037,2.732000129763037,2.732000129763037,2.732000129763037,14.70000021904707,1.0,2.5908467769622803,0.0,0.0,13.0,3.000000142492354,3.0230001435847953,13.90000020712614,-10.0,0.0,0.0,-8.557242393493652,0.0,0.0,0.0,1.0,20.0,1050.0,-88.0,98.0,0.0,11.0,0.0,0.0,11.0,12.0,1910.0,100.70298767089844,0.0,0.0,0.0,0.0,0.0,0.0,0.0,0.0,0.0,0.0,0.0,0.0,0.0,0.0,0.0,0.0,13.0,0.0,0.0,0.0,2.0,0
105.73600006103516,44.0,1137.0,39.0,44343.0,0.0,0.0,0.0,45.0,66.0,9.0,0.0,100.0,100.0,100.0,103.0,100.0,103.0,100.0,50.0,50.0,0.0,2.732000129763037,2.732000129763037,2.732000129763037,2.732000129763037,14.70000021904707,1.0,2.5885701179504395,0.0,0.0,13.0,3.000000142492354,3.171000150614418,14.000000208616257,-10.0,0.0,0.0,-8.557242393493652,0.0,0.0,0.0,1.0,20.0,1050.0,-87.0,98.0,0.0,11.0,0.0,0.0,11.0,12.0,1910.0,100.79155731201172,0.0,0.0,0.0,0.0,0.0,0.0,0.0,0.0,0.0,0.0,0.0,0.0,0.0,0.0,0.0,0.0,13.0,0.0,0.0,0.0,2.0,0
105.8010025024414,44.0,1137.0,39.0,44343.0,0.0,0.0,0.0,45.0,66.0,9.0,0.0,100.0,100.0,100.0,103.0,100.0,103.0,100.0,50.0,50.0,0.0,2.732000129763037,2.732000129763037,2.732000129763037,2.732000129763037,14.70000021904707,1.0,2.5885701179504395,0.0,0.0,13.0,3.000000142492354,3.018000143347308,14.000000208616257,-10.0,0.0,0.0,-8.557242393493652,0.0,0.0,0.0,1.0,20.0,1050.0,-87.0,98.0,0.0,11.0,0.0,0.0,11.0,12.0,1910.0,100.79155731201172,0.0,0.0,0.0,0.0,0.0,0.0,0.0,0.0,0.0,0.0,0.0,0.0,0.0,0.0,0.0,0.0,13.0,0.0,0.0,0.0,2.0,0
105.86799621582031,44.0,1143.0,39.0,44577.0,0.0,0.0,0.0,45.0,66.0,9.0,0.0,100.0,100.0,100.0,103.0,100.0,103.0,100.0,50.0,50.0,0.0,2.732000129763037,2.732000129763037,2.732000129763037,2.732000129763037,14.70000021904707,1.0,2.6022300720214844,0.0,0.0,13.0,3.000000142492354,3.0960001470521092,14.000000208616257,60.0,0.0,0.0,-8.557242393493652,0.0,0.0,0.0,1.0,20.0,1050.0,-93.0,98.0,0.0,11.0,0.0,0.0,11.0,12.0,1910.0,100.26246643066406,0.0,0.0,0.0,0.0,0.0,0.0,0.0,0.0,0.0,0.0,0.0,0.0,0.0,0.0,0.0,0.0,13.0,0.0,0.0,0.0,2.0,0
105.93599700927734,45.0,1141.0,39.0,44499.0,0.0,0.0,0.0,45.0,66.0,9.0,0.0,100.0,100.0,100.0,103.0,100.0,103.0,100.0,50.0,50.0,0.0,2.732000129763037,2.732000129763037,2.732000129763037,2.732000129763037,14.70000021904707,1.0,2.5976767539978027,0.0,0.0,13.0,3.000000142492354,3.051000144914724,14.000000208616257,-20.0,0.0,0.0,-8.557242393493652,0.0,0.0,0.0,1.0,20.0,1050.0,-91.0,98.0,0.0,11.0,0.0,0.0,11.0,12.0,1914.0,100.64855194091797,0.0,0.0,0.0,0.0,0.0,0.0,0.0,0.0,0.0,0.0,0.0,0.0,0.0,0.0,0.0,0.0,13.0,0.0,0.0,0.0,2.0,0
106.00199890136719,45.0,1141.0,39.0,44499.0,0.0,0.0,0.0,45.0,66.0,9.0,0.0,100.0,100.0,100.0,103.0,100.0,103.0,100.0,50.0,50.0,0.0,2.732000129763037,2.732000129763037,2.732000129763037,2.732000129763037,14.70000021904707,1.0,2.5976767539978027,0.0,0.0,13.0,3.000000142492354,3.0300001439172775,14.000000208616257,-20.0,0.0,0.0,-8.557242393493652,0.0,0.0,0.0,1.0,20.0,1050.0,-91.0,98.0,0.0,11.0,0.0,0.0,11.0,12.0,1914.0,100.64855194091797,0.0,0.0,0.0,0.0,0.0,0.0,0.0,0.0,0.0,0.0,0.0,0.0,0.0,0.0,0.0,0.0,13.0,0.0,0.0,0.0,2.0,0
106.06800079345703,45.0,1138.0,39.0,44382.0,0.0,0.0,0.0,45.0,66.0,9.0,0.0,100.0,100.0,100.0,103.0,100.0,103.0,100.0,50.0,50.0,0.0,2.732000129763037,2.732000129763037,2.732000129763037,2.732000129763037,14.70000021904707,1.0,2.5908467769622803,0.0,0.0,13.0,3.000000142492354,3.0030001426348463,14.000000208616257,-30.0,0.0,0.0,-8.557242393493652,0.0,0.0,0.0,1.0,20.0,1050.0,-88.0,98.0,0.0,11.0,0.0,0.0,11.0,12.0,1914.0,100.91388702392578,0.0,0.0,0.0,0.0,0.0,0.0,0.0,0.0,0.0,0.0,0.0,0.0,0.0,0.0,0.0,0.0,13.0,0.0,0.0,0.0,2.0,0
106.13300323486328,45.0,1130.0,39.0,44070.0,0.0,0.0,0.0,45.0,66.0,9.0,0.0,100.0,100.0,100.0,103.0,100.0,103.0,100.0,50.0,50.0,0.0,2.732000129763037,2.732000129763037,2.732000129763037,2.732000129763037,14.70000021904707,1.0,2.5726332664489746,0.0,0.0,13.0,3.000000142492354,2.991000142064877,14.000000208616257,-80.0,0.0,0.0,-8.557242393493652,0.0,0.0,0.0,1.0,20.0,1050.0,-80.0,98.0,0.0,11.0,0.0,0.0,11.0,12.0,1914.0,101.6283187866211,0.0,0.0,0.0,0.0,0.0,0.0,0.0,0.0,0.0,0.0,0.0,0.0,0.0,0.0,0.0,0.0,13.0,0.0,0.0,0.0,2.0,0
106.2030029296875,45.0,1130.0,39.0,44070.0,0.0,0.0,0.0,45.0,66.0,9.0,0.0,100.0,100.0,100.0,103.0,100.0,103.0,100.0,50.0,50.0,0.0,2.732000129763037,2.732000129763037,2.732000129763037,2.732000129763037,14.70000021904707,1.0,2.5726332664489746,0.0,0.0,13.0,3.000000142492354,3.0040001426823437,14.000000208616257,-80.0,0.0,0.0,-8.557242393493652,0.0,0.0,0.0,1.0,20.0,1050.0,-80.0,98.0,0.0,11.0,0.0,0.0,11.0,12.0,1914.0,101.6283187866211,0.0,0.0,0.0,0.0,0.0,0.0,0.0,0.0,0.0,0.0,0.0,0.0,0.0,0.0,0.0,0.0,13.0,0.0,0.0,0.0,2.0,0
106.26799774169922,45.0,1126.0,39.0,43914.0,0.0,0.0,0.0,45.0,66.0,9.0,0.0,100.0,100.0,100.0,103.0,100.0,103.0,100.0,50.0,50.0,0.0,2.732000129763037,2.732000129763037,2.732000129763037,2.732000129763037,14.70000021904707,1.0,2.5635266304016113,0.0,0.0,13.0,3.000000142492354,2.9130001383600757,14.000000208616257,0.0,0.0,0.0,-8.557242393493652,0.0,0.0,0.0,1.0,20.0,1050.0,-76.0,98.0,0.0,11.0,0.0,0.0,11.0,12.0,1914.0,101.98934173583984,0.0,0.0,0.0,0.0,0.0,0.0,0.0,0.0,0.0,0.0,0.0,0.0,0.0,0.0,0.0,0.0,13.0,0.0,0.0,0.0,2.0,0
106.33499908447266,45.0,1126.0,39.0,43914.0,0.0,0.0,0.0,45.0,66.0,9.0,0.0,100.0,100.0,100.0,103.0,100.0,103.0,100.0,50.0,50.0,0.0,2.732000129763037,2.732000129763037,2.732000129763037,2.732000129763037,14.70000021904707,1.0,2.5635266304016113,0.0,0.0,13.0,3.000000142492354,3.016000143252313,14.000000208616257,-40.0,0.0,0.0,-8.557242393493652,0.0,0.0,0.0,1.0,20.0,1050.0,-76.0,98.0,0.0,11.0,0.0,0.0,11.0,12.0,1914.0,101.98934173583984,0.0,0.0,0.0,0.0,0.0,0.0,0.0,0.0,0.0,0.0,0.0,0.0,0.0,0.0,0.0,0.0,13.0,0.0,0.0,0.0,2.0,0
106.40299987792969,45.0,1128.0,39.0,43992.0,0.0,0.0,0.0,45.0,66.0,9.0,0.0,100.0,100.0,100.0,103.0,100.0,103.0,100.0,50.0,50.0,0.0,2.732000129763037,2.732000129763037,2.732000129763037,2.732000129763037,14.70000021904707,1.0,2.568079948425293,0.0,0.0,13.0,3.000000142492354,3.013000143109821,14.000000208616257,-40.0,0.0,0.0,-8.557242393493652,0.0,0.0,0.0,1.0,20.0,1050.0,-78.0,98.0,0.0,11.0,0.0,0.0,11.0,12.0,1914.0,101.80850982666016,0.0,0.0,0.0,0.0,0.0,0.0,0.0,0.0,0.0,0.0,0.0,0.0,0.0,0.0,0.0,0.0,13.0,0.0,0.0,0.0,2.0,0
106.47000122070312,45.0,1123.0,39.0,43797.0,0.0,0.0,0.0,45.0,66.0,9.0,0.0,100.0,100.0,100.0,103.0,100.0,103.0,100.0,50.0,50.0,0.0,2.732000129763037,2.732000129763037,2.732000129763037,2.732000129763037,14.70000021904707,1.0,2.556696653366089,0.0,0.0,13.0,3.000000142492354,2.874000136507675,14.000000208616257,20.0,0.0,0.0,-8.557242393493652,0.0,0.0,0.0,1.0,20.0,1050.0,-73.0,98.0,0.0,11.0,0.0,0.0,11.0,12.0,1914.0,102.26179504394531,0.0,0.0,0.0,0.0,0.0,0.0,0.0,0.0,0.0,0.0,0.0,0.0,0.0,0.0,0.0,0.0,13.0,0.0,0.0,0.0,2.0,0
106.53500366210938,45.0,1123.0,39.0,43797.0,0.0,0.0,0.0,45.0,66.0,9.0,0.0,100.0,100.0,100.0,103.0,100.0,103.0,100.0,50.0,50.0,0.0,2.732000129763037,2.732000129763037,2.732000129763037,2.732000129763037,14.70000021904707,1.0,2.556696653366089,0.0,0.0,13.0,3.000000142492354,3.0190001433948055,14.000000208616257,20.0,0.0,0.0,-8.557242393493652,0.0,0.0,0.0,1.0,20.0,1050.0,-73.0,98.0,0.0,11.0,0.0,0.0,11.0,12.0,1914.0,102.26179504394531,0.0,0.0,0.0,0.0,0.0,0.0,0.0,0.0,0.0,0.0,0.0,0.0,0.0,0.0,0.0,0.0,13.0,0.0,0.0,0.0,2.0,0
106.60099792480469,45.0,1121.0,39.0,43719.0,0.0,0.0,0.0,45.0,66.0,9.0,0.0,100.0,100.0,100.0,103.0,100.0,103.0,100.0,50.0,50.0,0.0,2.732000129763037,2.732000129763037,2.732000129763037,2.732000129763037,14.70000021904707,1.0,2.5521433353424072,0.0,0.0,13.0,3.000000142492354,2.969000141019933,14.000000208616257,-50.0,0.0,0.0,-8.557242393493652,0.0,0.0,0.0,1.0,20.0,1050.0,-71.0,98.0,0.0,11.0,0.0,0.0,11.0,12.0,1914.0,102.44424438476562,0.0,0.0,0.0,0.0,0.0,0.0,0.0,0.0,0.0,0.0,0.0,0.0,0.0,0.0,0.0,0.0,13.0,0.0,0.0,0.0,2.0,0
106.66999816894531,45.0,1096.0,39.0,42744.0,0.0,0.0,0.0,45.0,66.0,9.0,0.0,100.0,100.0,100.0,103.0,100.0,103.0,100.0,50.0,50.0,0.0,2.732000129763037,2.732000129763037,2.732000129763037,2.732000129763037,14.70000021904707,1.0,2.4952266216278076,0.0,0.0,13.0,3.000000142492354,3.0150001432048157,14.000000208616257,-20.0,0.0,0.0,-8.557242393493652,0.0,0.0,0.0,1.0,20.0,1050.0,-46.0,98.0,0.0,11.0,0.0,0.0,11.0,12.0,1914.0,104.78102111816406,0.0,0.0,0.0,0.0,0.0,0.0,0.0,0.0,0.0,0.0,0.0,0.0,0.0,0.0,0.0,0.0,13.0,0.0,0.0,0.0,2.0,0
106.73600006103516,45.0,1096.0,39.0,42744.0,0.0,0.0,0.0,45.0,66.0,9.0,0.0,100.0,100.0,100.0,103.0,100.0,103.0,100.0,50.0,50.0,0.0,2.732000129763037,2.732000129763037,2.732000129763037,2.732000129763037,14.70000021904707,1.0,2.4952266216278076,0.0,0.0,13.0,3.000000142492354,3.0030001426348463,14.000000208616257,-20.0,0.0,0.0,-8.557242393493652,0.0,0.0,0.0,1.0,20.0,1050.0,-46.0,98.0,0.0,11.0,0.0,0.0,11.0,12.0,1914.0,104.78102111816406,0.0,0.0,0.0,0.0,0.0,0.0,0.0,0.0,0.0,0.0,0.0,0.0,0.0,0.0,0.0,0.0,13.0,0.0,0.0,0.0,2.0,0
106.80400085449219,45.0,1026.0,40.0,41040.0,0.0,0.0,0.0,45.0,66.0,9.0,0.0,100.0,100.0,100.0,103.0,100.0,103.0,100.0,50.0,50.0,0.0,2.768000131472945,2.768000131472945,2.768000131472945,2.768000131472945,14.70000021904707,1.0,2.366640090942383,0.0,0.0,13.0,3.000000142492354,2.807000133325346,14.000000208616257,-250.0,0.0,0.0,-8.412203788757324,0.0,0.0,0.0,1.0,20.0,1050.0,24.0,98.0,0.0,11.0,0.0,0.0,11.0,12.0,1914.0,111.92982482910156,0.0,0.0,0.0,0.0,0.0,0.0,0.0,0.0,0.0,0.0,0.0,0.0,0.0,0.0,0.0,0.0,13.0,0.0,0.0,0.0,2.0,0
106.87000274658203,45.0,1026.0,41.0,42066.0,0.0,0.0,0.0,45.0,66.0,9.0,0.0,100.0,100.0,100.0,103.0,100.0,103.0,100.0,50.0,50.0,0.0,2.805000133230351,2.805000133230351,2.805000133230351,2.805000133230351,14.70000021904707,1.0,2.3982748985290527,0.0,0.0,13.0,3.000000142492354,2.97800014144741,14.000000208616257,-700.0,0.0,0.0,-8.267166137695312,0.0,0.0,0.0,1.0,20.0,1050.0,24.0,98.0,0.0,11.0,0.0,0.0,11.0,12.0,1914.0,111.92982482910156,0.0,0.0,0.0,0.0,0.0,0.0,0.0,0.0,0.0,0.0,0.0,0.0,0.0,0.0,0.0,0.0,13.0,0.0,0.0,0.0,2.0,0
106.93599700927734,45.0,937.0,42.0,39354.0,0.0,0.0,0.0,45.0,66.0,9.0,0.0,100.0,100.0,100.0,103.0,100.0,103.0,100.0,50.0,50.0,0.0,2.878000136697665,2.878000136697665,2.878000136697665,2.878000136697665,14.70000021904707,1.0,2.2472383975982666,0.0,0.0,13.0,3.000000142492354,2.845000135130249,14.000000208616257,-700.0,0.0,0.0,-8.122127532958984,0.0,0.0,0.0,1.0,20.0,1050.0,113.0,98.0,0.0,11.0,0.0,0.0,11.0,12.0,1914.0,122.56136322021484,0.0,0.0,0.0,0.0,0.0,0.0,0.0,0.0,0.0,0.0,0.0,0.0,0.0,0.0,0.0,0.0,13.0,0.0,0.0,0.0,2.0,0
107.0009994506836,46.0,937.0,43.0,40291.0,0.0,0.0,0.0,45.0,66.0,9.0,0.0,100.0,100.0,100.0,103.0,100.0,103.0,100.0,50.0,50.0,0.0,2.916000138502568,2.916000138502568,2.916000138502568,2.916000138502568,14.70000021904707,1.0,2.2769100666046143,0.0,0.0,13.0,3.000000142492354,2.9830001416848972,13.90000020712614,-890.0,0.0,0.0,-7.977089881896973,0.0,0.0,0.0,1.0,37.0,1050.0,113.0,98.0,0.0,11.0,0.0,0.0,11.0,12.0,1906.0,122.0490951538086,0.0,0.0,0.0,0.0,0.0,0.0,0.0,0.0,0.0,0.0,0.0,0.0,0.0,0.0,0.0,0.0,13.0,0.0,0.0,0.0,2.0,0
107.06800079345703,46.0,847.0,45.0,38115.0,0.0,0.0,0.0,45.0,66.0,9.0,0.0,100.0,100.0,100.0,103.0,100.0,103.0,100.0,50.0,50.0,0.0,3.02500014367979,3.02500014367979,3.02500014367979,3.02500014367979,14.70000021904707,1.0,2.135145902633667,0.0,0.0,13.0,3.000000142492354,2.6340001251082867,13.90000020712614,0.0,0.0,0.0,-7.687014102935791,0.0,0.0,0.0,1.0,37.0,1050.0,203.0,98.0,0.0,11.0,0.0,0.0,11.0,12.0,1906.0,135.01771545410156,0.0,0.0,0.0,0.0,0.0,0.0,0.0,0.0,0.0,0.0,0.0,0.0,0.0,0.0,0.0,0.0,13.0,0.0,0.0,0.0,2.0,0
107.13600158691406,46.0,847.0,46.0,38962.0,0.0,0.0,0.0,45.0,66.0,9.0,0.0,100.0,100.0,100.0,103.0,100.0,103.0,100.0,50.0,50.0,0.0,3.062000145437196,3.062000145437196,3.062000145437196,3.062000145437196,14.70000021904707,1.0,2.161261558532715,0.0,0.0,13.0,3.000000142492354,2.5960001233033836,13.90000020712614,0.0,0.0,0.0,-7.541975975036621,0.0,0.0,0.0,1.0,37.0,1050.0,203.0,98.0,0.0,11.0,0.0,0.0,11.0,12.0,1906.0,135.01771545410156,0.0,0.0,0.0,0.0,0.0,0.0,0.0,0.0,0.0,0.0,0.0,0.0,0.0,0.0,0.0,0.0,13.0,0.0,0.0,0.0,2.0,0
107.2020034790039,46.0,847.0,47.0,39809.0,0.0,0.0,0.0,45.0,66.0,9.0,0.0,100.0,100.0,100.0,103.0,100.0,103.0,100.0,50.0,50.0,0.0,3.098000147147104,3.098000147147104,3.098000147147104,3.098000147147104,14.70000021904707,1.0,2.186671733856201,0.0,0.0,13.0,3.000000142492354,3.0060001427773386,13.800000205636024,-900.0,0.0,0.0,-7.396937847137451,0.0,0.0,0.0,1.0,37.0,1050.0,203.0,98.0,0.0,11.0,0.0,0.0,11.0,12.0,1906.0,135.01771545410156,0.0,0.0,0.0,0.0,0.0,0.0,0.0,0.0,0.0,0.0,0.0,0.0,0.0,0.0,0.0,0.0,13.0,0.0,0.0,0.0,2.0,0
107.26799774169922,46.0,769.0,49.0,37681.0,0.0,0.0,0.0,45.0,66.0,9.0,0.0,100.0,100.0,100.0,103.0,100.0,103.0,100.0,50.0,50.0,0.0,3.208000152371824,3.208000152371824,3.208000152371824,3.208000152371824,14.70000021904707,1.0,2.055793285369873,0.0,0.0,13.0,3.000000142492354,2.881000136840157,13.800000205636024,-780.0,0.0,0.0,-7.1068620681762695,0.0,0.0,0.0,1.0,62.0,1050.0,281.0,98.0,0.0,11.0,0.0,0.0,11.0,12.0,1906.0,148.71261596679688,0.0,0.0,0.0,0.0,0.0,0.0,0.0,0.0,0.0,0.0,0.0,0.0,0.0,0.0,0.0,0.0,13.0,0.0,0.0,0.0,2.0,0
107.26799774169922,46.0,769.0,53.0,40757.0,0.0,0.0,0.0,45.0,66.0,9.0,0.0,100.0,100.0,100.0,103.0,100.0,103.0,100.0,50.0,50.0,0.0,3.392000161111355,3.392000161111355,3.392000161111355,3.392000161111355,14.70000021904707,1.0,2.1737067699432373,0.0,0.0,13.0,3.000000142492354,3.000000142492354,13.800000205636024,-780.0,0.0,0.0,-6.526710033416748,0.0,0.0,0.0,1.0,62.0,1050.0,281.0,98.0,0.0,11.0,0.0,0.0,11.0,12.0,1906.0,148.71261596679688,0.0,0.0,0.0,0.0,0.0,0.0,0.0,0.0,0.0,0.0,0.0,0.0,0.0,0.0,0.0,0.0,13.0,0.0,0.0,0.0,2.0,0
107.39800262451172,46.0,714.0,57.0,40698.0,0.0,0.0,0.0,45.0,66.0,9.0,0.0,100.0,100.0,100.0,103.0,100.0,103.0,100.0,50.0,50.0,0.0,3.5750001698033884,3.5750001698033884,3.5750001698033884,3.5750001698033884,14.70000021904707,1.0,2.1271250247955322,0.0,0.0,13.0,3.000000142492354,2.754000130807981,13.800000205636024,0.0,0.0,0.0,-5.946557998657227,0.0,0.0,0.0,1.0,62.0,1050.0,336.0,98.0,0.0,11.0,0.0,0.0,11.0,12.0,1906.0,160.16806030273438,0.0,0.0,0.0,0.0,0.0,0.0,0.0,0.0,0.0,0.0,0.0,0.0,0.0,0.0,0.0,0.0,13.0,0.0,0.0,0.0,2.0,0
107.46800231933594,46.0,714.0,59.0,42126.0,0.0,0.0,0.0,45.0,66.0,9.0,0.0,100.0,100.0,100.0,103.0,100.0,103.0,100.0,50.0,50.0,0.0,3.694000175455585,3.694000175455585,3.694000175455585,3.694000175455585,14.70000021904707,1.0,2.197930097579956,0.0,0.0,13.0,3.000000142492354,3.0480001447722316,13.600000202655792,-550.0,0.0,0.0,-5.656482219696045,0.0,0.0,0.0,1.0,62.0,1050.0,336.0,98.0,0.0,11.0,0.0,0.0,11.0,12.0,1906.0,160.16806030273438,0.0,0.0,0.0,0.0,0.0,0.0,0.0,0.0,0.0,0.0,0.0,0.0,0.0,0.0,0.0,0.0,13.0,0.0,0.0,0.0,2.0,0
107.53500366210938,46.0,714.0,62.0,44268.0,0.0,0.0,0.0,45.0,66.0,9.0,0.0,100.0,100.0,100.0,103.0,100.0,103.0,100.0,50.0,50.0,0.0,3.8040001806803048,3.8040001806803048,3.8040001806803048,3.8040001806803048,14.70000021904707,1.0,2.2633800506591797,0.0,0.0,13.0,3.000000142492354,3.0170001432998106,13.600000202655792,-550.0,0.0,0.0,-5.221367835998535,0.0,0.0,0.0,1.0,62.0,1050.0,336.0,98.0,0.0,11.0,0.0,0.0,11.0,12.0,1906.0,160.16806030273438,0.0,0.0,0.0,0.0,0.0,0.0,0.0,0.0,0.0,0.0,0.0,0.0,0.0,0.0,0.0,0.0,13.0,0.0,0.0,0.0,2.0,0
107.60299682617188,46.0,672.0,64.0,43008.0,0.0,0.0,0.0,45.0,66.0,9.0,0.0,100.0,100.0,100.0,103.0,100.0,103.0,100.0,50.0,50.0,0.0,3.9140001859050244,3.9140001859050244,3.9140001859050244,3.9140001859050244,14.70000021904707,1.0,2.1918399333953857,0.0,0.0,13.0,3.000000142492354,3.0970001470996067,13.600000202655792,0.0,0.0,0.0,-4.9312920570373535,0.0,0.0,0.0,1.0,80.0,1050.0,378.0,98.0,0.0,11.0,0.0,0.0,11.0,12.0,1906.0,170.17857360839844,0.0,0.0,0.0,0.0,0.0,0.0,0.0,0.0,0.0,0.0,0.0,0.0,0.0,0.0,0.0,0.0,13.0,0.0,0.0,0.0,2.0,0
107.66899871826172,46.0,672.0,68.0,45696.0,0.0,0.0,0.0,45.0,66.0,9.0,0.0,100.0,100.0,100.0,103.0,100.0,103.0,100.0,50.0,50.0,0.0,4.097000194597058,4.097000194597058,4.097000194597058,4.097000194597058,14.70000021904707,1.0,2.2943201065063477,0.0,0.0,16.0,3.000000142492354,3.102000147337094,13.600000202655792,-420.0,0.0,0.0,-4.351140022277832,0.0,0.0,0.0,1.0,80.0,1050.0,378.0,98.0,0.0,11.0,0.0,0.0,11.0,12.0,1906.0,170.17857360839844,0.0,0.0,0.0,0.0,0.0,0.0,0.0,0.0,0.0,0.0,0.0,0.0,0.0,0.0,0.0,0.0,16.0,0.0,0.0,0.0,2.0,0
107.73600006103516,46.0,697.0,69.0,48093.0,0.0,0.0,0.0,45.0,66.0,9.0,0.0,100.0,100.0,100.0,103.0,100.0,103.0,100.0,50.0,50.0,0.0,4.134000196354464,4.134000196354464,4.134000196354464,4.134000196354464,14.70000021904707,1.0,2.401165008544922,0.0,0.0,16.0,3.000000142492354,3.0260001437272877,13.40000019967556,-420.0,0.0,0.0,-4.206101894378662,0.0,0.0,0.0,1.0,80.0,1050.0,353.0,98.0,0.0,11.0,0.0,0.0,11.0,11.0,1906.0,164.07460021972656,0.0,0.0,0.0,0.0,0.0,0.0,0.0,0.0,0.0,0.0,0.0,0.0,0.0,0.0,0.0,0.0,16.0,0.0,0.0,0.0,2.0,0
107.80000305175781,46.0,697.0,69.0,48093.0,0.0,0.0,0.0,45.0,66.0,9.0,0.0,100.0,100.0,100.0,103.0,100.0,103.0,100.0,50.0,50.0,0.0,4.134000196354464,4.134000196354464,4.134000196354464,4.134000196354464,14.70000021904707,1.0,2.401165008544922,0.0,0.0,16.0,3.000000142492354,3.9480001875199378,13.40000019967556,250.0,0.0,0.0,-4.206101894378662,0.0,0.0,0.0,1.0,80.0,1050.0,353.0,98.0,0.0,11.0,0.0,0.0,11.0,11.0,1906.0,164.07460021972656,0.0,0.0,0.0,0.0,0.0,0.0,0.0,0.0,0.0,0.0,0.0,0.0,0.0,0.0,0.0,0.0,16.0,0.0,0.0,0.0,2.0,0
107.87000274658203,46.0,697.0,69.0,48093.0,0.0,0.0,0.0,45.0,66.0,9.0,0.0,100.0,100.0,100.0,103.0,100.0,103.0,100.0,50.0,50.0,0.0,4.134000196354464,4.134000196354464,4.134000196354464,4.134000196354464,14.70000021904707,1.0,2.401165008544922,0.0,0.0,16.0,3.000000142492354,3.0280001438222826,13.40000019967556,0.0,0.0,0.0,-4.206101894378662,0.0,0.0,0.0,1.0,80.0,1050.0,353.0,98.0,0.0,11.0,0.0,0.0,11.0,11.0,1906.0,164.07460021972656,0.0,0.0,0.0,0.0,0.0,0.0,0.0,0.0,0.0,0.0,0.0,0.0,0.0,0.0,0.0,0.0,16.0,0.0,0.0,0.0,2.0,0
107.93599700927734,46.0,766.0,67.0,51322.0,0.0,0.0,0.0,45.0,66.0,9.0,0.0,100.0,100.0,100.0,103.0,100.0,103.0,100.0,50.0,50.0,0.0,4.06100019288715,4.06100019288715,4.06100019288715,4.06100019288715,14.70000021904707,1.0,2.592271566390991,0.0,0.0,15.0,3.000000142492354,4.052000192459673,13.40000019967556,0.0,0.0,0.0,-4.496178150177002,0.0,0.0,0.0,1.0,80.0,1050.0,284.0,98.0,0.0,11.0,0.0,0.0,11.0,11.0,1906.0,149.2950439453125,0.0,0.0,0.0,0.0,0.0,0.0,0.0,0.0,0.0,0.0,0.0,0.0,0.0,0.0,0.0,0.0,15.0,0.0,0.0,0.0,2.0,0
108.0,47.0,766.0,66.0,50556.0,0.0,0.0,0.0,45.0,66.0,9.0,0.0,100.0,100.0,100.0,103.0,100.0,103.0,100.0,50.0,50.0,0.0,3.9870001893723384,3.9870001893723384,3.9870001893723384,3.9870001893723384,14.70000021904707,1.0,2.545034885406494,0.0,0.0,15.0,3.000000142492354,3.0300001439172775,13.40000019967556,690.0,0.0,0.0,-4.641215801239014,0.0,0.0,0.0,1.0,80.0,1050.0,284.0,98.0,0.0,11.0,0.0,0.0,11.0,11.0,1897.0,148.59007263183594,0.0,0.0,0.0,0.0,0.0,0.0,0.0,0.0,0.0,0.0,0.0,0.0,0.0,0.0,0.0,0.0,15.0,0.0,0.0,0.0,2.0,0
108.06999969482422,47.0,875.0,64.0,56000.0,0.0,0.0,0.0,45.0,66.0,9.0,0.0,100.0,100.0,100.0,103.0,100.0,103.0,100.0,50.0,50.0,0.0,3.9140001859050244,3.9140001859050244,3.9140001859050244,3.9140001859050244,14.70000021904707,1.0,2.8539583683013916,0.0,0.0,14.0,3.000000142492354,3.521000167238526,13.40000019967556,1090.0,0.0,0.0,-4.9312920570373535,0.0,0.0,0.0,1.0,80.0,1050.0,175.0,98.0,0.0,11.0,0.0,0.0,11.0,11.0,1897.0,130.0800018310547,0.0,0.0,0.0,0.0,0.0,0.0,0.0,0.0,0.0,0.0,0.0,0.0,0.0,0.0,0.0,0.0,14.0,0.0,0.0,0.0,2.0,0
108.13700103759766,47.0,875.0,63.0,55125.0,0.0,0.0,0.0,45.0,66.0,9.0,0.0,100.0,100.0,100.0,103.0,100.0,103.0,100.0,50.0,50.0,0.0,3.8770001841476187,3.8770001841476187,3.8770001841476187,3.8770001841476187,14.70000021904707,1.0,2.826979160308838,0.0,0.0,14.0,3.000000142492354,3.022000143537298,13.40000019967556,1090.0,0.0,0.0,-5.076330184936523,0.0,0.0,0.0,1.0,80.0,1050.0,175.0,98.0,0.0,11.0,0.0,0.0,11.0,11.0,1897.0,130.0800018310547,0.0,0.0,0.0,0.0,0.0,0.0,0.0,0.0,0.0,0.0,0.0,0.0,0.0,0.0,0.0,0.0,14.0,0.0,0.0,0.0,2.0,0
108.2020034790039,47.0,951.0,57.0,54207.0,0.0,0.0,0.0,45.0,66.0,9.0,0.0,100.0,100.0,100.0,103.0,100.0,103.0,100.0,50.0,50.0,0.0,3.5840001702308655,3.5840001702308655,3.5840001702308655,3.5840001702308655,14.70000021904707,1.0,2.840320110321045,0.0,0.0,14.0,3.000000142492354,3.346000158926472,13.40000019967556,760.0,0.0,0.0,-5.946557998657227,0.0,0.0,0.0,1.0,47.0,1050.0,99.0,98.0,0.0,11.0,0.0,0.0,11.0,11.0,1897.0,119.68453979492188,0.0,0.0,0.0,0.0,0.0,0.0,0.0,0.0,0.0,0.0,0.0,0.0,0.0,0.0,0.0,0.0,14.0,0.0,0.0,0.0,2.0,0
108.26699829101562,47.0,1000.0,52.0,52000.0,0.0,0.0,0.0,45.0,66.0,9.0,0.0,100.0,100.0,100.0,103.0,100.0,103.0,100.0,50.0,50.0,0.0,3.364000159781426,3.364000159781426,3.364000159781426,3.364000159781426,14.70000021904707,1.0,2.803333282470703,0.0,0.0,13.0,3.000000142492354,3.020000143442303,13.600000202655792,0.0,0.0,0.0,-6.671748161315918,0.0,0.0,0.0,1.0,47.0,1050.0,50.0,98.0,0.0,11.0,0.0,0.0,11.0,11.0,1897.0,113.81999969482422,0.0,0.0,0.0,0.0,0.0,0.0,0.0,0.0,0.0,0.0,0.0,0.0,0.0,0.0,0.0,0.0,13.0,0.0,0.0,0.0,2.0,0
108.33699798583984,47.0,1000.0,49.0,49000.0,0.0,0.0,0.0,45.0,66.0,9.0,0.0,100.0,100.0,100.0,103.0,100.0,103.0,100.0,50.0,50.0,0.0,3.217000152799301,3.217000152799301,3.217000152799301,3.217000152799301,14.70000021904707,1.0,2.680833339691162,0.0,0.0,13.0,3.000000142492354,3.0150001432048157,13.600000202655792,0.0,0.0,0.0,-7.1068620681762695,0.0,0.0,0.0,1.0,47.0,1050.0,50.0,98.0,0.0,11.0,0.0,0.0,11.0,11.0,1897.0,113.81999969482422,0.0,0.0,0.0,0.0,0.0,0.0,0.0,0.0,0.0,0.0,0.0,0.0,0.0,0.0,0.0,0.0,13.0,0.0,0.0,0.0,2.0,0
108.4020004272461,47.0,1000.0,46.0,46000.0,0.0,0.0,0.0,45.0,66.0,9.0,0.0,100.0,100.0,100.0,103.0,100.0,103.0,100.0,50.0,50.0,0.0,3.071000145864673,3.071000145864673,3.071000145864673,3.071000145864673,14.70000021904707,1.0,2.559166669845581,0.0,0.0,13.0,3.000000142492354,2.92700013902504,13.600000202655792,490.0,0.0,0.0,-7.541975975036621,0.0,0.0,0.0,1.0,47.0,1050.0,50.0,98.0,0.0,11.0,0.0,0.0,11.0,11.0,1897.0,113.81999969482422,0.0,0.0,0.0,0.0,0.0,0.0,0.0,0.0,0.0,0.0,0.0,0.0,0.0,0.0,0.0,0.0,13.0,0.0,0.0,0.0,2.0,0
108.46700286865234,47.0,1000.0,46.0,46000.0,0.0,0.0,0.0,45.0,66.0,9.0,0.0,100.0,100.0,100.0,103.0,100.0,103.0,100.0,50.0,50.0,0.0,3.062000145437196,3.062000145437196,3.062000145437196,3.062000145437196,14.70000021904707,1.0,2.551666736602783,0.0,0.0,13.0,3.000000142492354,2.9840001417323947,13.800000205636024,0.0,0.0,0.0,-7.541975975036621,0.0,0.0,0.0,1.0,42.0,1050.0,50.0,98.0,0.0,11.0,0.0,0.0,11.0,11.0,1897.0,113.81999969482422,0.0,0.0,0.0,0.0,0.0,0.0,0.0,0.0,0.0,0.0,0.0,0.0,0.0,0.0,0.0,0.0,13.0,0.0,0.0,0.0,2.0,0
108.53399658203125,47.0,952.0,46.0,43792.0,0.0,0.0,0.0,45.0,66.0,9.0,0.0,100.0,100.0,100.0,103.0,100.0,103.0,100.0,50.0,50.0,0.0,3.062000145437196,3.062000145437196,3.062000145437196,3.062000145437196,14.70000021904707,1.0,2.4291865825653076,0.0,0.0,14.0,3.000000142492354,2.7710001316154376,13.800000205636024,0.0,0.0,0.0,-7.541975975036621,0.0,0.0,0.0,1.0,42.0,1050.0,98.0,98.0,0.0,11.0,0.0,0.0,11.0,11.0,1897.0,119.55882263183594,0.0,0.0,0.0,0.0,0.0,0.0,0.0,0.0,0.0,0.0,0.0,0.0,0.0,0.0,0.0,0.0,14.0,0.0,0.0,0.0,2.0,0
108.60199737548828,47.0,952.0,45.0,42840.0,0.0,0.0,0.0,45.0,66.0,9.0,0.0,100.0,100.0,100.0,103.0,100.0,103.0,100.0,50.0,50.0,0.0,3.02500014367979,3.02500014367979,3.02500014367979,3.02500014367979,14.70000021904707,1.0,2.3998334407806396,0.0,0.0,14.0,3.000000142492354,2.9830001416848972,13.800000205636024,-480.0,0.0,0.0,-7.687014102935791,0.0,0.0,0.0,1.0,42.0,1050.0,98.0,98.0,0.0,11.0,0.0,0.0,11.0,11.0,1897.0,119.55882263183594,0.0,0.0,0.0,0.0,0.0,0.0,0.0,0.0,0.0,0.0,0.0,0.0,0.0,0.0,0.0,0.0,14.0,0.0,0.0,0.0,2.0,0
108.66899871826172,47.0,895.0,45.0,40275.0,0.0,0.0,0.0,45.0,66.0,9.0,0.0,100.0,100.0,100.0,103.0,100.0,103.0,100.0,50.0,50.0,0.0,3.02500014367979,3.02500014367979,3.02500014367979,3.02500014367979,14.70000021904707,1.0,2.256145715713501,0.0,0.0,14.0,3.000000142492354,2.8530001355102286,13.800000205636024,-570.0,0.0,0.0,-7.687014102935791,0.0,0.0,0.0,1.0,42.0,1050.0,155.0,98.0,0.0,11.0,0.0,0.0,11.0,11.0,1897.0,127.17318725585938,0.0,0.0,0.0,0.0,0.0,0.0,0.0,0.0,0.0,0.0,0.0,0.0,0.0,0.0,0.0,0.0,14.0,0.0,0.0,0.0,2.0,0
108.73300170898438,47.0,895.0,46.0,41170.0,0.0,0.0,0.0,45.0,66.0,9.0,0.0,100.0,100.0,100.0,103.0,100.0,103.0,100.0,50.0,50.0,0.0,3.062000145437196,3.062000145437196,3.062000145437196,3.062000145437196,14.70000021904707,1.0,2.2837417125701904,0.0,0.0,14.0,3.000000142492354,2.9820001416374,13.90000020712614,-570.0,0.0,0.0,-7.541975975036621,0.0,0.0,0.0,1.0,42.0,1050.0,155.0,98.0,0.0,11.0,0.0,0.0,11.0,11.0,1897.0,127.17318725585938,0.0,0.0,0.0,0.0,0.0,0.0,0.0,0.0,0.0,0.0,0.0,0.0,0.0,0.0,0.0,0.0,14.0,0.0,0.0,0.0,2.0,0
108.79900360107422,47.0,837.0,47.0,39339.0,0.0,0.0,0.0,45.0,66.0,9.0,0.0,100.0,100.0,100.0,103.0,100.0,103.0,100.0,50.0,50.0,0.0,3.098000147147104,3.098000147147104,3.098000147147104,3.098000147147104,14.70000021904707,1.0,2.1608550548553467,0.0,0.0,14.0,3.000000142492354,3.0120001430623233,13.90000020712614,0.0,0.0,0.0,-7.396937847137451,0.0,0.0,0.0,1.0,59.0,1050.0,213.0,98.0,0.0,11.0,0.0,0.0,11.0,11.0,1897.0,135.98565673828125,0.0,0.0,0.0,0.0,0.0,0.0,0.0,0.0,0.0,0.0,0.0,0.0,0.0,0.0,0.0,0.0,14.0,0.0,0.0,0.0,2.0,0
108.86499786376953,47.0,837.0,50.0,41850.0,0.0,0.0,0.0,45.0,66.0,9.0,0.0,100.0,100.0,100.0,103.0,100.0,103.0,100.0,50.0,50.0,0.0,3.246000154176727,3.246000154176727,3.246000154176727,3.246000154176727,14.70000021904707,1.0,2.264085054397583,0.0,0.0,14.0,3.000000142492354,2.834000134607777,13.90000020712614,0.0,0.0,0.0,-6.9618239402771,0.0,0.0,0.0,1.0,59.0,1050.0,213.0,98.0,0.0,11.0,0.0,0.0,11.0,11.0,1897.0,135.98565673828125,0.0,0.0,0.0,0.0,0.0,0.0,0.0,0.0,0.0,0.0,0.0,0.0,0.0,0.0,0.0,0.0,14.0,0.0,0.0,0.0,2.0,0
108.93499755859375,47.0,837.0,52.0,43524.0,0.0,0.0,0.0,45.0,66.0,9.0,0.0,100.0,100.0,100.0,103.0,100.0,103.0,100.0,50.0,50.0,0.0,3.355000159353949,3.355000159353949,3.355000159353949,3.355000159353949,14.70000021904707,1.0,2.3401124477386475,0.0,0.0,14.0,3.000000142492354,3.013000143109821,13.90000020712614,-580.0,0.0,0.0,-6.671748161315918,0.0,0.0,0.0,1.0,59.0,1050.0,213.0,98.0,0.0,11.0,0.0,0.0,11.0,11.0,1897.0,135.98565673828125,0.0,0.0,0.0,0.0,0.0,0.0,0.0,0.0,0.0,0.0,0.0,0.0,0.0,0.0,0.0,0.0,14.0,0.0,0.0,0.0,2.0,0
109.0009994506836,48.0,783.0,54.0,42282.0,0.0,0.0,0.0,45.0,66.0,9.0,0.0,100.0,100.0,100.0,103.0,100.0,103.0,100.0,50.0,50.0,0.0,3.428000162821263,3.428000162821263,3.428000162821263,3.428000162821263,14.70000021904707,1.0,2.236769914627075,0.0,0.0,15.0,3.000000142492354,2.9590001405449584,13.90000020712614,-540.0,0.0,0.0,-6.381671905517578,0.0,0.0,0.0,1.0,59.0,1050.0,267.0,98.0,0.0,11.0,0.0,0.0,11.0,11.0,1871.0,143.37164306640625,0.0,0.0,0.0,0.0,0.0,0.0,0.0,0.0,0.0,0.0,0.0,0.0,0.0,0.0,0.0,0.0,15.0,0.0,0.0,0.0,2.0,0
109.06999969482422,48.0,783.0,55.0,43065.0,0.0,0.0,0.0,45.0,66.0,9.0,0.0,100.0,100.0,100.0,103.0,100.0,103.0,100.0,50.0,50.0,0.0,3.4650001645786688,3.4650001645786688,3.4650001645786688,3.4650001645786688,14.70000021904707,1.0,2.2609124183654785,0.0,0.0,15.0,3.000000142492354,3.009000142919831,13.90000020712614,-540.0,0.0,0.0,-6.236633777618408,0.0,0.0,0.0,1.0,59.0,1050.0,267.0,98.0,0.0,11.0,0.0,0.0,11.0,11.0,1871.0,143.37164306640625,0.0,0.0,0.0,0.0,0.0,0.0,0.0,0.0,0.0,0.0,0.0,0.0,0.0,0.0,0.0,0.0,15.0,0.0,0.0,0.0,2.0,0
109.13500213623047,48.0,762.0,58.0,44196.0,0.0,0.0,0.0,45.0,66.0,9.0,0.0,100.0,100.0,100.0,103.0,100.0,103.0,100.0,50.0,50.0,0.0,3.612000171560794,3.612000171560794,3.612000171560794,3.612000171560794,14.70000021904707,1.0,2.2936201095581055,0.0,0.0,15.0,3.000000142492354,3.1740001507569104,13.90000020712614,0.0,0.0,0.0,-5.801519870758057,0.0,0.0,0.0,1.0,78.0,1050.0,288.0,98.0,0.0,11.0,0.0,0.0,11.0,11.0,1871.0,147.3228302001953,0.0,0.0,0.0,0.0,0.0,0.0,0.0,0.0,0.0,0.0,0.0,0.0,0.0,0.0,0.0,0.0,15.0,0.0,0.0,0.0,2.0,0
109.2020034790039,48.0,762.0,63.0,48006.0,0.0,0.0,0.0,45.0,66.0,9.0,0.0,100.0,100.0,100.0,103.0,100.0,103.0,100.0,50.0,50.0,0.0,3.8680001837201416,3.8680001837201416,3.8680001837201416,3.8680001837201416,14.70000021904707,1.0,2.4561800956726074,0.0,0.0,15.0,3.000000142492354,3.0430001445347443,13.90000020712614,-210.0,0.0,0.0,-5.076330184936523,0.0,0.0,0.0,1.0,78.0,1050.0,288.0,98.0,0.0,11.0,0.0,0.0,11.0,11.0,1871.0,147.3228302001953,0.0,0.0,0.0,0.0,0.0,0.0,0.0,0.0,0.0,0.0,0.0,0.0,0.0,0.0,0.0,0.0,15.0,0.0,0.0,0.0,2.0,0
109.26599884033203,48.0,764.0,63.0,48132.0,0.0,0.0,0.0,45.0,66.0,9.0,0.0,100.0,100.0,100.0,103.0,100.0,103.0,100.0,50.0,50.0,0.0,3.8680001837201416,3.8680001837201416,3.8680001837201416,3.8680001837201416,14.70000021904707,1.0,2.4626266956329346,0.0,0.0,15.0,3.000000142492354,3.0190001433948055,13.90000020712614,-210.0,0.0,0.0,-5.076330184936523,0.0,0.0,0.0,1.0,78.0,1050.0,286.0,98.0,0.0,11.0,0.0,0.0,11.0,11.0,1871.0,146.9371795654297,0.0,0.0,0.0,0.0,0.0,0.0,0.0,0.0,0.0,0.0,0.0,0.0,0.0,0.0,0.0,0.0,15.0,0.0,0.0,0.0,2.0,0
109.33599853515625,48.0,764.0,64.0,48896.0,0.0,0.0,0.0,45.0,66.0,9.0,0.0,100.0,100.0,100.0,103.0,100.0,103.0,100.0,50.0,50.0,0.0,3.9050001854775473,3.9050001854775473,3.9050001854775473,3.9050001854775473,14.70000021904707,1.0,2.4861834049224854,0.0,0.0,15.0,3.000000142492354,3.474000165006146,13.90000020712614,20.0,0.0,0.0,-4.9312920570373535,0.0,0.0,0.0,1.0,78.0,1050.0,286.0,98.0,0.0,11.0,0.0,0.0,11.0,11.0,1871.0,146.9371795654297,0.0,0.0,0.0,0.0,0.0,0.0,0.0,0.0,0.0,0.0,0.0,0.0,0.0,0.0,0.0,0.0,15.0,0.0,0.0,0.0,2.0,0
109.4020004272461,48.0,802.0,65.0,52130.0,0.0,0.0,0.0,45.0,66.0,9.0,0.0,100.0,100.0,100.0,103.0,100.0,103.0,100.0,50.0,50.0,0.0,3.942000187234953,3.942000187234953,3.942000187234953,3.942000187234953,14.70000021904707,1.0,2.6345698833465576,0.0,0.0,15.0,3.000000142492354,3.022000143537298,13.90000020712614,0.0,0.0,0.0,-4.786253929138184,0.0,0.0,0.0,1.0,83.0,1050.0,248.0,98.0,0.0,11.0,0.0,0.0,11.0,11.0,1871.0,139.97506713867188,0.0,0.0,0.0,0.0,0.0,0.0,0.0,0.0,0.0,0.0,0.0,0.0,0.0,0.0,0.0,0.0,15.0,0.0,0.0,0.0,2.0,0
109.46800231933594,48.0,802.0,65.0,52130.0,0.0,0.0,0.0,45.0,66.0,9.0,0.0,100.0,100.0,100.0,103.0,100.0,103.0,100.0,50.0,50.0,0.0,3.942000187234953,3.942000187234953,3.942000187234953,3.942000187234953,14.70000021904707,1.0,2.6345698833465576,0.0,0.0,15.0,3.000000142492354,3.5490001685684547,13.90000020712614,0.0,0.0,0.0,-4.786253929138184,0.0,0.0,0.0,1.0,83.0,1050.0,248.0,98.0,0.0,11.0,0.0,0.0,11.0,11.0,1871.0,139.97506713867188,0.0,0.0,0.0,0.0,0.0,0.0,0.0,0.0,0.0,0.0,0.0,0.0,0.0,0.0,0.0,0.0,15.0,0.0,0.0,0.0,2.0,0
109.53700256347656,48.0,802.0,65.0,52130.0,0.0,0.0,0.0,45.0,66.0,9.0,0.0,100.0,100.0,100.0,103.0,100.0,103.0,100.0,50.0,50.0,0.0,3.942000187234953,3.942000187234953,3.942000187234953,3.942000187234953,14.70000021904707,1.0,2.6345698833465576,0.0,0.0,15.0,3.000000142492354,3.0230001435847953,13.90000020712614,380.0,0.0,0.0,-4.786253929138184,0.0,0.0,0.0,1.0,83.0,1050.0,248.0,98.0,0.0,11.0,0.0,0.0,11.0,11.0,1871.0,139.97506713867188,0.0,0.0,0.0,0.0,0.0,0.0,0.0,0.0,0.0,0.0,0.0,0.0,0.0,0.0,0.0,0.0,15.0,0.0,0.0,0.0,2.0,0
109.60299682617188,48.0,864.0,64.0,55296.0,0.0,0.0,0.0,45.0,66.0,9.0,0.0,100.0,100.0,100.0,103.0,100.0,103.0,100.0,50.0,50.0,0.0,3.9050001854775473,3.9050001854775473,3.9050001854775473,3.9050001854775473,14.70000021904707,1.0,2.8115999698638916,0.0,0.0,14.0,3.000000142492354,3.7680001789703965,13.90000020712614,620.0,0.0,0.0,-4.9312920570373535,0.0,0.0,0.0,1.0,83.0,1050.0,186.0,98.0,0.0,11.0,0.0,0.0,11.0,11.0,1871.0,129.93055725097656,0.0,0.0,0.0,0.0,0.0,0.0,0.0,0.0,0.0,0.0,0.0,0.0,0.0,0.0,0.0,0.0,14.0,0.0,0.0,0.0,2.0,0
109.66799926757812,48.0,937.0,63.0,59031.0,0.0,0.0,0.0,45.0,66.0,9.0,0.0,100.0,100.0,100.0,103.0,100.0,103.0,100.0,50.0,50.0,0.0,3.8680001837201416,3.8680001837201416,3.8680001837201416,3.8680001837201416,14.70000021904707,1.0,3.020263433456421,0.0,0.0,14.0,3.000000142492354,3.0260001437272877,13.90000020712614,620.0,0.0,0.0,-5.076330184936523,0.0,0.0,0.0,1.0,83.0,1050.0,113.0,98.0,0.0,11.0,0.0,0.0,11.0,11.0,1871.0,119.80789947509766,0.0,0.0,0.0,0.0,0.0,0.0,0.0,0.0,0.0,0.0,0.0,0.0,0.0,0.0,0.0,0.0,14.0,0.0,0.0,0.0,2.0,0
109.73699951171875,48.0,937.0,58.0,54346.0,0.0,0.0,0.0,45.0,66.0,9.0,0.0,100.0,100.0,100.0,103.0,100.0,103.0,100.0,50.0,50.0,0.0,3.612000171560794,3.612000171560794,3.612000171560794,3.612000171560794,14.70000021904707,1.0,2.8203699588775635,0.0,0.0,14.0,3.000000142492354,3.5580001689959317,13.90000020712614,730.0,0.0,0.0,-5.801519870758057,0.0,0.0,0.0,1.0,61.0,1050.0,113.0,98.0,0.0,11.0,0.0,0.0,11.0,11.0,1871.0,119.80789947509766,0.0,0.0,0.0,0.0,0.0,0.0,0.0,0.0,0.0,0.0,0.0,0.0,0.0,0.0,0.0,0.0,14.0,0.0,0.0,0.0,2.0,0
109.80400085449219,48.0,1008.0,54.0,54432.0,0.0,0.0,0.0,45.0,66.0,9.0,0.0,100.0,100.0,100.0,103.0,100.0,103.0,100.0,50.0,50.0,0.0,3.428000162821263,3.428000162821263,3.428000162821263,3.428000162821263,14.70000021904707,1.0,2.8795199394226074,0.0,0.0,13.0,3.000000142492354,3.1960001518018544,13.90000020712614,0.0,0.0,0.0,-6.381671905517578,0.0,0.0,0.0,1.0,61.0,1050.0,42.0,98.0,0.0,11.0,0.0,0.0,11.0,11.0,1871.0,111.36904907226562,0.0,0.0,0.0,0.0,0.0,0.0,0.0,0.0,0.0,0.0,0.0,0.0,0.0,0.0,0.0,0.0,13.0,0.0,0.0,0.0,2.0,0
109.86799621582031,48.0,1008.0,53.0,53424.0,0.0,0.0,0.0,45.0,66.0,9.0,0.0,100.0,100.0,100.0,103.0,100.0,103.0,100.0,50.0,50.0,0.0,3.392000161111355,3.392000161111355,3.392000161111355,3.392000161111355,14.70000021904707,1.0,2.8492801189422607,0.0,0.0,13.0,3.000000142492354,3.03300014405977,13.90000020712614,0.0,0.0,0.0,-6.526710033416748,0.0,0.0,0.0,1.0,61.0,1050.0,42.0,98.0,0.0,11.0,0.0,0.0,11.0,11.0,1871.0,111.36904907226562,0.0,0.0,0.0,0.0,0.0,0.0,0.0,0.0,0.0,0.0,0.0,0.0,0.0,0.0,0.0,0.0,13.0,0.0,0.0,0.0,2.0,0
109.93399810791016,48.0,1030.0,50.0,51500.0,0.0,0.0,0.0,45.0,66.0,9.0,0.0,100.0,100.0,100.0,103.0,100.0,103.0,100.0,50.0,50.0,0.0,3.246000154176727,3.246000154176727,3.246000154176727,3.246000154176727,14.70000021904707,1.0,2.7861499786376953,0.0,0.0,13.0,3.000000142492354,3.107000147574581,13.90000020712614,710.0,0.0,0.0,-6.9618239402771,0.0,0.0,0.0,1.0,61.0,1050.0,20.0,98.0,0.0,11.0,0.0,0.0,11.0,11.0,1871.0,108.99028778076172,0.0,0.0,0.0,0.0,0.0,0.0,0.0,0.0,0.0,0.0,0.0,0.0,0.0,0.0,0.0,0.0,13.0,0.0,0.0,0.0,2.0,0
110.00399780273438,49.0,1030.0,50.0,51500.0,0.0,0.0,0.0,45.0,66.0,9.0,0.0,100.0,100.0,100.0,103.0,100.0,103.0,100.0,50.0,50.0,0.0,3.246000154176727,3.246000154176727,3.246000154176727,3.246000154176727,14.70000021904707,1.0,2.7861499786376953,0.0,0.0,13.0,3.000000142492354,3.0170001432998106,13.90000020712614,220.0,0.0,0.0,-6.9618239402771,0.0,0.0,0.0,1.0,50.0,1050.0,20.0,98.0,0.0,11.0,0.0,0.0,11.0,11.0,1871.0,108.99028778076172,0.0,0.0,0.0,0.0,0.0,0.0,0.0,0.0,0.0,0.0,0.0,0.0,0.0,0.0,0.0,0.0,13.0,0.0,0.0,0.0,2.0,0
110.06900024414062,49.0,1015.0,48.0,48720.0,0.0,0.0,0.0,45.0,66.0,9.0,0.0,100.0,100.0,100.0,103.0,100.0,103.0,100.0,50.0,50.0,0.0,3.13500014890451,3.13500014890451,3.13500014890451,3.13500014890451,14.70000021904707,1.0,2.6516873836517334,0.0,0.0,13.0,3.000000142492354,2.781000132090412,13.90000020712614,220.0,0.0,0.0,-7.2519001960754395,0.0,0.0,0.0,1.0,50.0,1050.0,35.0,98.0,0.0,11.0,0.0,0.0,11.0,11.0,1871.0,110.60098266601562,0.0,0.0,0.0,0.0,0.0,0.0,0.0,0.0,0.0,0.0,0.0,0.0,0.0,0.0,0.0,0.0,13.0,0.0,0.0,0.0,2.0,0
110.13500213623047,49.0,1015.0,47.0,47705.0,0.0,0.0,0.0,45.0,66.0,9.0,0.0,100.0,100.0,100.0,103.0,100.0,103.0,100.0,50.0,50.0,0.0,3.098000147147104,3.098000147147104,3.098000147147104,3.098000147147104,14.70000021904707,1.0,2.620391607284546,0.0,0.0,13.0,3.000000142492354,3.0120001430623233,13.90000020712614,-150.0,0.0,0.0,-7.396937847137451,0.0,0.0,0.0,1.0,50.0,1050.0,35.0,98.0,0.0,11.0,0.0,0.0,11.0,11.0,1871.0,110.60098266601562,0.0,0.0,0.0,0.0,0.0,0.0,0.0,0.0,0.0,0.0,0.0,0.0,0.0,0.0,0.0,0.0,13.0,0.0,0.0,0.0,2.0,0
110.19999694824219,49.0,982.0,46.0,45172.0,0.0,0.0,0.0,45.0,66.0,9.0,0.0,100.0,100.0,100.0,103.0,100.0,103.0,100.0,50.0,50.0,0.0,3.062000145437196,3.062000145437196,3.062000145437196,3.062000145437196,14.70000021904707,1.0,2.5057365894317627,0.0,0.0,13.0,3.000000142492354,3.071000145864673,13.90000020712614,-330.0,0.0,0.0,-7.541975975036621,0.0,0.0,0.0,1.0,50.0,1050.0,68.0,98.0,0.0,11.0,0.0,0.0,11.0,11.0,1871.0,114.31771850585938,0.0,0.0,0.0,0.0,0.0,0.0,0.0,0.0,0.0,0.0,0.0,0.0,0.0,0.0,0.0,0.0,13.0,0.0,0.0,0.0,2.0,0
110.26599884033203,49.0,982.0,46.0,45172.0,0.0,0.0,0.0,45.0,66.0,9.0,0.0,100.0,100.0,100.0,103.0,100.0,103.0,100.0,50.0,50.0,0.0,3.062000145437196,3.062000145437196,3.062000145437196,3.062000145437196,14.70000021904707,1.0,2.5057365894317627,0.0,0.0,13.0,3.000000142492354,3.016000143252313,14.000000208616257,-330.0,0.0,0.0,-7.541975975036621,0.0,0.0,0.0,1.0,50.0,1050.0,68.0,98.0,0.0,11.0,0.0,0.0,11.0,11.0,1871.0,114.31771850585938,0.0,0.0,0.0,0.0,0.0,0.0,0.0,0.0,0.0,0.0,0.0,0.0,0.0,0.0,0.0,0.0,13.0,0.0,0.0,0.0,2.0,0
110.33499908447266,49.0,938.0,47.0,44086.0,0.0,0.0,0.0,45.0,66.0,9.0,0.0,100.0,100.0,100.0,103.0,100.0,103.0,100.0,50.0,50.0,0.0,3.098000147147104,3.098000147147104,3.098000147147104,3.098000147147104,14.70000021904707,1.0,2.4216034412384033,0.0,0.0,14.0,3.000000142492354,2.9620001406874508,14.000000208616257,-440.0,0.0,0.0,-7.396937847137451,0.0,0.0,0.0,1.0,64.0,1050.0,112.0,98.0,0.0,11.0,0.0,0.0,11.0,11.0,1871.0,119.68016815185547,0.0,0.0,0.0,0.0,0.0,0.0,0.0,0.0,0.0,0.0,0.0,0.0,0.0,0.0,0.0,0.0,14.0,0.0,0.0,0.0,2.0,0
110.4000015258789,49.0,938.0,50.0,46900.0,0.0,0.0,0.0,45.0,66.0,9.0,0.0,100.0,100.0,100.0,103.0,100.0,103.0,100.0,50.0,50.0,0.0,3.246000154176727,3.246000154176727,3.246000154176727,3.246000154176727,14.70000021904707,1.0,2.537290096282959,0.0,0.0,14.0,3.000000142492354,3.0150001432048157,14.000000208616257,0.0,0.0,0.0,-6.9618239402771,0.0,0.0,0.0,1.0,64.0,1050.0,112.0,98.0,0.0,11.0,0.0,0.0,11.0,11.0,1871.0,119.68016815185547,0.0,0.0,0.0,0.0,0.0,0.0,0.0,0.0,0.0,0.0,0.0,0.0,0.0,0.0,0.0,0.0,14.0,0.0,0.0,0.0,2.0,0
110.46600341796875,49.0,886.0,52.0,46072.0,0.0,0.0,0.0,45.0,66.0,9.0,0.0,100.0,100.0,100.0,103.0,100.0,103.0,100.0,50.0,50.0,0.0,3.355000159353949,3.355000159353949,3.355000159353949,3.355000159353949,14.70000021904707,1.0,2.4771082401275635,0.0,0.0,14.0,3.000000142492354,2.8220001340378076,14.000000208616257,0.0,0.0,0.0,-6.671748161315918,0.0,0.0,0.0,1.0,64.0,1050.0,164.0,98.0,0.0,11.0,0.0,0.0,11.0,11.0,1871.0,126.70429229736328,0.0,0.0,0.0,0.0,0.0,0.0,0.0,0.0,0.0,0.0,0.0,0.0,0.0,0.0,0.0,0.0,14.0,0.0,0.0,0.0,2.0,0
110.53199768066406,49.0,886.0,53.0,46958.0,0.0,0.0,0.0,45.0,66.0,9.0,0.0,100.0,100.0,100.0,103.0,100.0,103.0,100.0,50.0,50.0,0.0,3.392000161111355,3.392000161111355,3.392000161111355,3.392000161111355,14.70000021904707,1.0,2.5044267177581787,0.0,0.0,14.0,3.000000142492354,3.013000143109821,14.000000208616257,-520.0,0.0,0.0,-6.526710033416748,0.0,0.0,0.0,1.0,64.0,1050.0,164.0,98.0,0.0,11.0,0.0,0.0,11.0,11.0,1871.0,126.70429229736328,0.0,0.0,0.0,0.0,0.0,0.0,0.0,0.0,0.0,0.0,0.0,0.0,0.0,0.0,0.0,0.0,14.0,0.0,0.0,0.0,2.0,0
110.60099792480469,49.0,854.0,54.0,46116.0,0.0,0.0,0.0,45.0,66.0,9.0,0.0,100.0,100.0,100.0,103.0,100.0,103.0,100.0,50.0,50.0,0.0,3.428000162821263,3.428000162821263,3.428000162821263,3.428000162821263,14.70000021904707,1.0,2.4395933151245117,0.0,0.0,14.0,3.000000142492354,2.9530001402599737,14.000000208616257,-320.0,0.0,0.0,-6.381671905517578,0.0,0.0,0.0,1.0,78.0,1050.0,196.0,98.0,0.0,11.0,0.0,0.0,11.0,11.0,1871.0,131.45199584960938,0.0,0.0,0.0,0.0,0.0,0.0,0.0,0.0,0.0,0.0,0.0,0.0,0.0,0.0,0.0,0.0,14.0,0.0,0.0,0.0,2.0,0
110.66699981689453,49.0,854.0,58.0,49532.0,0.0,0.0,0.0,45.0,66.0,9.0,0.0,100.0,100.0,100.0,103.0,100.0,103.0,100.0,50.0,50.0,0.0,3.612000171560794,3.612000171560794,3.612000171560794,3.612000171560794,14.70000021904707,1.0,2.570539951324463,0.0,0.0,14.0,3.000000142492354,3.0080001428723335,14.000000208616257,-320.0,0.0,0.0,-5.801519870758057,0.0,0.0,0.0,1.0,78.0,1050.0,196.0,98.0,0.0,11.0,0.0,0.0,11.0,11.0,1871.0,131.45199584960938,0.0,0.0,0.0,0.0,0.0,0.0,0.0,0.0,0.0,0.0,0.0,0.0,0.0,0.0,0.0,0.0,14.0,0.0,0.0,0.0,2.0,0
110.73200225830078,49.0,841.0,60.0,50460.0,0.0,0.0,0.0,45.0,66.0,9.0,0.0,100.0,100.0,100.0,103.0,100.0,103.0,100.0,50.0,50.0,0.0,3.7220001767855138,3.7220001767855138,3.7220001767855138,3.7220001767855138,14.70000021904707,1.0,2.608501672744751,0.0,0.0,14.0,3.000000142492354,3.0790001462446526,14.000000208616257,-130.0,0.0,0.0,-5.511444091796875,0.0,0.0,0.0,1.0,78.0,1050.0,209.0,98.0,0.0,11.0,0.0,0.0,11.0,11.0,1871.0,133.48394775390625,0.0,0.0,0.0,0.0,0.0,0.0,0.0,0.0,0.0,0.0,0.0,0.0,0.0,0.0,0.0,0.0,14.0,0.0,0.0,0.0,2.0,0
110.7979965209961,49.0,841.0,61.0,51301.0,0.0,0.0,0.0,45.0,66.0,9.0,0.0,100.0,100.0,100.0,103.0,100.0,103.0,100.0,50.0,50.0,0.0,3.758000178495422,3.758000178495422,3.758000178495422,3.758000178495422,14.70000021904707,1.0,2.6337316036224365,0.0,0.0,14.0,3.000000142492354,3.0430001445347443,14.000000208616257,0.0,0.0,0.0,-5.366405963897705,0.0,0.0,0.0,1.0,78.0,1050.0,209.0,98.0,0.0,11.0,0.0,0.0,11.0,11.0,1871.0,133.48394775390625,0.0,0.0,0.0,0.0,0.0,0.0,0.0,0.0,0.0,0.0,0.0,0.0,0.0,0.0,0.0,0.0,14.0,0.0,0.0,0.0,2.0,0
110.86799621582031,49.0,859.0,61.0,52399.0,0.0,0.0,0.0,45.0,66.0,9.0,0.0,100.0,100.0,100.0,103.0,100.0,103.0,100.0,50.0,50.0,0.0,3.758000178495422,3.758000178495422,3.758000178495422,3.758000178495422,14.70000021904707,1.0,2.6901016235351562,0.0,0.0,14.0,3.000000142492354,3.1540001498069614,14.000000208616257,0.0,0.0,0.0,-5.366405963897705,0.0,0.0,0.0,1.0,78.0,1050.0,191.0,98.0,0.0,11.0,0.0,0.0,11.0,11.0,1871.0,130.6868438720703,0.0,0.0,0.0,0.0,0.0,0.0,0.0,0.0,0.0,0.0,0.0,0.0,0.0,0.0,0.0,0.0,14.0,0.0,0.0,0.0,2.0,0
110.93299865722656,49.0,859.0,61.0,52399.0,0.0,0.0,0.0,45.0,66.0,9.0,0.0,100.0,100.0,100.0,103.0,100.0,103.0,100.0,50.0,50.0,0.0,3.758000178495422,3.758000178495422,3.758000178495422,3.758000178495422,14.70000021904707,1.0,2.6901016235351562,0.0,0.0,14.0,3.000000142492354,3.0480001447722316,14.000000208616257,180.0,0.0,0.0,-5.366405963897705,0.0,0.0,0.0,1.0,79.0,1050.0,191.0,98.0,0.0,11.0,0.0,0.0,11.0,11.0,1871.0,130.6868438720703,0.0,0.0,0.0,0.0,0.0,0.0,0.0,0.0,0.0,0.0,0.0,0.0,0.0,0.0,0.0,0.0,14.0,0.0,0.0,0.0,2.0,0
110.9990005493164,49.0,904.0,60.0,54240.0,0.0,0.0,0.0,45.0,66.0,9.0,0.0,100.0,100.0,100.0,103.0,100.0,103.0,100.0,50.0,50.0,0.0,3.7220001767855138,3.7220001767855138,3.7220001767855138,3.7220001767855138,14.70000021904707,1.0,2.8039066791534424,0.0,0.0,14.0,3.000000142492354,3.217000152799301,14.000000208616257,180.0,0.0,0.0,-5.511444091796875,0.0,0.0,0.0,1.0,79.0,1050.0,146.0,98.0,0.0,11.0,0.0,0.0,11.0,11.0,1871.0,124.1814193725586,0.0,0.0,0.0,0.0,0.0,0.0,0.0,0.0,0.0,0.0,0.0,0.0,0.0,0.0,0.0,0.0,14.0,0.0,0.0,0.0,2.0,0
111.06800079345703,50.0,904.0,60.0,54240.0,0.0,0.0,0.0,45.0,66.0,9.0,0.0,100.0,100.0,100.0,103.0,100.0,103.0,100.0,50.0,50.0,0.0,3.7220001767855138,3.7220001767855138,3.7220001767855138,3.7220001767855138,14.70000021904707,1.0,2.8039066791534424,0.0,0.0,14.0,3.000000142492354,3.0210001434898004,14.000000208616257,450.0,0.0,0.0,-5.511444091796875,0.0,0.0,0.0,1.0,79.0,1050.0,146.0,98.0,0.0,11.0,0.0,0.0,11.0,11.0,1867.0,123.91593170166016,0.0,0.0,0.0,0.0,0.0,0.0,0.0,0.0,0.0,0.0,0.0,0.0,0.0,0.0,0.0,0.0,14.0,0.0,0.0,0.0,2.0,0
111.06800079345703,50.0,961.0,59.0,56699.0,0.0,0.0,0.0,45.0,66.0,9.0,0.0,100.0,100.0,100.0,103.0,100.0,103.0,100.0,50.0,50.0,0.0,3.685000175028108,3.685000175028108,3.685000175028108,3.685000175028108,14.70000021904707,1.0,2.951070785522461,0.0,0.0,13.0,3.000000142492354,3.2850001560291275,14.000000208616257,570.0,0.0,0.0,-5.656482219696045,0.0,0.0,0.0,1.0,79.0,1050.0,89.0,98.0,0.0,11.0,0.0,0.0,11.0,11.0,1867.0,116.56607818603516,0.0,0.0,0.0,0.0,0.0,0.0,0.0,0.0,0.0,0.0,0.0,0.0,0.0,0.0,0.0,0.0,13.0,0.0,0.0,0.0,2.0,0
111.19999694824219,50.0,961.0,59.0,56699.0,0.0,0.0,0.0,45.0,66.0,9.0,0.0,100.0,100.0,100.0,103.0,100.0,103.0,100.0,50.0,50.0,0.0,3.685000175028108,3.685000175028108,3.685000175028108,3.685000175028108,14.70000021904707,1.0,2.951070785522461,0.0,0.0,13.0,3.000000142492354,3.0190001433948055,14.000000208616257,570.0,0.0,0.0,-5.656482219696045,0.0,0.0,0.0,1.0,79.0,1050.0,89.0,98.0,0.0,11.0,0.0,0.0,11.0,11.0,1867.0,116.56607818603516,0.0,0.0,0.0,0.0,0.0,0.0,0.0,0.0,0.0,0.0,0.0,0.0,0.0,0.0,0.0,0.0,13.0,0.0,0.0,0.0,2.0,0
111.26899719238281,50.0,1012.0,54.0,54648.0,0.0,0.0,0.0,45.0,66.0,9.0,0.0,100.0,100.0,100.0,103.0,100.0,103.0,100.0,50.0,50.0,0.0,3.428000162821263,3.428000162821263,3.428000162821263,3.428000162821263,14.70000021904707,1.0,2.890946626663208,0.0,0.0,13.0,3.000000142492354,3.113000147859566,14.000000208616257,510.0,0.0,0.0,-6.381671905517578,0.0,0.0,0.0,1.0,59.0,1050.0,38.0,98.0,0.0,11.0,0.0,0.0,11.0,11.0,1867.0,110.69169616699219,0.0,0.0,0.0,0.0,0.0,0.0,0.0,0.0,0.0,0.0,0.0,0.0,0.0,0.0,0.0,0.0,13.0,0.0,0.0,0.0,2.0,0
111.33399963378906,50.0,1043.0,51.0,53193.0,0.0,0.0,0.0,45.0,66.0,9.0,0.0,100.0,100.0,100.0,103.0,100.0,103.0,100.0,50.0,50.0,0.0,3.282000155886635,3.282000155886635,3.282000155886635,3.282000155886635,14.70000021904707,1.0,2.852605104446411,0.0,0.0,13.0,3.000000142492354,3.189000151469372,14.000000208616257,0.0,0.0,0.0,-6.81678581237793,0.0,0.0,0.0,1.0,59.0,1050.0,7.0,98.0,0.0,11.0,0.0,0.0,11.0,11.0,1867.0,107.40172576904297,0.0,0.0,0.0,0.0,0.0,0.0,0.0,0.0,0.0,0.0,0.0,0.0,0.0,0.0,0.0,0.0,13.0,0.0,0.0,0.0,2.0,0
111.4010009765625,50.0,1043.0,50.0,52150.0,0.0,0.0,0.0,45.0,66.0,9.0,0.0,100.0,100.0,100.0,103.0,100.0,103.0,100.0,50.0,50.0,0.0,3.246000154176727,3.246000154176727,3.246000154176727,3.246000154176727,14.70000021904707,1.0,2.821315050125122,0.0,0.0,13.0,3.000000142492354,3.027000143774785,14.000000208616257,0.0,0.0,0.0,-6.9618239402771,0.0,0.0,0.0,1.0,59.0,1050.0,7.0,98.0,0.0,11.0,0.0,0.0,11.0,11.0,1867.0,107.40172576904297,0.0,0.0,0.0,0.0,0.0,0.0,0.0,0.0,0.0,0.0,0.0,0.0,0.0,0.0,0.0,0.0,13.0,0.0,0.0,0.0,2.0,0
111.47000122070312,50.0,1047.0,48.0,50256.0,0.0,0.0,0.0,45.0,66.0,9.0,0.0,100.0,100.0,100.0,103.0,100.0,103.0,100.0,50.0,50.0,0.0,3.13500014890451,3.13500014890451,3.13500014890451,3.13500014890451,14.70000021904707,1.0,2.7352874279022217,0.0,0.0,13.0,3.000000142492354,2.9730001412099227,14.000000208616257,310.0,0.0,0.0,-7.2519001960754395,0.0,0.0,0.0,1.0,59.0,1050.0,3.0,98.0,0.0,11.0,0.0,0.0,11.0,11.0,1867.0,106.99140167236328,0.0,0.0,0.0,0.0,0.0,0.0,0.0,0.0,0.0,0.0,0.0,0.0,0.0,0.0,0.0,0.0,13.0,0.0,0.0,0.0,2.0,0
111.53700256347656,50.0,1047.0,48.0,50256.0,0.0,0.0,0.0,45.0,66.0,9.0,0.0,100.0,100.0,100.0,103.0,100.0,103.0,100.0,50.0,50.0,0.0,3.13500014890451,3.13500014890451,3.13500014890451,3.13500014890451,14.70000021904707,1.0,2.7352874279022217,0.0,0.0,13.0,3.000000142492354,3.0150001432048157,14.000000208616257,40.0,0.0,0.0,-7.2519001960754395,0.0,0.0,0.0,1.0,55.0,1050.0,3.0,98.0,0.0,11.0,0.0,0.0,11.0,11.0,1867.0,106.99140167236328,0.0,0.0,0.0,0.0,0.0,0.0,0.0,0.0,0.0,0.0,0.0,0.0,0.0,0.0,0.0,0.0,13.0,0.0,0.0,0.0,2.0,0
111.6050033569336,50.0,1021.0,47.0,47987.0,0.0,0.0,0.0,45.0,66.0,9.0,0.0,100.0,100.0,100.0,103.0,100.0,103.0,100.0,50.0,50.0,0.0,3.098000147147104,3.098000147147104,3.098000147147104,3.098000147147104,14.70000021904707,1.0,2.6358816623687744,0.0,0.0,13.0,3.000000142492354,2.940000139642507,14.000000208616257,40.0,0.0,0.0,-7.396937847137451,0.0,0.0,0.0,1.0,55.0,1050.0,29.0,98.0,0.0,11.0,0.0,0.0,11.0,11.0,1867.0,109.7159652709961,0.0,0.0,0.0,0.0,0.0,0.0,0.0,0.0,0.0,0.0,0.0,0.0,0.0,0.0,0.0,0.0,13.0,0.0,0.0,0.0,2.0,0
111.6709976196289,50.0,1021.0,47.0,47987.0,0.0,0.0,0.0,45.0,66.0,9.0,0.0,100.0,100.0,100.0,103.0,100.0,103.0,100.0,50.0,50.0,0.0,3.098000147147104,3.098000147147104,3.098000147147104,3.098000147147104,14.70000021904707,1.0,2.6358816623687744,0.0,0.0,13.0,3.000000142492354,3.0140001431573182,14.000000208616257,-260.0,0.0,0.0,-7.396937847137451,0.0,0.0,0.0,1.0,55.0,1050.0,29.0,98.0,0.0,11.0,0.0,0.0,11.0,11.0,1867.0,109.7159652709961,0.0,0.0,0.0,0.0,0.0,0.0,0.0,0.0,0.0,0.0,0.0,0.0,0.0,0.0,0.0,0.0,13.0,0.0,0.0,0.0,2.0,0
111.73600006103516,50.0,990.0,47.0,46530.0,0.0,0.0,0.0,45.0,66.0,9.0,0.0,100.0,100.0,100.0,103.0,100.0,103.0,100.0,50.0,50.0,0.0,3.098000147147104,3.098000147147104,3.098000147147104,3.098000147147104,14.70000021904707,1.0,2.555850028991699,0.0,0.0,13.0,3.000000142492354,3.0590001452947035,14.000000208616257,-310.0,0.0,0.0,-7.396937847137451,0.0,0.0,0.0,1.0,55.0,1050.0,60.0,98.0,0.0,11.0,0.0,0.0,11.0,11.0,1867.0,113.1515121459961,0.0,0.0,0.0,0.0,0.0,0.0,0.0,0.0,0.0,0.0,0.0,0.0,0.0,0.0,0.0,0.0,13.0,0.0,0.0,0.0,2.0,0
111.8010025024414,50.0,959.0,47.0,45073.0,0.0,0.0,0.0,45.0,66.0,9.0,0.0,100.0,100.0,100.0,103.0,100.0,103.0,100.0,50.0,50.0,0.0,3.098000147147104,3.098000147147104,3.098000147147104,3.098000147147104,14.70000021904707,1.0,2.475818395614624,0.0,0.0,14.0,3.000000142492354,3.016000143252313,14.000000208616257,-310.0,0.0,0.0,-7.396937847137451,0.0,0.0,0.0,1.0,55.0,1050.0,91.0,98.0,0.0,11.0,0.0,0.0,11.0,11.0,1867.0,116.80917358398438,0.0,0.0,0.0,0.0,0.0,0.0,0.0,0.0,0.0,0.0,0.0,0.0,0.0,0.0,0.0,0.0,14.0,0.0,0.0,0.0,2.0,0
111.86699676513672,50.0,959.0,49.0,46991.0,0.0,0.0,0.0,45.0,66.0,9.0,0.0,100.0,100.0,100.0,103.0,100.0,103.0,100.0,50.0,50.0,0.0,3.208000152371824,3.208000152371824,3.208000152371824,3.208000152371824,14.70000021904707,1.0,2.5637266635894775,0.0,0.0,14.0,3.000000142492354,2.9130001383600757,14.000000208616257,-310.0,0.0,0.0,-7.1068620681762695,0.0,0.0,0.0,1.0,68.0,1050.0,91.0,98.0,0.0,11.0,0.0,0.0,11.0,11.0,1867.0,116.80917358398438,0.0,0.0,0.0,0.0,0.0,0.0,0.0,0.0,0.0,0.0,0.0,0.0,0.0,0.0,0.0,0.0,14.0,0.0,0.0,0.0,2.0,0
111.93599700927734,50.0,927.0,51.0,47277.0,0.0,0.0,0.0,45.0,66.0,9.0,0.0,100.0,100.0,100.0,103.0,100.0,103.0,100.0,50.0,50.0,0.0,3.282000155886635,3.282000155886635,3.282000155886635,3.282000155886635,14.70000021904707,1.0,2.5353450775146484,0.0,0.0,14.0,3.000000142492354,3.0140001431573182,14.000000208616257,0.0,0.0,0.0,-6.81678581237793,0.0,0.0,0.0,1.0,68.0,1050.0,123.0,98.0,0.0,11.0,0.0,0.0,11.0,11.0,1867.0,120.84142303466797,0.0,0.0,0.0,0.0,0.0,0.0,0.0,0.0,0.0,0.0,0.0,0.0,0.0,0.0,0.0,0.0,14.0,0.0,0.0,0.0,2.0,0
112.00199890136719,50.0,927.0,52.0,48204.0,0.0,0.0,0.0,45.0,66.0,9.0,0.0,100.0,100.0,100.0,103.0,100.0,103.0,100.0,50.0,50.0,0.0,3.355000159353949,3.355000159353949,3.355000159353949,3.355000159353949,14.70000021904707,1.0,2.5917375087738037,0.0,0.0,14.0,3.000000142492354,3.0880001466721296,14.000000208616257,0.0,0.0,0.0,-6.671748161315918,0.0,0.0,0.0,1.0,68.0,1050.0,123.0,98.0,0.0,11.0,0.0,0.0,11.0,11.0,1867.0,120.84142303466797,0.0,0.0,0.0,0.0,0.0,0.0,0.0,0.0,0.0,0.0,0.0,0.0,0.0,0.0,0.0,0.0,14.0,0.0,0.0,0.0,2.0,0
112.06800079345703,51.0,909.0,54.0,49086.0,0.0,0.0,0.0,45.0,66.0,9.0,0.0,100.0,100.0,100.0,103.0,100.0,103.0,100.0,50.0,50.0,0.0,3.428000162821263,3.428000162821263,3.428000162821263,3.428000162821263,14.70000021904707,1.0,2.596709966659546,0.0,0.0,14.0,3.000000142492354,3.016000143252313,14.000000208616257,-320.0,0.0,0.0,-6.381671905517578,0.0,0.0,0.0,1.0,68.0,1050.0,141.0,98.0,0.0,11.0,0.0,0.0,11.0,11.0,1864.0,123.03630065917969,0.0,0.0,0.0,0.0,0.0,0.0,0.0,0.0,0.0,0.0,0.0,0.0,0.0,0.0,0.0,0.0,14.0,0.0,0.0,0.0,2.0,0
112.13400268554688,51.0,909.0,54.0,49086.0,0.0,0.0,0.0,45.0,66.0,9.0,0.0,100.0,100.0,100.0,103.0,100.0,103.0,100.0,50.0,50.0,0.0,3.428000162821263,3.428000162821263,3.428000162821263,3.428000162821263,14.70000021904707,1.0,2.596709966659546,0.0,0.0,14.0,3.000000142492354,3.0880001466721296,14.000000208616257,-180.0,0.0,0.0,-6.381671905517578,0.0,0.0,0.0,1.0,76.0,1050.0,141.0,98.0,0.0,11.0,0.0,0.0,11.0,11.0,1864.0,123.03630065917969,0.0,0.0,0.0,0.0,0.0,0.0,0.0,0.0,0.0,0.0,0.0,0.0,0.0,0.0,0.0,0.0,14.0,0.0,0.0,0.0,2.0,0
112.1989974975586,51.0,907.0,56.0,50792.0,0.0,0.0,0.0,45.0,66.0,9.0,0.0,100.0,100.0,100.0,103.0,100.0,103.0,100.0,50.0,50.0,0.0,3.5380001680459827,3.5380001680459827,3.5380001680459827,3.5380001680459827,14.70000021904707,1.0,2.674138307571411,0.0,0.0,14.0,3.000000142492354,3.016000143252313,14.000000208616257,-180.0,0.0,0.0,-6.0915961265563965,0.0,0.0,0.0,1.0,76.0,1050.0,143.0,98.0,0.0,11.0,0.0,0.0,11.0,11.0,1864.0,123.30760955810547,0.0,0.0,0.0,0.0,0.0,0.0,0.0,0.0,0.0,0.0,0.0,0.0,0.0,0.0,0.0,0.0,14.0,0.0,0.0,0.0,2.0,0
112.26799774169922,51.0,907.0,57.0,51699.0,0.0,0.0,0.0,45.0,66.0,9.0,0.0,100.0,100.0,100.0,103.0,100.0,103.0,100.0,50.0,50.0,0.0,3.5750001698033884,3.5750001698033884,3.5750001698033884,3.5750001698033884,14.70000021904707,1.0,2.702104091644287,0.0,0.0,14.0,3.000000142492354,3.0350001441547647,14.000000208616257,-20.0,0.0,0.0,-5.946557998657227,0.0,0.0,0.0,1.0,76.0,1050.0,143.0,98.0,0.0,11.0,0.0,0.0,11.0,11.0,1864.0,123.30760955810547,0.0,0.0,0.0,0.0,0.0,0.0,0.0,0.0,0.0,0.0,0.0,0.0,0.0,0.0,0.0,0.0,14.0,0.0,0.0,0.0,2.0,0
112.33399963378906,51.0,922.0,58.0,53476.0,0.0,0.0,0.0,45.0,66.0,9.0,0.0,100.0,100.0,100.0,103.0,100.0,103.0,100.0,50.0,50.0,0.0,3.612000171560794,3.612000171560794,3.612000171560794,3.612000171560794,14.70000021904707,1.0,2.7752199172973633,0.0,0.0,14.0,3.000000142492354,3.397000161348842,14.000000208616257,150.0,0.0,0.0,-5.801519870758057,0.0,0.0,0.0,1.0,76.0,1050.0,128.0,98.0,0.0,11.0,0.0,0.0,11.0,11.0,1864.0,121.30152130126953,0.0,0.0,0.0,0.0,0.0,0.0,0.0,0.0,0.0,0.0,0.0,0.0,0.0,0.0,0.0,0.0,14.0,0.0,0.0,0.0,2.0,0
112.40299987792969,51.0,922.0,58.0,53476.0,0.0,0.0,0.0,45.0,66.0,9.0,0.0,100.0,100.0,100.0,103.0,100.0,103.0,100.0,50.0,50.0,0.0,3.612000171560794,3.612000171560794,3.612000171560794,3.612000171560794,14.70000021904707,1.0,2.7752199172973633,0.0,0.0,14.0,3.000000142492354,3.047000144724734,14.000000208616257,150.0,0.0,0.0,-5.801519870758057,0.0,0.0,0.0,1.0,76.0,1050.0,128.0,98.0,0.0,11.0,0.0,0.0,11.0,11.0,1864.0,121.30152130126953,0.0,0.0,0.0,0.0,0.0,0.0,0.0,0.0,0.0,0.0,0.0,0.0,0.0,0.0,0.0,0.0,14.0,0.0,0.0,0.0,2.0,0
112.47000122070312,51.0,961.0,57.0,54777.0,0.0,0.0,0.0,45.0,66.0,9.0,0.0,100.0,100.0,100.0,103.0,100.0,103.0,100.0,50.0,50.0,0.0,3.5750001698033884,3.5750001698033884,3.5750001698033884,3.5750001698033884,14.70000021904707,1.0,2.8629791736602783,0.0,0.0,13.0,3.000000142492354,3.1920001516118646,14.000000208616257,0.0,0.0,0.0,-5.946557998657227,0.0,0.0,0.0,1.0,76.0,1050.0,89.0,98.0,0.0,11.0,0.0,0.0,11.0,11.0,1864.0,116.37876892089844,0.0,0.0,0.0,0.0,0.0,0.0,0.0,0.0,0.0,0.0,0.0,0.0,0.0,0.0,0.0,0.0,13.0,0.0,0.0,0.0,2.0,0
112.53600311279297,51.0,961.0,57.0,54777.0,0.0,0.0,0.0,45.0,66.0,9.0,0.0,100.0,100.0,100.0,103.0,100.0,103.0,100.0,50.0,50.0,0.0,3.5750001698033884,3.5750001698033884,3.5750001698033884,3.5750001698033884,14.70000021904707,1.0,2.8629791736602783,0.0,0.0,13.0,3.000000142492354,3.0430001445347443,14.000000208616257,390.0,0.0,0.0,-5.946557998657227,0.0,0.0,0.0,1.0,76.0,1050.0,89.0,98.0,0.0,11.0,0.0,0.0,11.0,11.0,1864.0,116.37876892089844,0.0,0.0,0.0,0.0,0.0,0.0,0.0,0.0,0.0,0.0,0.0,0.0,0.0,0.0,0.0,0.0,13.0,0.0,0.0,0.0,2.0,0
112.60399627685547,51.0,1004.0,56.0,56224.0,0.0,0.0,0.0,45.0,66.0,9.0,0.0,100.0,100.0,100.0,103.0,100.0,103.0,100.0,50.0,50.0,0.0,3.5380001680459827,3.5380001680459827,3.5380001680459827,3.5380001680459827,14.70000021904707,1.0,2.9601266384124756,0.0,0.0,13.0,3.000000142492354,3.144000149331987,14.000000208616257,390.0,0.0,0.0,-6.0915961265563965,0.0,0.0,0.0,1.0,76.0,1050.0,46.0,98.0,0.0,11.0,0.0,0.0,11.0,11.0,1864.0,111.39442443847656,0.0,0.0,0.0,0.0,0.0,0.0,0.0,0.0,0.0,0.0,0.0,0.0,0.0,0.0,0.0,0.0,13.0,0.0,0.0,0.0,2.0,0
112.66999816894531,51.0,1004.0,56.0,56224.0,0.0,0.0,0.0,45.0,66.0,9.0,0.0,100.0,100.0,100.0,103.0,100.0,103.0,100.0,50.0,50.0,0.0,3.5380001680459827,3.5380001680459827,3.5380001680459827,3.5380001680459827,14.70000021904707,1.0,2.9601266384124756,0.0,0.0,13.0,3.000000142492354,3.0170001432998106,14.000000208616257,430.0,0.0,0.0,-6.0915961265563965,0.0,0.0,0.0,1.0,76.0,1050.0,46.0,98.0,0.0,11.0,0.0,0.0,11.0,11.0,1864.0,111.39442443847656,0.0,0.0,0.0,0.0,0.0,0.0,0.0,0.0,0.0,0.0,0.0,0.0,0.0,0.0,0.0,0.0,13.0,0.0,0.0,0.0,2.0,0
112.73500061035156,51.0,1038.0,55.0,57090.0,0.0,0.0,0.0,45.0,66.0,9.0,0.0,100.0,100.0,100.0,103.0,100.0,103.0,100.0,50.0,50.0,0.0,3.4650001645786688,3.4650001645786688,3.4650001645786688,3.4650001645786688,14.70000021904707,1.0,2.997225046157837,0.0,0.0,13.0,3.000000142492354,3.2850001560291275,14.000000208616257,340.0,0.0,0.0,-6.236633777618408,0.0,0.0,0.0,1.0,60.0,1050.0,12.0,98.0,0.0,11.0,0.0,0.0,11.0,11.0,1864.0,107.74566650390625,0.0,0.0,0.0,0.0,0.0,0.0,0.0,0.0,0.0,0.0,0.0,0.0,0.0,0.0,0.0,0.0,13.0,0.0,0.0,0.0,2.0,0
112.802001953125,51.0,1061.0,52.0,55172.0,0.0,0.0,0.0,45.0,66.0,9.0,0.0,100.0,100.0,100.0,103.0,100.0,103.0,100.0,50.0,50.0,0.0,3.355000159353949,3.355000159353949,3.355000159353949,3.355000159353949,14.70000021904707,1.0,2.966379165649414,0.0,0.0,13.0,3.000000142492354,3.0720001459121704,14.000000208616257,340.0,0.0,0.0,-6.671748161315918,0.0,0.0,0.0,1.0,60.0,1050.0,-11.0,98.0,0.0,11.0,0.0,0.0,11.0,11.0,1864.0,105.40998840332031,0.0,0.0,0.0,0.0,0.0,0.0,0.0,0.0,0.0,0.0,0.0,0.0,0.0,0.0,0.0,0.0,13.0,0.0,0.0,0.0,2.0,0
112.87100219726562,51.0,1061.0,50.0,53050.0,0.0,0.0,0.0,45.0,66.0,9.0,0.0,100.0,100.0,100.0,103.0,100.0,103.0,100.0,50.0,50.0,0.0,3.246000154176727,3.246000154176727,3.246000154176727,3.246000154176727,14.70000021904707,1.0,2.870004892349243,0.0,0.0,13.0,3.000000142492354,3.02900014386978,14.000000208616257,230.0,0.0,0.0,-6.9618239402771,0.0,0.0,0.0,1.0,60.0,1050.0,-11.0,98.0,0.0,11.0,0.0,0.0,11.0,11.0,1864.0,105.40998840332031,0.0,0.0,0.0,0.0,0.0,0.0,0.0,0.0,0.0,0.0,0.0,0.0,0.0,0.0,0.0,0.0,13.0,0.0,0.0,0.0,2.0,0
112.87100219726562,51.0,1071.0,49.0,52479.0,0.0,0.0,0.0,45.0,66.0,9.0,0.0,100.0,100.0,100.0,103.0,100.0,103.0,100.0,50.0,50.0,0.0,3.208000152371824,3.208000152371824,3.208000152371824,3.208000152371824,14.70000021904707,1.0,2.863140106201172,0.0,0.0,13.0,3.000000142492354,2.9770001413999125,14.000000208616257,100.0,0.0,0.0,-7.1068620681762695,0.0,0.0,0.0,1.0,60.0,1050.0,-21.0,98.0,0.0,11.0,0.0,0.0,11.0,11.0,1864.0,104.42577362060547,0.0,0.0,0.0,0.0,0.0,0.0,0.0,0.0,0.0,0.0,0.0,0.0,0.0,0.0,0.0,0.0,13.0,0.0,0.0,0.0,2.0,0
113.0009994506836,51.0,1071.0,49.0,52479.0,0.0,0.0,0.0,45.0,66.0,9.0,0.0,100.0,100.0,100.0,103.0,100.0,103.0,100.0,50.0,50.0,0.0,3.208000152371824,3.208000152371824,3.208000152371824,3.208000152371824,14.70000021904707,1.0,2.863140106201172,0.0,0.0,13.0,3.000000142492354,3.0190001433948055,14.000000208616257,100.0,0.0,0.0,-7.1068620681762695,0.0,0.0,0.0,1.0,60.0,1050.0,-21.0,98.0,0.0,11.0,0.0,0.0,11.0,11.0,1864.0,104.42577362060547,0.0,0.0,0.0,0.0,0.0,0.0,0.0,0.0,0.0,0.0,0.0,0.0,0.0,0.0,0.0,0.0,13.0,0.0,0.0,0.0,2.0,0
113.06800079345703,52.0,1057.0,48.0,50736.0,0.0,0.0,0.0,45.0,66.0,9.0,0.0,100.0,100.0,100.0,103.0,100.0,103.0,100.0,50.0,50.0,0.0,3.13500014890451,3.13500014890451,3.13500014890451,3.13500014890451,14.70000021904707,1.0,2.7614123821258545,0.0,0.0,13.0,3.000000142492354,3.036000144202262,14.000000208616257,-140.0,0.0,0.0,-7.2519001960754395,0.0,0.0,0.0,1.0,58.0,1050.0,-7.0,98.0,0.0,11.0,0.0,0.0,11.0,11.0,1869.0,106.09271240234375,0.0,0.0,0.0,0.0,0.0,0.0,0.0,0.0,0.0,0.0,0.0,0.0,0.0,0.0,0.0,0.0,13.0,0.0,0.0,0.0,2.0,0
113.13200378417969,52.0,1034.0,48.0,49632.0,0.0,0.0,0.0,45.0,66.0,9.0,0.0,100.0,100.0,100.0,103.0,100.0,103.0,100.0,50.0,50.0,0.0,3.13500014890451,3.13500014890451,3.13500014890451,3.13500014890451,14.70000021904707,1.0,2.701324939727783,0.0,0.0,13.0,3.000000142492354,3.016000143252313,14.000000208616257,-230.0,0.0,0.0,-7.2519001960754395,0.0,0.0,0.0,1.0,58.0,1050.0,16.0,98.0,0.0,11.0,0.0,0.0,11.0,11.0,1869.0,108.4526138305664,0.0,0.0,0.0,0.0,0.0,0.0,0.0,0.0,0.0,0.0,0.0,0.0,0.0,0.0,0.0,0.0,13.0,0.0,0.0,0.0,2.0,0
113.1989974975586,52.0,1034.0,47.0,48598.0,0.0,0.0,0.0,45.0,66.0,9.0,0.0,100.0,100.0,100.0,103.0,100.0,103.0,100.0,50.0,50.0,0.0,3.098000147147104,3.098000147147104,3.098000147147104,3.098000147147104,14.70000021904707,1.0,2.669443368911743,0.0,0.0,13.0,3.000000142492354,3.0860001465771347,14.000000208616257,-230.0,0.0,0.0,-7.396937847137451,0.0,0.0,0.0,1.0,58.0,1050.0,16.0,98.0,0.0,11.0,0.0,0.0,11.0,11.0,1869.0,108.4526138305664,0.0,0.0,0.0,0.0,0.0,0.0,0.0,0.0,0.0,0.0,0.0,0.0,0.0,0.0,0.0,0.0,13.0,0.0,0.0,0.0,2.0,0
113.26799774169922,52.0,1008.0,47.0,47376.0,0.0,0.0,0.0,45.0,66.0,9.0,0.0,100.0,100.0,100.0,103.0,100.0,103.0,100.0,50.0,50.0,0.0,3.098000147147104,3.098000147147104,3.098000147147104,3.098000147147104,14.70000021904707,1.0,2.6023199558258057,0.0,0.0,13.0,3.000000142492354,2.8600001358427107,14.000000208616257,0.0,0.0,0.0,-7.396937847137451,0.0,0.0,0.0,1.0,58.0,1050.0,42.0,98.0,0.0,11.0,0.0,0.0,11.0,11.0,1869.0,111.25,0.0,0.0,0.0,0.0,0.0,0.0,0.0,0.0,0.0,0.0,0.0,0.0,0.0,0.0,0.0,0.0,13.0,0.0,0.0,0.0,2.0,0
113.33399963378906,52.0,1008.0,47.0,47376.0,0.0,0.0,0.0,45.0,66.0,9.0,0.0,100.0,100.0,100.0,103.0,100.0,103.0,100.0,50.0,50.0,0.0,3.098000147147104,3.098000147147104,3.098000147147104,3.098000147147104,14.70000021904707,1.0,2.6023199558258057,0.0,0.0,13.0,3.000000142492354,3.0080001428723335,14.000000208616257,-260.0,0.0,0.0,-7.396937847137451,0.0,0.0,0.0,1.0,58.0,1050.0,42.0,98.0,0.0,11.0,0.0,0.0,11.0,11.0,1869.0,111.25,0.0,0.0,0.0,0.0,0.0,0.0,0.0,0.0,0.0,0.0,0.0,0.0,0.0,0.0,0.0,0.0,13.0,0.0,0.0,0.0,2.0,0
113.40299987792969,52.0,986.0,48.0,47328.0,0.0,0.0,0.0,45.0,66.0,9.0,0.0,100.0,100.0,100.0,103.0,100.0,103.0,100.0,50.0,50.0,0.0,3.13500014890451,3.13500014890451,3.13500014890451,3.13500014890451,14.70000021904707,1.0,2.57592511177063,0.0,0.0,13.0,3.000000142492354,3.0790001462446526,14.000000208616257,-260.0,0.0,0.0,-7.2519001960754395,0.0,0.0,0.0,1.0,66.0,1050.0,64.0,98.0,0.0,11.0,0.0,0.0,11.0,11.0,1869.0,113.73225402832031,0.0,0.0,0.0,0.0,0.0,0.0,0.0,0.0,0.0,0.0,0.0,0.0,0.0,0.0,0.0,0.0,13.0,0.0,0.0,0.0,2.0,0
113.46900177001953,52.0,986.0,50.0,49300.0,0.0,0.0,0.0,45.0,66.0,9.0,0.0,100.0,100.0,100.0,103.0,100.0,103.0,100.0,50.0,50.0,0.0,3.246000154176727,3.246000154176727,3.246000154176727,3.246000154176727,14.70000021904707,1.0,2.6671299934387207,0.0,0.0,13.0,3.000000142492354,3.0080001428723335,14.000000208616257,-220.0,0.0,0.0,-6.9618239402771,0.0,0.0,0.0,1.0,66.0,1050.0,64.0,98.0,0.0,11.0,0.0,0.0,11.0,11.0,1869.0,113.73225402832031,0.0,0.0,0.0,0.0,0.0,0.0,0.0,0.0,0.0,0.0,0.0,0.0,0.0,0.0,0.0,0.0,13.0,0.0,0.0,0.0,2.0,0
113.53399658203125,52.0,962.0,50.0,48100.0,0.0,0.0,0.0,45.0,66.0,9.0,0.0,100.0,100.0,100.0,103.0,100.0,103.0,100.0,50.0,50.0,0.0,3.246000154176727,3.246000154176727,3.246000154176727,3.246000154176727,14.70000021904707,1.0,2.60221004486084,0.0,0.0,13.0,3.000000142492354,3.107000147574581,14.000000208616257,-220.0,0.0,0.0,-6.9618239402771,0.0,0.0,0.0,1.0,66.0,1050.0,88.0,98.0,0.0,11.0,0.0,0.0,11.0,11.0,1869.0,116.56964874267578,0.0,0.0,0.0,0.0,0.0,0.0,0.0,0.0,0.0,0.0,0.0,0.0,0.0,0.0,0.0,0.0,13.0,0.0,0.0,0.0,2.0,0
113.5989990234375,52.0,962.0,51.0,49062.0,0.0,0.0,0.0,45.0,66.0,9.0,0.0,100.0,100.0,100.0,103.0,100.0,103.0,100.0,50.0,50.0,0.0,3.282000155886635,3.282000155886635,3.282000155886635,3.282000155886635,14.70000021904707,1.0,2.6310698986053467,0.0,0.0,13.0,3.000000142492354,3.022000143537298,14.000000208616257,-240.0,0.0,0.0,-6.81678581237793,0.0,0.0,0.0,1.0,66.0,1050.0,88.0,98.0,0.0,11.0,0.0,0.0,11.0,11.0,1869.0,116.56964874267578,0.0,0.0,0.0,0.0,0.0,0.0,0.0,0.0,0.0,0.0,0.0,0.0,0.0,0.0,0.0,0.0,13.0,0.0,0.0,0.0,2.0,0
113.66899871826172,52.0,949.0,53.0,50297.0,0.0,0.0,0.0,45.0,66.0,9.0,0.0,100.0,100.0,100.0,103.0,100.0,103.0,100.0,50.0,50.0,0.0,3.392000161111355,3.392000161111355,3.392000161111355,3.392000161111355,14.70000021904707,1.0,2.682506561279297,0.0,0.0,14.0,3.000000142492354,3.2050001522293314,14.000000208616257,-130.0,0.0,0.0,-6.526710033416748,0.0,0.0,0.0,1.0,75.0,1050.0,101.0,98.0,0.0,11.0,0.0,0.0,11.0,11.0,1869.0,118.16648864746094,0.0,0.0,0.0,0.0,0.0,0.0,0.0,0.0,0.0,0.0,0.0,0.0,0.0,0.0,0.0,0.0,14.0,0.0,0.0,0.0,2.0,0
113.66899871826172,52.0,949.0,54.0,51246.0,0.0,0.0,0.0,45.0,66.0,9.0,0.0,100.0,100.0,100.0,103.0,100.0,103.0,100.0,50.0,50.0,0.0,3.428000162821263,3.428000162821263,3.428000162821263,3.428000162821263,14.70000021904707,1.0,2.7109766006469727,0.0,0.0,14.0,3.000000142492354,3.018000143347308,14.000000208616257,-130.0,0.0,0.0,-6.381671905517578,0.0,0.0,0.0,1.0,75.0,1050.0,101.0,98.0,0.0,11.0,0.0,0.0,11.0,11.0,1869.0,118.16648864746094,0.0,0.0,0.0,0.0,0.0,0.0,0.0,0.0,0.0,0.0,0.0,0.0,0.0,0.0,0.0,0.0,14.0,0.0,0.0,0.0,2.0,0
113.80000305175781,52.0,945.0,55.0,51975.0,0.0,0.0,0.0,45.0,66.0,9.0,0.0,100.0,100.0,100.0,103.0,100.0,103.0,100.0,50.0,50.0,0.0,3.4650001645786688,3.4650001645786688,3.4650001645786688,3.4650001645786688,14.70000021904707,1.0,2.7286875247955322,0.0,0.0,14.0,3.000000142492354,3.1140001479070634,14.000000208616257,0.0,0.0,0.0,-6.236633777618408,0.0,0.0,0.0,1.0,75.0,1050.0,105.0,98.0,0.0,11.0,0.0,0.0,11.0,11.0,1869.0,118.66666412353516,0.0,0.0,0.0,0.0,0.0,0.0,0.0,0.0,0.0,0.0,0.0,0.0,0.0,0.0,0.0,0.0,14.0,0.0,0.0,0.0,2.0,0
113.87000274658203,52.0,945.0,56.0,52920.0,0.0,0.0,0.0,45.0,66.0,9.0,0.0,100.0,100.0,100.0,103.0,100.0,103.0,100.0,50.0,50.0,0.0,3.5380001680459827,3.5380001680459827,3.5380001680459827,3.5380001680459827,14.70000021904707,1.0,2.786175012588501,0.0,0.0,14.0,3.000000142492354,3.016000143252313,14.000000208616257,-40.0,0.0,0.0,-6.0915961265563965,0.0,0.0,0.0,1.0,75.0,1050.0,105.0,98.0,0.0,11.0,0.0,0.0,11.0,11.0,1869.0,118.66666412353516,0.0,0.0,0.0,0.0,0.0,0.0,0.0,0.0,0.0,0.0,0.0,0.0,0.0,0.0,0.0,0.0,14.0,0.0,0.0,0.0,2.0,0
113.93599700927734,52.0,962.0,56.0,53872.0,0.0,0.0,0.0,45.0,66.0,9.0,0.0,100.0,100.0,100.0,103.0,100.0,103.0,100.0,50.0,50.0,0.0,3.5380001680459827,3.5380001680459827,3.5380001680459827,3.5380001680459827,14.70000021904707,1.0,2.836296558380127,0.0,0.0,13.0,3.000000142492354,3.206000152276829,14.000000208616257,-40.0,0.0,0.0,-6.0915961265563965,0.0,0.0,0.0,1.0,75.0,1050.0,88.0,98.0,0.0,11.0,0.0,0.0,11.0,11.0,1869.0,116.56964874267578,0.0,0.0,0.0,0.0,0.0,0.0,0.0,0.0,0.0,0.0,0.0,0.0,0.0,0.0,0.0,0.0,13.0,0.0,0.0,0.0,2.0,0
114.0009994506836,52.0,987.0,56.0,55272.0,0.0,0.0,0.0,45.0,66.0,9.0,0.0,100.0,100.0,100.0,103.0,100.0,103.0,100.0,50.0,50.0,0.0,3.5380001680459827,3.5380001680459827,3.5380001680459827,3.5380001680459827,14.70000021904707,1.0,2.9100050926208496,0.0,0.0,13.0,3.000000142492354,3.018000143347308,14.000000208616257,170.0,0.0,0.0,-6.0915961265563965,0.0,0.0,0.0,1.0,74.0,1050.0,63.0,98.0,0.0,11.0,0.0,0.0,11.0,11.0,1869.0,113.61701965332031,0.0,0.0,0.0,0.0,0.0,0.0,0.0,0.0,0.0,0.0,0.0,0.0,0.0,0.0,0.0,0.0,13.0,0.0,0.0,0.0,2.0,0
114.07099914550781,53.0,987.0,56.0,55272.0,0.0,0.0,0.0,45.0,66.0,9.0,0.0,100.0,100.0,100.0,103.0,100.0,103.0,100.0,50.0,50.0,0.0,3.5380001680459827,3.5380001680459827,3.5380001680459827,3.5380001680459827,14.70000021904707,1.0,2.9100050926208496,0.0,0.0,13.0,3.000000142492354,3.0520001449622214,14.000000208616257,250.0,0.0,0.0,-6.0915961265563965,0.0,0.0,0.0,1.0,74.0,1050.0,63.0,98.0,0.0,11.0,0.0,0.0,11.0,11.0,1868.0,113.55622863769531,0.0,0.0,0.0,0.0,0.0,0.0,0.0,0.0,0.0,0.0,0.0,0.0,0.0,0.0,0.0,0.0,13.0,0.0,0.0,0.0,2.0,0
114.13600158691406,53.0,1017.0,55.0,55935.0,0.0,0.0,0.0,45.0,66.0,9.0,0.0,100.0,100.0,100.0,103.0,100.0,103.0,100.0,50.0,50.0,0.0,3.4650001645786688,3.4650001645786688,3.4650001645786688,3.4650001645786688,14.70000021904707,1.0,2.9365875720977783,0.0,0.0,13.0,3.000000142492354,3.1500001496169716,14.000000208616257,250.0,0.0,0.0,-6.236633777618408,0.0,0.0,0.0,1.0,74.0,1050.0,33.0,98.0,0.0,11.0,0.0,0.0,11.0,11.0,1868.0,110.20648956298828,0.0,0.0,0.0,0.0,0.0,0.0,0.0,0.0,0.0,0.0,0.0,0.0,0.0,0.0,0.0,0.0,13.0,0.0,0.0,0.0,2.0,0
114.20600128173828,53.0,1017.0,55.0,55935.0,0.0,0.0,0.0,45.0,66.0,9.0,0.0,100.0,100.0,100.0,103.0,100.0,103.0,100.0,50.0,50.0,0.0,3.4650001645786688,3.4650001645786688,3.4650001645786688,3.4650001645786688,14.70000021904707,1.0,2.9365875720977783,0.0,0.0,13.0,3.000000142492354,3.02900014386978,14.000000208616257,300.0,0.0,0.0,-6.236633777618408,0.0,0.0,0.0,1.0,74.0,1050.0,33.0,98.0,0.0,11.0,0.0,0.0,11.0,11.0,1868.0,110.20648956298828,0.0,0.0,0.0,0.0,0.0,0.0,0.0,0.0,0.0,0.0,0.0,0.0,0.0,0.0,0.0,0.0,13.0,0.0,0.0,0.0,2.0,0
114.2750015258789,53.0,1043.0,54.0,56322.0,0.0,0.0,0.0,45.0,66.0,9.0,0.0,100.0,100.0,100.0,103.0,100.0,103.0,100.0,50.0,50.0,0.0,3.428000162821263,3.428000162821263,3.428000162821263,3.428000162821263,14.70000021904707,1.0,2.9795033931732178,0.0,0.0,13.0,3.000000142492354,3.155000149854459,14.000000208616257,260.0,0.0,0.0,-6.381671905517578,0.0,0.0,0.0,1.0,63.0,1050.0,7.0,98.0,0.0,11.0,0.0,0.0,11.0,11.0,1868.0,107.4592514038086,0.0,0.0,0.0,0.0,0.0,0.0,0.0,0.0,0.0,0.0,0.0,0.0,0.0,0.0,0.0,0.0,13.0,0.0,0.0,0.0,2.0,0
114.33699798583984,53.0,1043.0,52.0,54236.0,0.0,0.0,0.0,45.0,66.0,9.0,0.0,100.0,100.0,100.0,103.0,100.0,103.0,100.0,50.0,50.0,0.0,3.355000159353949,3.355000159353949,3.355000159353949,3.355000159353949,14.70000021904707,1.0,2.9160542488098145,0.0,0.0,13.0,3.000000142492354,3.0170001432998106,14.000000208616257,260.0,0.0,0.0,-6.671748161315918,0.0,0.0,0.0,1.0,63.0,1050.0,7.0,98.0,0.0,11.0,0.0,0.0,11.0,11.0,1868.0,107.4592514038086,0.0,0.0,0.0,0.0,0.0,0.0,0.0,0.0,0.0,0.0,0.0,0.0,0.0,0.0,0.0,0.0,13.0,0.0,0.0,0.0,2.0,0
114.40299987792969,53.0,1057.0,50.0,52850.0,0.0,0.0,0.0,45.0,66.0,9.0,0.0,100.0,100.0,100.0,103.0,100.0,103.0,100.0,50.0,50.0,0.0,3.246000154176727,3.246000154176727,3.246000154176727,3.246000154176727,14.70000021904707,1.0,2.859184980392456,0.0,0.0,13.0,3.000000142492354,3.107000147574581,14.000000208616257,140.0,0.0,0.0,-6.9618239402771,0.0,0.0,0.0,1.0,63.0,1050.0,-7.0,98.0,0.0,11.0,0.0,0.0,11.0,11.0,1868.0,106.03594970703125,0.0,0.0,0.0,0.0,0.0,0.0,0.0,0.0,0.0,0.0,0.0,0.0,0.0,0.0,0.0,0.0,13.0,0.0,0.0,0.0,2.0,0
114.46900177001953,53.0,1060.0,50.0,53000.0,0.0,0.0,0.0,45.0,66.0,9.0,0.0,100.0,100.0,100.0,103.0,100.0,103.0,100.0,50.0,50.0,0.0,3.246000154176727,3.246000154176727,3.246000154176727,3.246000154176727,14.70000021904707,1.0,2.867300033569336,0.0,0.0,13.0,3.000000142492354,2.963000140734948,14.000000208616257,0.0,0.0,0.0,-6.9618239402771,0.0,0.0,0.0,1.0,63.0,1050.0,-10.0,98.0,0.0,11.0,0.0,0.0,11.0,11.0,1868.0,105.73584747314453,0.0,0.0,0.0,0.0,0.0,0.0,0.0,0.0,0.0,0.0,0.0,0.0,0.0,0.0,0.0,0.0,13.0,0.0,0.0,0.0,2.0,0
114.53399658203125,53.0,1060.0,49.0,51940.0,0.0,0.0,0.0,45.0,66.0,9.0,0.0,100.0,100.0,100.0,103.0,100.0,103.0,100.0,50.0,50.0,0.0,3.208000152371824,3.208000152371824,3.208000152371824,3.208000152371824,14.70000021904707,1.0,2.833733320236206,0.0,0.0,13.0,3.000000142492354,3.0080001428723335,14.000000208616257,0.0,0.0,0.0,-7.1068620681762695,0.0,0.0,0.0,1.0,63.0,1050.0,-10.0,98.0,0.0,11.0,0.0,0.0,11.0,11.0,1868.0,105.73584747314453,0.0,0.0,0.0,0.0,0.0,0.0,0.0,0.0,0.0,0.0,0.0,0.0,0.0,0.0,0.0,0.0,13.0,0.0,0.0,0.0,2.0,0
114.60299682617188,53.0,1042.0,49.0,51058.0,0.0,0.0,0.0,45.0,66.0,9.0,0.0,100.0,100.0,100.0,103.0,100.0,103.0,100.0,50.0,50.0,0.0,3.208000152371824,3.208000152371824,3.208000152371824,3.208000152371824,14.70000021904707,1.0,2.7856132984161377,0.0,0.0,13.0,3.000000142492354,3.0790001462446526,14.000000208616257,30.0,0.0,0.0,-7.1068620681762695,0.0,0.0,0.0,1.0,61.0,1050.0,8.0,98.0,0.0,11.0,0.0,0.0,11.0,11.0,1868.0,107.5623779296875,0.0,0.0,0.0,0.0,0.0,0.0,0.0,0.0,0.0,0.0,0.0,0.0,0.0,0.0,0.0,0.0,13.0,0.0,0.0,0.0,2.0,0
114.66799926757812,53.0,1042.0,49.0,51058.0,0.0,0.0,0.0,45.0,66.0,9.0,0.0,100.0,100.0,100.0,103.0,100.0,103.0,100.0,50.0,50.0,0.0,3.208000152371824,3.208000152371824,3.208000152371824,3.208000152371824,14.70000021904707,1.0,2.7856132984161377,0.0,0.0,13.0,3.000000142492354,3.016000143252313,14.000000208616257,-180.0,0.0,0.0,-7.1068620681762695,0.0,0.0,0.0,1.0,61.0,1050.0,8.0,98.0,0.0,11.0,0.0,0.0,11.0,11.0,1868.0,107.5623779296875,0.0,0.0,0.0,0.0,0.0,0.0,0.0,0.0,0.0,0.0,0.0,0.0,0.0,0.0,0.0,0.0,13.0,0.0,0.0,0.0,2.0,0
114.73400115966797,53.0,1023.0,49.0,50127.0,0.0,0.0,0.0,45.0,66.0,9.0,0.0,100.0,100.0,100.0,103.0,100.0,103.0,100.0,50.0,50.0,0.0,3.208000152371824,3.208000152371824,3.208000152371824,3.208000152371824,14.70000021904707,1.0,2.7348198890686035,0.0,0.0,13.0,3.000000142492354,2.9620001406874508,14.000000208616257,-180.0,0.0,0.0,-7.1068620681762695,0.0,0.0,0.0,1.0,61.0,1050.0,27.0,98.0,0.0,11.0,0.0,0.0,11.0,11.0,1868.0,109.56011962890625,0.0,0.0,0.0,0.0,0.0,0.0,0.0,0.0,0.0,0.0,0.0,0.0,0.0,0.0,0.0,0.0,13.0,0.0,0.0,0.0,2.0,0
114.80400085449219,53.0,1023.0,49.0,50127.0,0.0,0.0,0.0,45.0,66.0,9.0,0.0,100.0,100.0,100.0,103.0,100.0,103.0,100.0,50.0,50.0,0.0,3.208000152371824,3.208000152371824,3.208000152371824,3.208000152371824,14.70000021904707,1.0,2.7348198890686035,0.0,0.0,13.0,3.000000142492354,3.0150001432048157,14.000000208616257,-190.0,0.0,0.0,-7.1068620681762695,0.0,0.0,0.0,1.0,61.0,1050.0,27.0,98.0,0.0,11.0,0.0,0.0,11.0,11.0,1868.0,109.56011962890625,0.0,0.0,0.0,0.0,0.0,0.0,0.0,0.0,0.0,0.0,0.0,0.0,0.0,0.0,0.0,0.0,13.0,0.0,0.0,0.0,2.0,0
114.86900329589844,53.0,1008.0,49.0,49392.0,0.0,0.0,0.0,45.0,66.0,9.0,0.0,100.0,100.0,100.0,103.0,100.0,103.0,100.0,50.0,50.0,0.0,3.208000152371824,3.208000152371824,3.208000152371824,3.208000152371824,14.70000021904707,1.0,2.6947200298309326,0.0,0.0,13.0,3.000000142492354,3.1250001484295353,14.000000208616257,-150.0,0.0,0.0,-7.1068620681762695,0.0,0.0,0.0,1.0,69.0,1050.0,42.0,98.0,0.0,11.0,0.0,0.0,11.0,11.0,1868.0,111.19047546386719,0.0,0.0,0.0,0.0,0.0,0.0,0.0,0.0,0.0,0.0,0.0,0.0,0.0,0.0,0.0,0.0,13.0,0.0,0.0,0.0,2.0,0
114.93499755859375,53.0,990.0,50.0,49500.0,0.0,0.0,0.0,45.0,66.0,9.0,0.0,100.0,100.0,100.0,103.0,100.0,103.0,100.0,50.0,50.0,0.0,3.246000154176727,3.246000154176727,3.246000154176727,3.246000154176727,14.70000021904707,1.0,2.677949905395508,0.0,0.0,13.0,3.000000142492354,3.020000143442303,14.000000208616257,-150.0,0.0,0.0,-6.9618239402771,0.0,0.0,0.0,1.0,69.0,1050.0,60.0,98.0,0.0,11.0,0.0,0.0,11.0,11.0,1868.0,113.21212005615234,0.0,0.0,0.0,0.0,0.0,0.0,0.0,0.0,0.0,0.0,0.0,0.0,0.0,0.0,0.0,0.0,13.0,0.0,0.0,0.0,2.0,0
115.00199890136719,53.0,990.0,51.0,50490.0,0.0,0.0,0.0,45.0,66.0,9.0,0.0,100.0,100.0,100.0,103.0,100.0,103.0,100.0,50.0,50.0,0.0,3.282000155886635,3.282000155886635,3.282000155886635,3.282000155886635,14.70000021904707,1.0,2.7076499462127686,0.0,0.0,13.0,3.000000142492354,3.018000143347308,14.000000208616257,-180.0,0.0,0.0,-6.81678581237793,0.0,0.0,0.0,1.0,69.0,1050.0,60.0,98.0,0.0,11.0,0.0,0.0,11.0,11.0,1868.0,113.21212005615234,0.0,0.0,0.0,0.0,0.0,0.0,0.0,0.0,0.0,0.0,0.0,0.0,0.0,0.0,0.0,0.0,13.0,0.0,0.0,0.0,2.0,0
115.06999969482422,54.0,968.0,52.0,50336.0,0.0,0.0,0.0,45.0,66.0,9.0,0.0,100.0,100.0,100.0,103.0,100.0,103.0,100.0,50.0,50.0,0.0,3.355000159353949,3.355000159353949,3.355000159353949,3.355000159353949,14.70000021904707,1.0,2.706366777420044,0.0,0.0,13.0,3.000000142492354,2.9480001400224864,14.000000208616257,-220.0,0.0,0.0,-6.671748161315918,0.0,0.0,0.0,1.0,69.0,1050.0,82.0,98.0,0.0,11.0,0.0,0.0,11.0,11.0,1868.0,115.78512573242188,0.0,0.0,0.0,0.0,0.0,0.0,0.0,0.0,0.0,0.0,0.0,0.0,0.0,0.0,0.0,0.0,13.0,0.0,0.0,0.0,2.0,0
115.13600158691406,54.0,968.0,53.0,51304.0,0.0,0.0,0.0,45.0,66.0,9.0,0.0,100.0,100.0,100.0,103.0,100.0,103.0,100.0,50.0,50.0,0.0,3.392000161111355,3.392000161111355,3.392000161111355,3.392000161111355,14.70000021904707,1.0,2.736213445663452,0.0,0.0,13.0,3.000000142492354,3.0100001429673284,14.000000208616257,-220.0,0.0,0.0,-6.526710033416748,0.0,0.0,0.0,1.0,69.0,1050.0,82.0,98.0,0.0,11.0,0.0,0.0,11.0,11.0,1868.0,115.78512573242188,0.0,0.0,0.0,0.0,0.0,0.0,0.0,0.0,0.0,0.0,0.0,0.0,0.0,0.0,0.0,0.0,13.0,0.0,0.0,0.0,2.0,0
115.20099639892578,54.0,955.0,53.0,50615.0,0.0,0.0,0.0,45.0,66.0,9.0,0.0,100.0,100.0,100.0,103.0,100.0,103.0,100.0,50.0,50.0,0.0,3.392000161111355,3.392000161111355,3.392000161111355,3.392000161111355,14.70000021904707,1.0,2.6994667053222656,0.0,0.0,14.0,3.000000142492354,3.1850001512793824,14.000000208616257,0.0,0.0,0.0,-6.526710033416748,0.0,0.0,0.0,1.0,75.0,1050.0,95.0,98.0,0.0,11.0,0.0,0.0,11.0,11.0,1868.0,117.36125946044922,0.0,0.0,0.0,0.0,0.0,0.0,0.0,0.0,0.0,0.0,0.0,0.0,0.0,0.0,0.0,0.0,14.0,0.0,0.0,0.0,2.0,0
115.2699966430664,54.0,955.0,55.0,52525.0,0.0,0.0,0.0,45.0,66.0,9.0,0.0,100.0,100.0,100.0,103.0,100.0,103.0,100.0,50.0,50.0,0.0,3.4650001645786688,3.4650001645786688,3.4650001645786688,3.4650001645786688,14.70000021904707,1.0,2.7575623989105225,0.0,0.0,14.0,3.000000142492354,3.03300014405977,14.000000208616257,-130.0,0.0,0.0,-6.236633777618408,0.0,0.0,0.0,1.0,75.0,1050.0,95.0,98.0,0.0,11.0,0.0,0.0,11.0,11.0,1868.0,117.36125946044922,0.0,0.0,0.0,0.0,0.0,0.0,0.0,0.0,0.0,0.0,0.0,0.0,0.0,0.0,0.0,0.0,14.0,0.0,0.0,0.0,2.0,0
115.2699966430664,54.0,963.0,55.0,52965.0,0.0,0.0,0.0,45.0,66.0,9.0,0.0,100.0,100.0,100.0,103.0,100.0,103.0,100.0,50.0,50.0,0.0,3.4650001645786688,3.4650001645786688,3.4650001645786688,3.4650001645786688,14.70000021904707,1.0,2.7806625366210938,0.0,0.0,13.0,3.000000142492354,3.0010001425398514,14.000000208616257,-130.0,0.0,0.0,-6.236633777618408,0.0,0.0,0.0,1.0,75.0,1050.0,87.0,98.0,0.0,11.0,0.0,0.0,11.0,11.0,1868.0,116.38629150390625,0.0,0.0,0.0,0.0,0.0,0.0,0.0,0.0,0.0,0.0,0.0,0.0,0.0,0.0,0.0,0.0,13.0,0.0,0.0,0.0,2.0,0
